Risky Sentences,T/F
"We reported net loss of $5.6 million in 2023 compared to net loss of $3.6 million in 2022.Additionally, we reported net losses during several prior years as a result of continued  investment in member acquisition efforts to drive revenue growth.No assurance can be made that we will operate profitably in future periods and, if we do not, we may not be  able to meet any future debt service requirements, working capital requirements, capital expenditure plans, production slate, acquisition plans or other cash needs.Our inability  to meet those needs could have a material adverse effect on our business, financial condition, operating results, liquidity and prospects.If we are not able to manage change and growth, our business could be adversely affected.",N/A
"The Company also has a subsidiary in the People's Republic of China (“China”) to supply kitchenware and tableware products to the  Chinese market and a subsidiary based in Hong Kong to facilitate the sale of its products to Australia, other parts of Asia and smaller  markets elsewhere in the world.The Company has a presence in Canada through a strategic alliance with a Canadian company to  distribute many of the Company's products in Canada.The Company is a Delaware corporation, incorporated on December 22, 1983.The Company's top brands and their respective product categories as of December 31, 2023 are: Brand Licensed/Owned Product Category Farberware® Licensed (1) Kitchenware KitchenAid® Licensed Kitchenware Mikasa® Owned Tableware and Home Solutions Taylor® Owned Kitchenware and Home Solutions Pfaltzgraff®  Owned Kitchenware, Tableware and Home Solutions BUILT NY® Owned Home Solutions S'well® Owned Home Solutions Fred® & Friends Owned Kitchenware KitchenCraft®  Owned Kitchenware Rabbit® Owned Kitchenware Kamenstein® Owned Kitchenware (1)The Company has a royalty free license to utilize the Farberware® brand, primarily for its kitchenware products, for a term that expires in 2195, subject to  earlier termination under certain circumstances.",N/A
"We also purchase certain components, assembled products,  and supplies used to manufacture or sell with our products, from single-or limited- source suppliers.Although we  believe the majority of these sole or limited source components, assembled products, and supplies could be  sourced elsewhere with appropriate changes in the design of our products, the required design changes might not  be feasible on a timely basis, and any interruption in these components, products or supplies could adversely  affect our business.When circumstances cause us to anticipate that we may not be able to acquire such  components, products or supplies on a timely basis, our practice is to procure a sufficient quantity in advance.In  the past, we have made such advanced purchases primarily for aerospace products and in quantities that we  anticipate will suffice for the life of the aircraft program for which those printers are designed.We compete worldwide in multiple markets.",N/A
"It is our policy to ensure equal employment opportunity for all applicants and employees without regard to  prohibited considerations of race, color, religion, sex (including pregnancy, gender identity and sexual orientation),  national origin, age, disability or genetic information, marital status or any other classification protected by applicable  12  local, state or federal laws.Our employees are encouraged to engage with company leadership and raise concerns and  questions in person, via e-mail (anonymously if desired), or at our quarterly employee communications meeting with the  CEO and senior management team.All employees receive training in the prevention of sexual harassment and abusive  conduct in the workplace.We value our employees, giving them the tools and training to grow as individuals, and the freedom to take risks  in the service of innovation.We offer tuition reimbursement for job-related education and provide live and online classes  covering topics such as communication, leadership and management, software, and time management.",N/A
"• Risks associated with the manufacturers of the products we sell as our own inventory could materially and adversely affect our financial performance as well as our reputation and brand.If we fail to manage our inventory effectively, our results of operations, financial condition and liquidity may be materially and adversely affected.We depend on our relationships with third parties, including third-party trucking and freight service companies, and changes in our relationships with these parties could adversely impact our revenues and profits.We may not be successful in optimizing our warehouses and fulfillment network.• Damage to our business reputation could have a material adverse effect on our growth strategy and our business, financial condition, results of operations and prospects.",N/A
"•  A reduction in funding or new restrictions on eligibility for the Federal Pell Grant Program, or the  elimination of subsidized Stafford loans, could make college less affordable for certain students at our  university partner institutions, which could negatively impact our university partner institutions'  enrollments, and thus our revenue and results of operations.If our university partner institutions do not maintain state authorization, they may not operate or participate  in the Title IV programs.•  Government agencies, regulatory agencies, and third parties may conduct compliance reviews, bring  claims, or initiate litigation against us or our university partners based on alleged violations of the extensive  regulatory requirements applicable to us and our university partners.The regulatory guidance governing third-party servicers imposes a number of requirements on our business  and may expose us to liability for certain regulatory violations that are coextensive with our university  partner institutions.Risks Related to Our Relationship with GCU",N/A
"Our ability to generate revenue and achieve profitability depends significantly on our ability to achieve our objectives relating to  the discovery, development, regulatory approval and commercialization of our product candidates.We rely on our team's expertise in drug discovery, translational research and patient-driven precision medicine to develop our product  candidates.Our business depends significantly on the success of this engine and the development and commercialization of the product  candidates that we discover with this engine.We have no products approved for commercial sale and do not anticipate generating any  revenue from product sales in the near term, if ever.Our ability to generate revenue and achieve profitability depends significantly on our  ability to achieve several objectives, including:  ▪ successful and timely completion of preclinical and clinical development of bel-sar in indeterminate lesions and primary choroidal  melanoma and additional oncology indications, including but not limited to bladder cancer, other research programs from our  VDC technology platform, and any other future programs;  ▪ establishing and maintaining relationships with CROs and clinical sites for the clinical development of bel-sar, other research  programs from our VDC technology platform, and any other future programs;  ▪ timely receipt of marketing approvals from applicable regulatory authorities for any product candidates for which we successfully  complete clinical development;  ▪ transferring our manufacturing process to a CDMO including obtaining finished products that are appropriately packaged for  sale;  ▪ establishing and maintaining commercially viable supply and manufacturing relationships with third parties that can provide  adequate, in both amount and quality, products and services, to support clinical development and meet the market demand for  our product candidates, if approved;  ▪ successful commercial launch following any marketing approval, including the development of a commercial infrastructure,  whether in-house or with one or more collaborators;  ▪ a continued acceptable safety profile following any marketing approval of our product candidates;  ▪ commercial acceptance of our product candidates by patients, the medical community and third-party payors;  ▪ satisfying any required post-marketing approval commitments to applicable regulatory authorities;  ▪ identifying, assessing and developing new product candidates from our VDC technology platform;  ▪ obtaining, maintaining and expanding patent protection, trade secret protection and regulatory exclusivity, both in the United  States and internationally;  ▪ defending against third-party interference or infringement claims, if any;  39",N/A
"We may need to raise additional capital, which may not be available on favorable terms, if at all, causing dilution to our stockholders, restricting  our operations or adversely affecting our ability to operate our business.Our business is highly regulated and could suffer if applicable laws and regulations change.An adverse change in U.S. federal policy or strict enforcement of federal cannabis law would undermine our business model and results from  operations.We are subject to governmental laws, regulations and other legal obligations, particularly related to privacy, data protection and information  security, and any actual or perceived failure to comply with such obligations could harm our business.Additional Risks Related to the Cannabis Industry  • Cannabis remains illegal under U.S. federal law and, therefore, strict enforcement of U.S. federal laws regarding cannabis would likely result in  our inability to execute our business plan.",N/A
"We maintain cyber liability insurance; however, this insurance may not be sufficient to cover the financial, legal, business or reputational losses that may result from an interruption or breach of our systems.Artificial intelligence-based software is increasingly being used in the biopharmaceutical and healthcare industries.As with many developing technologies, artificial intelligence-based software presents risks and challenges.For example, algorithms may be flawed, data sets may be insufficient, of poor quality, or contain biased information; and inappropriate or controversial data practices by data scientists, engineers, and end-users could impair results.If the analyses that artificial intelligence-based applications assist in producing are deficient or inaccurate, we could be subjected to competitive harm, potential legal liability and brand or reputational harm.",N/A
"In the event that these third parties do not properly safeguard our data that they hold, security breaches could result and negatively impact our reputation, business operations and financial results.Additionally, a successful cyber-attack against one of these third-parties' information technology systems may disrupt our supply chain.We have limited resources compared to some of our current and potential competitors and we may not be able to compete effectively and increase market share Some of our current and potential competitors have longer operating histories, significantly greater resources and name recognition and a larger base of customers than we have.As a result, these competitors may have greater credibility with our existing and potential customers.They also may be able to adopt more aggressive pricing policies and devote greater resources to the development, promotion and sale of their products than we can to ours.",N/A
"For all other securitizations,  the rule took effect on December 24, 2016.Other Provisions of the Dodd-Frank Act The Dodd-Frank Act implements far-reaching changes across the financial regulatory landscape.In addition to the reforms previously  mentioned, the Dodd-Frank Act also: • requires bank holding companies and banks to be both well capitalized and well managed in order to acquire banks located  outside their home state and requires any bank holding company electing to be treated as a financial holding company to be both  well managed and well capitalized; • eliminates all remaining restrictions on interstate banking by authorizing national and state banks to establish de novo branches in  any state that would permit a bank chartered in that state to open a branch at that location; and • repeals Regulation Q, the federal prohibition on the payment of interest on demand deposits, thereby permitting depository  institutions to pay interest on business transaction and other accounts.Although a significant number of the rules and regulations mandated by the Dodd-Frank Act have been finalized, many of the  requirements called for have yet to be implemented and will likely be subject to implementing regulations over the course of several years.Given the uncertainty associated with the manner in which the provisions of the Dodd-Frank Act will be implemented by the various  agencies, the full extent of the impact such requirements will have on financial institutions' operations is unclear.",N/A
"The completion of our initial public offering, together with private placements and other transactions that have occurred  since our inception, may trigger such an ownership change pursuant to Section 382.We have performed a Section 382 study as of September 30, 2023 and  expect approximately $2.8 million of federal research and development credits and $51.0 million of California net operating losses to expire unused due to  Section 382 limitations.We may experience ownership changes as a result of subsequent shifts in our stock ownership, some of which may be outside of our control.If an  ownership change occurs and our ability to use our net operating loss carryforwards is materially limited, it would harm our future operating results by  effectively increasing our future tax obligations.Risks Related to the Development of Our Product Candidates",N/A
"Identifying potential product candidates and conducting preclinical testing and clinical trials is a time-consuming, expensive and  uncertain process that takes years to complete, and we may never generate the necessary data or results required to obtain regulatory  approval and achieve product sales.In addition, epetraborole and any of our other product candidates, if approved, may not achieve  commercial success.Our commercial revenues, if any, will be derived from sales of drugs that we do not expect to be commercially available  for several years, if at all.Accordingly, we will need to continue to rely on additional financing to achieve our business objectives.Adequate  additional financing may not be available to us on acceptable terms, or at all.",N/A
"There can be no assurance the Company will successfully manage future introductions and transitions of products and services.The Company depends on component and product manufacturing and logistical services provided by outsourcing partners, many of which are located outside of the U.S. Substantially all of the Company's manufacturing is performed in whole or in part by outsourcing partners located primarily in China mainland, India, Japan, South Korea, Taiwan and Vietnam, and a significant concentration of this manufacturing is currently performed by a small number of outsourcing partners, often in single locations.Changes or additions to the Company's supply chain require considerable time and resources and involve significant risks and uncertainties.The Company has also outsourced much of its transportation and logistics management.While these arrangements can lower operating costs, they also reduce the Company's direct control over production and distribution.",N/A
"The high-profile bank failures in the first half of 2023 generated significant market volatility among publicly-traded bank holding companies and, in particular, regional banks like Pacific Premier.The industry has stabilized since these failures and the customer confidence in the safety and soundness of smaller regional banks has improved considerably.Nevertheless, risks remain that customers may choose to invest in higher yielding and higher-rated short-term fixed income securities or maintain deposits with larger more systematically important financial institutions, all of which could materially and adversely impact our liquidity, loan funding capacity, net interest margin, capital, and results of operations.In addition, the banking operating environments and public trading prices of banking institutions can be highly correlated, in particular during times of stress, which could adversely impact the trading prices of our common stock and potentially, our results of operations.Separately, banking regulators have announced a more stringent supervisory posture after the bank failures.",N/A
"The U.S. issued patents we have  licensed from Caltech expire between now and year 2025.We have entered into a co-exclusive license agreement with Harvard University for the license of relevant patent filings relating to genomics  technology.The license agreement will terminate with the last-to-expire of the licensed patents.The U.S. issued patents we have licensed  from Harvard University expire between now and year 2027.Some of the intellectual property rights covering our mass cytometry products were subject to a license agreement (the Original License  Agreement) between Fluidigm Canada Inc. (now Standard BioTools Canada Inc.), and PerkinElmer Health Sciences, Inc. (PerkinElmer).",N/A
"Much of our proprietary information and technology related to manufacturing processes is not patented and may not be patentable.We cannot offer assurance that:• we will be able to adequately protect our technology; • competitors will not independently develop similar technology; • international intellectual property laws will adequately protect our intellectual property rights.We may become the subject of infringement claims or legal proceedings by third parties with respect to current or future products or processes.Any such claims, with or without merit, or litigation to enforce or protect our intellectual property rights that require us to defend against claimed infringements of the rights of others, could result in substantial costs, diversion of resources, and product shipment delays or could force us to enter into royalty or license agreements, rather than dispute the merits of these claims.",N/A
"24 Additionally, private and government payers may consider the cost of a treatment in approving coverage or in setting reimbursement for the treatment.Private and government payers around the world are increasingly challenging the prices charged for medical products and services.Additionally, the containment of healthcare costs has become a priority of governments around the world.Adoption of additional price controls and cost-containment measures, and adoption of more restrictive policies in jurisdictions with existing controls and measures by both private and public payers, could further limit our revenues and operating results.If third-party payers do not consider our Products or the use of our Products together with additional treatments to be cost-justified under a required cost-testing model, they may not cover our Products for their populations or, if they do, the level of reimbursement may not be sufficient to allow us to sell our Products on a profitable basis.",N/A
"Our growth strategy includes, among other matters, diversifying our customer base, growing our presence in existing markets, expanding into new end markets, and seeking acquisition opportunities to drive growth.Although management believes that pursuing our growth strategy is in our best interests, such strategy involves substantial expenditures and risks.For example, business acquisitions or strategic partnerships pursued in connection with our growth strategy may not be completed successfully or, if completed, may not yield the expected benefits to us.In addition, such business acquisitions or strategic partnerships may materially and adversely affect our business, financial condition or results of operations.The pursuit of expansion opportunities through business acquisitions, joint ventures, stockholder agreements, government contracts or otherwise could result in operating losses and the impairment of assets, which would increase our losses or reduce or eliminate our earnings, if any.",N/A
"The regulatory review process may  vary from country to country.The EU has adopted numerous directives and standards relating to medical devices regulating  their design, manufacture, clinical trials, labeling, and adverse event reporting, including the MDD, and more recently, the  MDR.Devices that comply with the requirements of the MDD or MDR are entitled to bear a CE mark and can be  distributed in EU countries, as well as the United Kingdom (UK), Iceland, Lichtenstein, Norway, Turkey and Switzerland.Each member state of the EU has established a “Competent Authority” to apply the directive/regulations in its territory.In April 2017, the EU adopted the new MDR regulations for medical devices, which replace the MDD, and which took  effect as of May 26, 2021, with a transition period ending respectively in 2027 and 2028 for most Class II and Class III  devices.",N/A
"As conditions dictate, we could be forced to make similar transitions in the future.When undertaken,  transitions of this type involve significant planning and coordination by and between us and our new suppliers in these  countries.Despite our best efforts and those of our new sourcing partners, these transition efforts are likely to result in longer  lead times and shipping delays over the short term.Risks associated with product defects, including higher than expected costs  associated with product quality and safety, and regulatory compliance costs related to the sale of consumer products and costs  related to defective or non-compliant products, including product liability claims and costs to recall defective products.One or  a combination of these issues could adversely affect our sales, earnings, financial condition and liquidity.",N/A
"However, there is no guarantee that the FDA will accept our sNDA submission for filing, that the FDA's accelerated approval of FILSPARI will continue, or that FILSPARI will receive full approval for IgAN.Further, if the FDA grants full approval of FILSPARI for IgAN, there is no guarantee that the FDA will approve an expanded label.The commercial success of FILSPARI depends on the extent to which patients and physicians accept and adopt FILSPARI for IgAN patients.For example, if the addressable patient population suffering from primary IgAN is smaller than we estimate, if it proves difficult to educate physicians as to the availability and potential benefits of FILSPARI, or if physicians are unwilling to prescribe or patients are unwilling to take FILSPARI, the commercial potential of FILSPARI will be limited.We also do not know how physicians, patients and payers will respond to the pricing of FILSPARI, the confirmatory endpoint data from the Phase 3 PROTECT Study, the results of our ongoing interactions with regulators, and any future publications.",N/A
"The availability of government and private reimbursement for our products and coverage restrictions that may be imposed for our products are  uncertain, as is the amount for which our products will be reimbursed.Pricing and reimbursement for our products may be adversely affected by a number  of factors, including: changes in, and implementation of, federal or state government regulations or private third-party payors' reimbursement policies;  pressure by employers on private health insurance plans to reduce costs; and consolidation and increasing assertiveness of payors seeking price discounts or  rebates in connection with the placement of our products on their formularies and, in some cases, the imposition of restrictions on access or coverage of  particular drugs or pricing determined based on perceived value.We cannot predict the availability, amount, or consistency of reimbursement for, or the  prevalence and extent of other access barriers to, our products.In the U.S., federal and state legislatures, health agencies and third-party payers continue to focus on containing the cost of healthcare.In August  2022, the Inflation Reduction Act was signed into law.",N/A
"• Operational Risks ◦ Current and changing economic conditions, including inflation, may adversely affect our industry, business, partners and suppliers.The pharmaceutical industry is heavily regulated, and we face significant costs and uncertainties associated with our efforts to comply with applicable laws and regulations.The use of legal, regulatory, and legislative strategies by both brand and generic competitors, including but not limited to “authorized generics” and regulatory petitions, may increase costs associated with the introduction or marketing of our generic products, could delay or prevent such introduction, and could significantly reduce our revenue and profit.If we are unable to successfully introduce new products in a timely manner, our future revenue and profitability may be adversely affected.We expend a significant amount of resources on R&D efforts that may not lead to successful product introductions.",N/A
"To the extent that we raise additional  capital through the sale of equity, convertible debt securities or other equity-based derivative securities, your ownership interest will  be diluted and the terms may include liquidation or other preferences that adversely affect your rights as a stockholder.Any indebtedness we incur could involve restrictive covenants, such as limitations on our ability to incur additional debt, acquire or license intellectual property rights, declare dividends, make capital expenditures and other operating restrictions that could adversely impact our ability  to conduct our business.Furthermore, the issuance of additional securities, whether equity or debt, by us, or the possibility of such issuance, may cause the market price of our common stock to decline.If we raise additional funds through strategic collaborations and alliances or licensing arrangements with third parties, we may have to relinquish valuable rights including to future therapeutic candidates or otherwise agree to terms unfavorable to us, any of which may have a material adverse effect on our business, operating results and prospects.Adequate additional financing may not be available to us on acceptable terms, or at all.",N/A
"Competition for deposits may limit our ability to grow.Our loan growth is primarily dependent on retaining and attracting additional customer deposits.While we emphasize the generation of low-cost core deposits as a source of funding, there is strong competition for such deposits in our market area, including from internet-based banking institutions, which have grown rapidly in recent years.Deposit flows are influenced by various factors, including customer relationships, sales and marketing efforts, interest rates paid by competitors, alternative investments such as money market mutual funds, equities and bonds, government stimulus programs, and the overall levels of business and personal income and savings.The current elevated interest rate environment has increased competition for deposits across the banking industry, and deposit balances may decrease if customers perceive alternative investments as providing a better risk/return tradeoff.",N/A
"We believe that the strength of our current intellectual property position results primarily from the essential nature of our  fundamental patents covering phosphorescent OLED devices and certain materials utilized in these devices.Certain of our existing  fundamental phosphorescent OLED patents expired in the United States in 2017 and 2019; and expired in other countries of the world  in 2018 and 2020.While we hold a wide range of additional patents and patent applications relating to our commercial OLED materials  and technologies whose expiration dates extend (and in the case of patent applications, will extend) beyond 2023, many of which are  also of importance in the OLED industry, none may be of an equally essential nature as our original fundamental patents, and therefore  our competitive position may be less certain as a result of the expiration of these patents.We have more than 6,000 issued and pending patents relating to our OLED technologies.There is no assurance that these patents  and applications will not be challenged prior to their respective expirations in any of the jurisdictions in which they are utilized, or that  if challenged, we will be able to secure sufficient breadth of protection, and monetary and injunctive relief for the violation of our rights  to make up for the business harm resulting from such activities.",N/A
"• Because competition for qualified personnel is intense, we may not be able to attract and retain the highly skilled employees we need to execute our business strategies and growth plans.If we are unable to provide consistently high quality of care, our business will be adversely impacted.If certain of our suppliers do not meet our needs, if there are material price increases on supplies, if we are not reimbursed or adequately reimbursed for drugs we purchase or if we are unable to effectively access new technology or superior products, it could negatively impact our ability to effectively provide the services we offer and could have a material adverse effect on our business, results of operations, financial condition and cash flows.17 • We depend on our information technology systems, and those of our third-party vendors, contractors and consultants, and any failure or significant disruptions of these systems, security breaches or loss of data could materially adversely affect our business, financial condition and results of operations.We may be subject to legal proceedings and litigation, including intellectual property and privacy disputes, which are costly to defend and could materially harm our business and results of operations.",N/A
"Future developments, including actions taken by the U.S. Department of Treasury, FDIC, Federal Reserve Board, and systemic risk in the U.S.  and global banking sectors and broader economies in general, are difficult to assess and quantify, and the form and magnitude of such developments or other  actions of the U.S. Department of Treasury, FDIC and Federal Reserve Board may remain unknown for significant periods of time and could have an adverse  effect on the Company.For example, in response to the rapidly declining financial condition of regional banks Silicon Valley Bank (“SVB”) and Signature Bank (“Signature”), the  California Department of Financial Protection and Innovation (the “CDFPI”) and the New York State Department of Financial Services (the “NYSDFS”) closed  SVB and Signature on March 10, 2023 and March 12, 2023, respectively, and the Federal Deposit Insurance Corporation (“FDIC”) was appointed as receiver  for SVB and Signature.Similarly, on May 1, 2023 the FDIC announced that the CDFPI had closed First Republic Bank, the FDIC had seized its assets and JP  Morgan Chase had agreed to purchase First Republic's assets at auction.We cannot assure you of the response of any government or regulator to such  developments, and any response may not be as favorable to industry participants as the measures currently being pursued.The collapse of SVB and Signature  could in the future lead to further rules and regulations for public companies, banks, financial institutions and other participants in the U.S. and global capital  markets, including business development companies such as us, and complying with the requirements of any such rules or regulations may be burdensome.",N/A
"All of these changes could impact our tenants' ability to pay rent or other obligations to us.Licensure, Certification and Certificate of Need Our tenants operate hospitals, assisted living facilities, a skilled nursing facility and other healthcare entities and providers that receive reimbursement for services from third-party payors, including the government sponsored Medicare and Medicaid programs and private insurance carriers.To participate in the Medicare and Medicaid programs, tenants and operators of healthcare facilities and other healthcare providers must comply with the regulations previously referenced, as well as with licensing, certification and, in some states, certificate of need (“CON”) requirements.In granting and renewing these licenses and certifications, the state regulatory agencies consider numerous factors relating to a facility's operations, including, but not limited to, the plant and physical structure, admission and discharge standards, staffing, training, patient and consumer rights, medication guidelines and other rules.In the SHOP segment if a tenant and/or operator fails to maintain or renew any required license, certification or other regulatory approval, or to correct serious deficiencies identified in compliance surveys, the tenant and/or operator could be prohibited from continuing operations at a facility.",N/A
"We commenced operations on July 31, 2020 and completed our initial public offering (“IPO”) in March 2021.We have elected to be taxed as a real estate investment trust (a “REIT”) under Section 856 of the Internal Revenue Code of 1986, as amended (the “Code”), commencing with our taxable year ended December 31, 2020.We believe that we have qualified as a REIT and that our current and proposed method of operation will enable us to continue to qualify as a REIT.However, no assurances can be given that our beliefs or expectations will be fulfilled, since qualification as a REIT depends on us continuing to satisfy numerous asset, income and distribution tests, which in turn depends, in part, on our operating results and ability to obtain financing.We also intend to operate our business in a manner that will permit us to maintain our exemption from registration under the Investment Company Act of 1940 as amended (the “Investment Company Act”).",N/A
"Likewise, our SmartSense by Digi business services a significant number of customers in the pharmaceutical, medical facility and retail food industries.Both Ventus and SmartSense by Digi produce significant ARR.Any disruption or difficulties in any of the industries these businesses serve could have an adverse impact on our business, results of operations (including, but not limited to, ARR), financial condition and prospects.In addition, some larger customers may demand discounts and rebates.As a result, our future revenue opportunities with these customers may be limited, and we may face pricing pressures, which in turn could adversely impact our gross margin and our profitability.",N/A
"We are subject to a wide range of requirements, regulations, and laws due to our international operations and related to  the medical device industry in which we operate, the violation of any of which could subject us to adverse  consequences.• Ongoing healthcare reform initiatives and changes in third-party reimbursement policies and in the healthcare industry  aimed at cost containment may adversely impact our business.We and certain of our suppliers are subject to extensive government regulation that increases our costs and could limit  our ability to market or sell our products.• Oversight of the medical device industry might affect the way we sell medical devices and compete in the marketplace.• A FDA panel recommended that bone growth stimulator devices be reclassified by the FDA from Class III to Class II  devices, which could increase future competition for us in this product category and negatively affect our future sales of  such products.",N/A
"Each of the loans associated with these relationships has been underwritten in accordance with our underwriting policies and limits.Along with other risks inherent in these loans, such as the deterioration of the underlying businesses or property securing these loans, this concentration of borrowers presents a risk that, if one or more of these relationships were to become delinquent or suffer default, we could be exposed to material losses.The allowance for credit losses may not be adequate to cover losses associated with any of these relationships, and any loss or increase in the allowance would negatively affect our earnings and capital.Even if these loans are adequately collateralized, an increase in classified assets could harm our reputation with our regulators and inhibit our ability to execute our business plan.Our largest deposit relationships currently make up a material percentage of our deposits and the withdrawal of deposits by our largest depositors could force us to fund our business through more expensive and less stable sources.",N/A
"CLTI is an advanced stage of peripheral artery disease that is associated with increased mortality, risk of amputation and impaired quality of life.The LimFlow system utilizes transcatheter arterialization of deep veins (TADV) to bypass blocked arteries in the leg and deliver oxygenated blood back into the foot via the veins in CLTI patients.Together, our devices and systems provide solutions to address the following disease states: deep vein thrombosis, pulmonary embolism, arteriovenous (AV) thrombosis primarily in dialysis fistulas or grafts, acute limb ischemia (ALI), chronic venous disease, and CLTI.The results of operations of LimFlow have been included in our consolidated financial statements from the date of the acquisition.The key pillars of our growth strategy are: • Driving our solutions towards standard of care in venous thromboembolism (VTE); • Building momentum with new products in new markets; • Expanding our footprint internationally.",N/A
"Technology that enables fast, accurate and cost-effective decision making through the application of computer algorithms that use extensive data sets has become critical for the success of digital advertising campaigns.Using programmatic inventory buying tools, advertisers are able to automate their campaigns, providing them with better price discovery on an impression-by-impression basis.As a result, advertisers are able to bid on and purchase the advertising inventory they value the most, pay less for advertising inventory they do not value as much and abstain from buying advertising inventory that does not fit their campaign parameters.Digital Advertising EcosystemThe digital advertising ecosystem is divided into buyers, sellers and marketplaces, which can be further segmented on the basis of whether participants provide services or technology.",N/A
"Our ability to  attract and retain owners and franchisees and the terms of our management and franchise agreements are influenced by the  needs and preferences of owners and franchisees and the offerings otherwise available to owners and franchisees in the market,  among other things.We cannot assure you that any of our current arrangements will continue or that we will be able to renew  agreements or enter into new agreements in the future on terms that are as favorable to us as those that exist today.The effects of, or our failure to comply with, applicable laws, regulations and government policies may disrupt our  business, lower our revenues, increase our costs, reduce our profits, limit our growth, or damage our reputation.We, the  hotels that we franchise or manage, and the programs that we offer, are subject to or affected by a variety of laws, regulations  and government policies around the globe, including, among others, those related to employment practices; marketing and  advertising efforts; trade and economic sanctions; anti-bribery, anti-corruption, and anti-money laundering; intellectual  property; cybersecurity, data privacy, data localization, data transfers, and the handling of personally identifiable information;  competition; climate and the environment; health and safety; liquor sales; the offer and sale of franchises; and credit card  products.These laws, regulations, and government policies may be complex and change frequently and could have a range of  adverse effects on our business.",N/A
"The healthcare industry is rapidly evolving.• Our travel business may be sensitive to events affecting the travel industry in general.We may be unable to enter or expand into new verticals or sub-verticals, including our relatively new B2B payment vertical.There could be consolidation in the payment processing or enablement industry.We may be adversely impacted by worldwide global economic and political instability.",N/A
"Supply Chain, Distribution and Purchasing As of December 31, 2023, three independent processors (five total production facilities) supplied all of the fresh beef used by Wendy's restaurants in the U.S. In addition, seven independent processors (17 total production facilities) supplied all of the chicken used by Wendy's restaurants in the U.S.In addition, there was one main in-line distributor of food, packaging and beverage products, excluding breads, that serviced approximately 67% of Wendy's restaurants in the U.S. and four additional in-line distributors that, in the aggregate, serviced approximately 32% of Wendy's restaurants in the U.S. Wendy's and its franchisees have not experienced any material shortages of food, equipment, fixtures or other products that are necessary to maintain restaurant operations, and Wendy's anticipates no such shortages of products and believes that alternate suppliers and distribution sources are available.Suppliers and distributors to the Wendy's system must comply with U.S. Department of Agriculture (“USDA”) and U.S. Food and Drug Administration (“FDA”) regulations governing the manufacture, packaging, storage, distribution and sale of all food and packaging products.4 Wendy's has a purchasing co-op relationship structure with its franchisees that establishes Quality Supply Chain Co-op, Inc. (“QSCC”).QSCC manages, for the Wendy's system in the U.S. and Canada, contracts for the purchase and distribution of food, proprietary paper, operating supplies and equipment, typically under national agreements with pricing based upon total system volume.",N/A
"Through operational improvements and potential long-term development projects, we intend to enhance performance of under-utilized Transtar assets.8 Acquisition of Transtar On July 28, 2021, FTAI completed the purchase of 100% of the equity interests of Transtar, which was a wholly owned short-line railroad subsidiary of USS, for a cash purchase price of $640.0 million, subject to certain customary adjustments set forth in the Transtar Purchase Agreement.As of December 31, 2023, Transtar has approximately 440 employees, of which approximately 360 are subject to collective bargaining agreements.Railway Services Agreement On July 28, 2021, in connection with the closing of the Transtar Acquisition, Transtar, certain Transtar subsidiaries (together with Transtar, the “Transtar Parties”), and USS entered into a railway services agreement (the “Railway Services Agreement”).Under the Railway Services Agreement, for an initial term of 15 years from and after the closing of the Transtar Acquisition, Transtar will continue to provide USS with rail haulage, switching and transportation services at USS's facilities in and around Gary, Indiana, Pittsburgh, Pennsylvania, Fairfield, Alabama, Ecorse, Michigan, Lorain, Ohio and Lone Star, Texas, including but not limited to: railcar maintenance and repair services, locomotive maintenance, inspection and repair services, maintenance-of-way services, car management services, and rail and material handling services.",N/A
"As of December 31, 2023, we had $333.7 million in cash, cash  equivalents and marketable securities.We expect to incur substantial expenditures in the foreseeable future as we seek to advance multiple product candidates  through clinical development, manufacturing, the regulatory approval process and, if approved, commercial launch activities, as well as in connection with the  continued development of our technology platform and manufacturing capabilities.Based on our current operating plan, we believe that our available cash, cash  equivalents and marketable securities will be sufficient to fund our operations through at least the next 12 months.However, our future capital requirements and  the period for which we expect our existing resources to support our operations may vary significantly from what we expect, and we may need to seek additional  funds sooner than planned.Our monthly spending levels vary based on new and ongoing research and development and other corporate activities.",N/A
"We therefore believe our Guardant360 TissueNext test, together with our liquid biopsy-based products, have the potential to help address the challenges with tissue genotyping products currently in the market.Recurring Monitoring / Minimum Residual Disease Guardant Reveal TestIn the management of early-stage cancer, current tools do not identify all high-risk patients who will benefit from adjuvant therapy or detect recurrence early enough when it is most curable.We plan to address this need, first in early-stage colorectal, breast and lung cancers, with our Guardant Reveal test for residual disease and recurrence monitoring.We believe the Guardant Reveal test has the potential to enable oncologists to improve the care of early-stage cancer patients by correctly identifying more high-risk patients than clinicopathologic review alone and by detecting recurrent disease months earlier than current standard of care methods like imaging carcinoembryonic antigen tests.",N/A
"We have incurred net losses in each year since our inception.For the years ended December 31, 2023 and 2022, our  net losses were $31.4 million and $51.7 million, respectively.We had an accumulated deficit of $319.6 million as of December 31, 2023.Before we are able to generate any revenue, we will need to commit substantial funds to the anticipated clinical and development activities  related to EryDex, and we may not be able to obtain sufficient funds on acceptable terms, if at all.Any additional debt financing or additional equity that  we raise may contain terms that are not favorable to us and/or result in dilution to our stockholders.",N/A
"Zunsemetinib, an Investigational Oral MK2 Inhibitor Zunsemetinib, or ATI-450, is an investigational oral, novel, small molecule selective inhibitor of the mitogen- activated protein kinase-activated protein kinase 2, or MK2, signaling pathway for the potential treatment of metastatic breast cancer, or MBC, and pancreatic ductal adenocarcinoma, or PDAC.MBC: Phosphorylated MK2 is upregulated in primary tumors and metastatic bone lesions from MBC patients.MK2 is responsible for the production of a subset of critical pro-tumorigenic factors secreted by the stromal microenvironment to support tumor growth and metastasis.Additionally, MK2 drives both metastatic and chemotherapy induced bone loss in MBC patients through, at least in part, its role in RANKL biology and osteoclast production and activation.In preclinical studies, zunsemetinib has been demonstrated to impact murine models of MBC through inhibition of tumor growth and metastasis along with bone preservation.",N/A
"Tissue genotyping is currently widely available to physicians and patients.We believe many tissue genotyping products currently available to physicians and patients have experienced long delays in getting results to physicians and high failure rates because of the inability to obtain enough tissue or high-quality DNA for analysis.Such delay or inability to produce results from tissue genotyping can adversely affect providing the right treatment to patients at the right time.We therefore believe our Guardant360 TissueNext test, together with our liquid biopsy-based products, have the potential to help address the challenges with tissue genotyping products currently in the market.Recurring Monitoring / Minimum Residual Disease Guardant Reveal Test",N/A
"In addition, we may not realize the anticipated benefits, savings and improvements from our cost reduction efforts due to unforeseen difficulties, delays or unexpected costs.We operate in highly competitive, evolving markets, and if we do not continue to innovate and evolve, our business operations and competitiveness may be harmed.Travel technology is rapidly evolving as travel suppliers seek new or improved means of accessing their customers and increasing value.We must continue to innovate and evolve our current and future offerings to respond to the changing needs of travel suppliers and meet intense competition.We also face increasing competition as suppliers seek IT solutions that provide the same traveler experience across all channels of distribution, whether indirectly through the GDS or directly through other channels.",N/A
"For our Outback Steakhouse and Carrabba's Italian Grill brands, Market Vice Presidents oversee multiple Area Operating Partner regions.In addition to base salary, Restaurant Managing Partners and Chef Partners (“Restaurant Partners”), Area Operating Partners, and Market Vice Presidents generally receive performance-based bonuses for providing management and supervisory services to their restaurants, certain of which may be based on a percentage of their restaurants' monthly operating results or cash flows and/or total controllable income.Many of our international Restaurant Managing Partners are given the option to purchase participation interests in the cash distributions of the restaurants they manage.The amount, terms and availability vary by country.We regard our Outback , Outback Steakhouse , Carrabba's Italian Grill , Bonefish Grill  and Fleming's Prime Steakhouse & Wine Bar  service marks and our Bloomin' Onion  trademark as having significant value and as being important factors in the marketing of our restaurants.",N/A
"We strive to solve the challenges that the used automotive industry has faced for generations and provide  powerful technology-enabled capabilities to our dealers and commercial partners who fulfill a critical role in the automotive ecosystem.We help dealers source and manage  inventory and accurately price their vehicles as well as process payments, transfer titles, manage arbitrations, and finance and transport vehicles.Our marketplace platform  encompasses:  •Digital Marketplace.Connects buyers and sellers of wholesale vehicles in an intuitive and efficient manner.Our core digital marketplace offerings are auctions in  varying formats, which facilitate real-time transactions of wholesale vehicles, and are accessible across multiple platforms including mobile apps, desktop, and directly  through our application programming interface (API) integration.",N/A
"Risks Related to our Operations: • Our operating results may fluctuate significantly, which could make our future results difficult to predict and could cause our operating results to fall below expectations.If we are unable to maintain sales, marketing and distribution capabilities or maintain arrangements with third parties to sell, market and distribute our products, our business may be harmed.Our business could be negatively impacted by cyber security incidents or threats, including without limitation a material interruption to our operations and our IT systems, a material interruption to our clinical trials, harm to our reputation, significant fines, penalties, litigation, and liabilities, regulatory investigations or lawsuits, including class actions, breach or triggering of data protection laws, privacy policies and data protection obligations, or a loss of revenue, customers or sales.13 Table of Contents Risks Related to our Products: • We rely on single supplier, W.R. Grace, for NR and a limited number of third-party suppliers for the raw materials required to produce our products.• Unfavorable publicity or consumer perception of our products and any similar products distributed by other companies could have a material adverse effect on our business.",N/A
"We have  seen, and may in the future see, an increase in such disagreements with hotel owners and franchisees during periods when hotel  returns are weaker.We seek to resolve any disagreements and to develop and maintain positive relations with current and  potential hotel owners, franchisees, and real estate investment partners, but we cannot always do so.Failure to resolve such  disagreements has resulted in arbitration or litigation, and could do so in the future.We could suffer significant losses, reduced  profits, or constraints on our operations as the result of adverse dispute resolution outcomes.An increase in the use of third-party Internet services to book online hotel reservations could adversely impact our  business.",N/A
"Any such transaction may require us to incur non-recurring or other charges, may increase our near and long-term expenditures, could not result in perceived benefits that were contemplated upon entering into the transaction, and may pose significant integration challenges or disrupt our management or business, which could adversely affect our operations, solvency and financial results.For example, these transactions may entail numerous operational and financial risks, including:● exposure to unknown and contingent liabilities;● disruption of our business and diversion of our management's time and attention;● incurrence of substantial debt or dilutive issuances of equity securities to pay for acquisitions, collaborations, and joint ventures;",N/A
"A portion of our current revenues are from royalties derived from sales of our respiratory products partnered with GSK, RELVAR®/BREO® ELLIPTA®  and ANORO® ELLIPTA®.If the treatment paradigm for the indications our partnered products are approved for change or if GSK is unable to, or does  not devote sufficient resources to, maintain or continue increasing sales of these products, our results of operations will be adversely affected.We currently depend, in part, on royalties from sales of our products partnered with GSK to support our existing operations.The treatment paradigm  for COPD and asthma constantly evolves.For instance, in November 2018, the GOLD guidelines were revised to favorably position bronchodilator  monotherapy and LABA/LAMA treatment ahead of ICS/LABA for the treatment of COPD unless the patient has frequent exacerbations, or an eosinophil  count greater than 300 per cubic microliter.",N/A
"With continued microprocessor evolution, low-end systems could become adequate to meet the requirements of an  increased number of the lesser-demanding applications within our target markets.Commercial server manufacturers and other  low-end single-board computer, or new competitors, may attempt to penetrate the high-performance market for aerospace and  defense electronics systems.Factors that may increase the acceptability of commodity-type products in some aerospace and  defense platforms include improvements in the physical properties and durability of such alternative products, combined with  the relaxation of physical and ruggedness requirements by the military due to either a reevaluation of those requirements or the  installation of products in a more highly environmentally isolated setting.These developments could negatively impact our  revenues and have a material adverse effect on our business and operating results.Competition from existing or new companies could cause us to experience downward pressure on prices, fewer customer  orders, reduced margins, the inability to take advantage of new business opportunities and the loss of market share.",N/A
"If we are unable to obtain adequate financing when needed, our business, financial condition and results of operations will be harmed, and we may need to significantly modify our operational plans, or else we may not be able to continue as a going concern beyond twelve months from the issuance date of this Form 10-K.For example, in January 2023 we announced a strategic plan to focus internal resources on SENTI-202 and SENTI-401, to develop gene circuits for other programs with potential partners, and to suspend research and development efforts for SENTI-301A.In August 2023, we announced a transaction with GeneFab pursuant to which we transferred our in-house manufacturing operations and assets to GeneFab.In January 2024, we announced a strategic plan to focus our resource allocation to investment on clinical development of SENTI-202 and on partnership of our SENTI-301A program in China.In the future, we may have to delay, reduce the scope of or suspend one or more of our preclinical studies, clinical trials, research and development programs, or commercialization efforts.",N/A
"The Company also faces competitive pressure from large credit unions in the area.4 Index Wealth faces intense competition in all aspects and areas of its business from both regulated and unregulated financial services organizations, including a broad range of financial institutions, investment firms, benefits consultants, wealth companies, insurance companies, investment counseling firms, and various financial technology companies.Because Wealth focuses on managing client investment assets to generate fee income, Wealth faces significant competition from financial technology companies that offer products and services that automate asset management or asset selection and, in turn, may charge lower asset management or administrative fees.Wealth's non-bank competitors are not subject to the same regulatory restrictions as Wealth, and therefore may be able to operate with greater flexibility and lower cost structures.Wealth competes by emphasizing proactive, holistic solutions and top-tier client service, and focuses on developing client relationships that serve as a source of recurring fee-based income.",N/A
"The Community Banking Division's market area is centered in the western and south-central regions of Maine.We encounter  significant competition in the Community Banking Division market area in originating loans and attracting deposits.Our competitors  include savings banks, commercial banks, credit unions, mutual funds, insurance companies, brokerage and investment banking  companies, finance companies, financial technology companies and other financial intermediaries.Many of our primary competitors  there have substantially greater resources, larger established customer bases, higher lending limits, extensive branch networks,  numerous ATMs and greater advertising and marketing budgets.They may also offer services that we do not currently provide.",N/A
"However, our pilot clinical and administrative services  program may not be successful in achieving the objectives we intend and anticipate, may fail to meet our customers' expectations,  may not generate sufficient returns to justify our investment, or may result in unanticipated costs, which could harm our reputation and  customer relationships and adversely impact our operating margins and results of operations.Our ability to generate revenue from home-based dialysis is subject to certain risks and uncertainties, including around the use of  Tablo in the home setting.25 In March 2020, Tablo was cleared by the FDA for patient use in the home of patients with acute and/or chronic renal failure,  with or without ultrafiltration, and we intend to expand within the home market.However, this goal is subject to certain risks,  including our ability to attract, retain and manage patients, as well as our ability to further evolve our commercial infrastructure and  sales processes as we scale our business in the home market.Our business strategy, including our pricing of Tablo, while informed by  our limited history of selling Tablo in the home care setting, continues to be based in part on certain assumptions about the adoption of  Tablo by home dialysis patients, as well as patient retention.",N/A
"The CFPB's mortgage and servicing rules, including TRID rules for closed end credit transactions, enforcement actions, reviews and settlements, affect the mortgage markets and our mortgage operations.The CFPB requires that lenders determine whether a consumer has the ability to repay a mortgage loan have limited the secondary market for and liquidity of many mortgage loans that are not “qualified mortgages.”Recently adopted changes to the CFPB's qualified mortgage rules are reportedly being reconsidered.The Tax Cuts and Jobs Act's (the “2017 Tax Act”) limitations on the deductibility of residential mortgage interest and state and local property and other taxes and federal moratoria on single-family foreclosures and rental evictions could adversely affect consumer behaviors and the volumes of housing sales, mortgage and home equity loan originations, as well as the value and liquidity of residential property held as collateral by lenders such as the Bank, and the secondary markets for single and multi-family loans.Acquisition, construction and development loans for residential development may be similarly adversely affected.",N/A
"In  addition, a number of other streaming services with larger subscriber bases and greater household penetration have recently  introduced ad-supported tiers.The increase of digital advertising available in the marketplace, due to both the introduction of ad- supported tiers in competing streaming services and the expansion of free ad-supported television (“FAST”) products, has  increased the competition we face for advertising expenditures for both our traditional linear networks and the ad-supported tiers in  our streaming services, and also limited our ability to demand higher rates for our linear and digital advertising inventory or even  the same rates that we previously charged for our advertising inventory prior to the surge in digital advertising.There can be no  assurance that we can successfully navigate the evolving streaming and digital advertising market or that the advertising revenues  we generate in that market will replace the declines in advertising revenues generated from our traditional linear business.The advertising market is also sensitive to general economic conditions and consumer buying patterns.Financial instability or  a general decline in economic conditions in the U.S. and other countries where our content is distributed could adversely affect the  spending priorities of our advertising partners who might reduce their spending, which could result in a decrease in advertising  rates and volume and in our overall advertising revenues.",N/A
"The size of  our future net losses will depend, in part, on the rate of future growth of our expenses and our ability to generate revenues.Our prior losses and expected  future losses have had and will continue to have an adverse effect on our results of operations, financial position and working capital.We will require additional capital to finance our operations, which may not be available to us on acceptable terms, or at all.Failure to obtain this  necessary capital when needed may force us to delay, limit or terminate our product development efforts or other operations.Our operations and the historic operations of Sonkei and Mind-NRG have consumed substantial amounts of cash since inception.",N/A
"As the solar energy market continues to grow, EPCs are also expected to increasingly seek second sources for their suppliers.Any of these factors may materially and adversely affect our business, result of operations, financial condition and prospects.We face competition from conventional and renewable energy sources.We face significant competition from providers of conventional and renewable energy alternatives such as coal, nuclear, natural gas and wind.We compete with conventional energy sources primarily based on price, predictability of price and energy availability and the ease with which customers can use electricity generated 9 by solar energy projects.",N/A
"Additionally,  government spending on infrastructure may decrease, which could decrease the demand for our software solutions  and have a negative impact on our results of operations.We may not be successful in forecasting future demand  levels and could fail to win business at the expected rates.If we underestimate the demand for our software  solutions, we may be unable to fulfill the increased demand in a timely fashion or at all.If we overestimate the  demand for our software solutions, we may incur additional expenses for which we would not have corresponding  revenues, negatively impacting our results of operations.The majority of our revenues and an increasing percentage of our operations are attributable to operations  outside the U.S., and our results of operations therefore may be materially affected by the legal, regulatory,  social, political, economic, and other risks of foreign operations.",N/A
"Under current U.S. federal income tax law, NOLs arising in tax years beginning after December 31, 2020  may not be carried back.Moreover, NOLs generated in taxable years beginning after December 31, 2017 may be carried forward indefinitely.As of  December 31, 2023, the Company had federal net operating loss carryforwards that were generated after December 31, 2017 of $140.3 million that do not  expire, however these carryforwards are limited to 80% of the taxable income in any one tax period.In general, under Section 382 of the Internal Revenue Code (the ""Code"") if a corporation undergoes an “ownership change,” generally defined as a  greater than 50% change (by value) in its equity ownership over a  41three-year period, the corporation's ability to use its pre-change NOLs and other pre-change tax attributes (such as capitalized research and development  costs and research tax credits) to offset its post-change income may be limited.",N/A
"A home, residential multiple dwelling unit  or commercial unit may contain one or more RGUs.For example, if a residential customer subscribed to our broadband internet  service, video service and fixed-line telephony service, the customer would constitute three RGUs.Total RGUs is the sum of Internet,  Video and Telephony Subscribers.RGUs generally are counted on a unique premises basis such that a given premise does not count as  more than one RGU for any given service.However, if an individual receives one of our services in two premises (e.g., a primary  home and a vacation home), that individual will count as two RGUs for that service.",N/A
"In addition to providing luxury accommodations, our business also depends on our ability to provide high-quality, personalized service including travel planning, on-site concierges, daily housekeeping and unique travel experiences.If we are not successful in providing high-quality, luxury experiences to our members, the perceived benefits of Subscriptions may decrease and our business, financial condition and operating results may be adversely impacted.The relatively long-term and fixed-cost nature of our leases may limit our operating flexibility and could adversely affect our liquidity and results of operations.We currently lease most of our properties.Our obligations to landlords under these agreements extend for periods that frequently significantly exceed the duration of Subscriptions, often by many years although many, but not all, of our leases provide us the ability to terminate leases with appropriate notice.",N/A
"Onsite locations may influence the trend in our traditional branch count over time, but have not been the primary reason for our  traditional branch closings.The Onsite concept is not new, in that we entered into the first such arrangement in 1992.However,  it was largely a local option that grew slowly before we identified it as a growth driver in 2014.We have made substantial  investments toward accelerating its traction in the marketplace since 2015.In this model, we provide dedicated sales and  service to a single customer from a location that is physically within, or strategically proximate to, the customers' facility, with  inventory that is specific to the customers' needs.",N/A
"Construction of the Pipeline could be delayed or abandoned for any of many other reasons, such as it becoming economically disadvantageous to the Transporter, a failure to obtain or maintain all necessary permits, approvals and licenses for the construction and operation, mechanical or structural failures, inadvertent damages during construction, natural disasters, or any terrorist attack, including cyberterrorism, affecting the Pipeline or the Transporter.Any such delays in the construction of the Pipeline could delay the development of the Rio Grande LNG Facility and its becoming operational.We may be subject to risks related to doing business in, and having counterparties based in, foreign countries.We may engage in operations or make substantial commitments to and investments in, and enter into agreements with, counterparties located outside the U.S., which would expose us to political, governmental and economic instability and foreign currency exchange rate fluctuations.We also may participate in global carbon capture credit markets to the extent those develop and become available to our CCS projects or their customers.",N/A
"In 2012, we acquired the 30,000 copyright-strong Reverb Music and its roster of active songwriters.This catalog further diversified our holdings in the United Kingdom (“U.K.”) and added film and television music, such as the theme for the “Got Talent” franchise.We also acquired the FS Media collection of catalogs in 2014, thereby adding high quality American music with the catalogs of Sheryl Crow, John Denver, Billy Strayhorn, Evanescence and Creed to the repertoire.This acquisition included evergreen hits, such as “Take Me Home, Country Roads,” and extended our portfolio back to the 1930s with titles by legendary jazz musician Duke Ellington, such as “Take The A Train.”In 2015, the opportunity arose for us to invest in the royalty streams of Hans Zimmer's portfolio of film scores dating back to 1989's “Driving Miss Daisy”and including greats such as The Lion King, Gladiator, the Dark Knight franchise and others.",N/A
"Additionally, we voluntarily participate in load response programs operated by ERCOT, whereby we temporarily give ERCOT the right to curtail a set portion of our power load at their discretion in exchange for a fee.Ultimately, these benefits are shared by us and all participants in the ERCOT market, through the positive incentivizing of energy supply and demand consistency across the ERCOT marketplace, which contributes positively to the overall health of the Texas grid.During the past year, we have made substantial investments in our workforce to retain and attract best-in-class employees, substantially growing our employee base, while also internally promoting individuals to key positions across the Company.As of December 31, 2023, we had a total workforce of approximately 534 employees across our entire organization, including professionals in engineering, information and technology, operations, construction, manufacturing.finance, legal, communications, and Bitcoin Mining operations.",N/A
"Citi Trends empowers small business owners in our store areas through our Black History Makers Grant program.Launched in  2021, the program supports Black entrepreneurs who are making an impact in their communities.It is designed to increase  awareness of Black-owned businesses, and we provide ten $5,000 grants to Black business owners each year.Since its launch,  CITIcares, on behalf of Citi Trends, has awarded a total of $150,000 to 30 outstanding Black entrepreneurs.Available Information Our Annual Report on Form 10-K, quarterly reports on Form 10-Q, current reports on Form 8-K, proxy statements, and amendments to those reports, as well as other information that we file or furnish with the Securities and Exchange Commission (“SEC”) are available free of charge at https://ir.cititrends.com as soon as reasonably practicable after we file or furnish such material to the SEC.",N/A
"As a result of these uncertainties, our and our managers' and other operators' and tenants' businesses may not return to the levels experienced prior to the COVID-19 pandemic.If those managers', other operators' and tenants' businesses do not sufficiently improve, they may fail to pay amounts owed to us.We have a substantial amount of debt and are subject to risks related to our debt, including our ability to refinance maturing debt and the cost of any such refinanced debt.As of December 31, 2023, our consolidated debt was $3.1 billion.We are subject to numerous risks associated with our debt, including our ability to refinance maturing debt and the cost of any refinancing, the risk that our liquidity could be insufficient for us to make required payments and risks associated with high interest rates.",N/A
"We may be unable to 2 Table of Contents manufacture INDUKINE molecules at the scale needed for clinical development and commercial production on a timely basis or at all.• Preclinical studies and clinical trials are expensive, time-consuming and difficult to design and implement, and involve uncertain outcomes.We may encounter substantial delays in the commencement or completion, or termination or suspension, of our clinical trials, which could result in increased costs to us, delay or limit our ability to generate revenue and adversely affect our commercial prospects.If we experience delays or difficulties in the enrollment of patients in clinical trials, our clinical development activities could be delayed or otherwise adversely affected.We are developing WTX-124, and could potentially develop WTX-330 and future product candidates, in combination with third-party drugs, some of which may still be in development, and we will have limited or no control over the safety, supply, regulatory status or regulatory approval of such drugs.",N/A
"Our ability to obtain additional financing, if and when required, will depend on investor demand, our operating performance, the condition of the capital markets, and other factors.We cannot assure that additional financing will be available to us on favorable terms when required, or at all.If we raise additional funds through the issuance of equity, equity-linked, or debt securities, those securities may have rights, preferences, or privileges senior to those of our common stock, and, in the case of equity and equity-linked securities, our existing stockholders may experience dilution.As of December 31, 2023, we had $0 outstanding under the Revolving Credit Facility and $2.73 million outstanding under the note payable, net of $17 thousand of unamortized deferred financing.Our loan agreements contain certain restrictions and requirements that among other things:  require us to maintain a quarterly fixed charge coverage ratio and minimum working capital ratio;  limit our ability to obtain additional financing in the future for working capital, capital expenditures and acquisitions, to fund growth or for general corporate purposes;  limit our future ability to refinance our indebtedness on terms acceptable to us or at all;  limit our flexibility in planning for or reacting to changes in our business and market conditions or in funding our strategic growth plan; and  impose on us financial and operational restrictions.",N/A
"We may be adversely affected by the soundness of other financial institutions.Our ability to engage in routine funding transactions could be adversely affected by the actions and commercial soundness of other financial institutions.Bank and non-bank financial services companies are interrelated as a result of trading, clearing, counterparty and other relationships.We have exposure to different industries and counterparties and through transactions with counterparties in the bank and non-bank financial services industries, including brokers and dealers, commercial banks, investment banks and other institutional clients.As a result, defaults by, or even rumors or questions about, one or more bank or non-bank financial services companies, or the bank or non-bank financial services industries generally, have led to market-wide liquidity problems and could lead to losses or defaults by us or by other institutions.",N/A
"Even if we succeed in receiving marketing approval for and commercializing one or more of our product candidates, we expect that we will continue to incur substantial expenses and increasing operating losses in the foreseeable future.The amount of our future net losses will depend, in part, on the level of our future expenditure and revenue.Moreover, our net losses may fluctuate significantly from quarter to quarter and year to year, such that a period-to-period comparison of our results of operations may not be a good indication of our future performance.If we are unable to generate significant revenue from RenovoGem or attain profitability, we will not be able to sustain operations.We anticipate that our expenses will increase substantially if and as we:",N/A
"We are exposed to credit risk in our auto financing and prior auto financing facilitation businesses.Our failure to lease cars that we purchased from dealers or leased from other automobile rental companies with a satisfied utilization may have a material and adverse effect on our business, financial condition and results of operations.If data provided by automobile lessees and other third-party sources or collected by us are inaccurate, customer trust in us could decline.We may be subject to product liability claims if people or property are harmed by vehicles purchased through us.If our safety system fails to ensure user safety while using our online ride-hailing platform, our business, results of operations and financial condition could be materially and adversely affected.",N/A
"Across these settings, we provide central pharmacy automation solutions for both medication dispensing and IV compounding.We also provide patient engagement solutions to help improve adherence to prescriptions.With certain automation and technology- enabled service offerings, we provide expert services designed to help optimize utilization through subscription agreements, inclusive of expert personnel to operate the equipment.Our offerings include: Point of Care Our point of care automation solutions are designed to improve clinician workflows in patient care areas of the healthcare system, such as nursing units, patient wards, operating rooms, and emergency 6 departments.Automated dispensing systems are an essential part of medication management because they are designed to safeguard medications, including controlled substances, and provide automation to track inventory.",N/A
"We also believe there is a substantial market opportunity internationally.Emerging Therapies Chronic Venous Disease Chronic venous disease, or CVD, often progresses from DVT and includes scarred vein walls and wall-adherent obstructions.If these obstructions are left unaddressed, patients can develop painful, debilitating ulcers and ultimately progress to PTS.Up to 50% of patients suffering from DVT that are treated with conservative therapies will develop CVD, which is often caused by chronic scarring and occlusion of vessels.Because of the severity and lifestyle-limiting nature of CVD symptoms, approximately 90% of patients with PTS are unable to work 10 years after diagnosis.",N/A
"Capitalizing on our deep understanding of the Chinese culture, with over 1,000 employees and subcontractors, and supported by two outsourced call centers in China, we have become a trusted partner serving approximately 15,000 Asian restaurants providing sales and service support to customers who mainly converse in Mandarin or Chinese dialects.We are committed to providing excellent customer service by delivering a distinctive product portfolio built from an indelible partnership with both foreign and domestic suppliers.These relationships ensure that we deliver an outstanding array of products at competitive prices.Our relationships with suppliers and knowledge of the market are the cornerstones of our negotiating power with suppliers and enable us to better manage potential supply chain disruptions and stockouts, gain price concessions and increase delivery schedules.Corporate History HF Foods was originally incorporated in the State of Delaware on May 19, 2016 as a special purpose acquisition company under the name Atlantic Acquisition Corp. (“Atlantic”), in order to acquire, through a merger, share exchange, asset acquisition, share purchase, recapitalization, reorganization or similar business combination with, one or more businesses or entities.",N/A
"Any recall of our products or their components  that we supply to our partners could materially adversely affect our business by rendering us unable to sell those products or  components for some time and by adversely affecting our reputation.Recalls are costly and take time and effort to administer.Even if a recall only initially relates to a single product, product batch, or a portion of a batch, recalls may later be expanded to  additional products or batches or we or our partners may incur additional costs and need to dedicate additional efforts to  investigate and rule out the potential for additional impacted products or batches.Moreover, if any of our partners recall a  product due to an issue with a product or component that we supplied, they may claim that we are responsible for such issue  and may seek to recover the costs related to such recall or be entitled to certain contractual remedies from us.Recalls may  further result in decreased demand for our partnered or proprietary products, could cause our partners or distributors to return  24 products to us for which we may be required to provide refunds or replacement products, or could result in product shortages.",N/A
"· implementing additional internal systems and infrastructure, as needed; and· attracting, hiring and retaining qualified personnel.Our limited operating history of our current business plan may make it difficult for investors to evaluate the success of our business to date and to assess our future viability.We are an early-stage company founded in 2012, with a limited operating history that has recently changed its business plan to develop and sell our new and potential products.There can be no assurance that any of our future products and services will be successfully developed, protected from competition by others, or marketed successfully.",N/A
"Your interest in the Company may be diluted if you do not fully exercise your subscription rights in any rights offering.If we issue preferred stock, the net asset value and market value of our common stock will likely become more volatile.• Holders of any preferred stock we might issue would have the right to elect members of our Board and class voting rights on certain matters.Our investment objective is to generate both current income and capital appreciation through debt and equity investments.We expect the companies in which we invest will generally  have between $5 million and $50 million in trailing twelve-month earnings before interest, tax, depreciation and amortization (“EBITDA”).",N/A
"We believe that our combination of interactive games, attractive television viewing areas, high-quality  dining, and full-service beverage offerings, delivered in a highly energized atmosphere, provides a multi-faceted  customer experience that cannot be easily replicated at home or elsewhere without having to visit multiple  destinations.We aim to offer our customers a value proposition comparable or superior to many of the separately  available dining and entertainment options.We are continuously working with game manufacturers and others to  create new games and attractions that include content that is exclusively available at our Dave & Buster's and  Main Event stores on a permanent or temporary basis.Our new games in combination with new food and  beverage offerings and focused attention to the customer experience help us to retain and generate customer  traffic.Our value proposition is enhanced by marketing initiatives, including free game play that often features  the introduction of our new games, game play dollar volume discounts, and eat and play promotional offers.",N/A
"Our revenues in fiscal 2023 decreased compared to our revenues in fiscal year 2022.It is uncertain whether we can identify, win, and retain new customers sufficient to resume revenue growth.A reduction in tests ordered, without offsetting growth in our customer base, could impact our ability to successfully grow our business and could have a material adverse impact on our net revenues and profitability.We compete primarily based on the quality of testing, timeliness of results, reputation in the industry, the pricing of services and ability to employ qualified personnel.Our failure to successfully compete on any of these factors could result in the loss of customers and a reduction in our ability to expand our customer base.",N/A
"57  •  receipt and maintenance of timely marketing approvals from applicable regulatory authorities;  •  successfully launching commercial sales of our product candidates, if approved;  •  the prevalence, duration and severity of potential side effects or other safety issues  experienced with our product candidates, if approved;  •  entry into collaborations to further the development of our product candidates;  •  obtaining and maintaining patent and trade secret protection or regulatory exclusivity for our  product candidates;  •  acceptance of the benefits and uses of our product candidates, if approved, by patients, the  medical community and third-party payors;  •  maintaining a continued acceptable safety, tolerability and efficacy profile of the product  candidates following approval;  •  our compliance with any post-approval requirements imposed on our products, such as post- marketing studies, REMS or additional requirements that might limit the promotion,  advertising, distribution or sales of our products or make the products cost prohibitive;  •  competing effectively with other therapies;  •  obtaining and maintaining healthcare coverage and adequate reimbursement from third-party  payors;  •  our ability to identify bispecifics; and  •  enforcing and defending intellectual property rights and claims.These factors, many of which are beyond our control, could cause us to experience significant  delays or an inability to obtain regulatory approvals or commercialize our current or future product  candidates, and could otherwise materially harm our business.Successful completion of preclinical  studies and clinical trials does not mean that any other current or future product candidates we develop  will receive regulatory approval.Even if regulatory approvals are obtained, we could experience  significant delays or an inability to successfully commercialize our current and any future product  candidates we develop, which would materially harm our business.If we are not able to generate  sufficient revenue through the sale of any current or future product candidate, we may not be able to  continue our business operations or achieve profitability.",N/A
"If clinical trials are unsuccessful, and we are not able to obtain regulatory approvals for our product candidates under development, we will not be able to commercialize these products, and therefore may not be able to generate sufficient revenues to support our business.The disorders we seek to treat have low prevalence and it may be diﬃcult to identify patients with these disorders, which may lead to delays in enrollment for our trials or slower commercial revenue if approved, and we may also face enrollment challenges as a result of other factors.Genetically deﬁned disorders generally, and especially those for which our current product candidates are targeted, have low incidence and prevalence.We expect to rely in part on relationships with clinical centers of Table of Contents 38 excellence, key opinion leaders and patient advocacy groups to assist in identifying eligible patients, and any deterioration of those relationships could impede our ability to successfully enroll patients.Patient enrollment may be affected by other factors including: ● the severity of the disease under investigation; ● design of the study protocol; ● the eligibility criteria for the trial; ● the perceived risks, benefits and convenience of administration of the product candidate being studied; ● our efforts to facilitate timely enrollment in clinical trials; ● the availability of other clinical trials being conducted for the same indication; ● the patient referral practices of physicians; and ● the proximity and availability of clinical trial sites to prospective patients.",N/A
"The strength of these  markets depends on new housing starts and business investment, which are a function of many factors beyond  our control, including credit and capital availability, interest rates, foreclosure rates, housing inventory levels and  occupancy, changes in the tax laws, employment levels, consumer confidence, and the health of the United States  economy and mortgage markets.Economic downturns in the regions and markets we serve could result in lower  net sales and, since many of our expenses are fixed, lower profitability.Unfavorable changes in demographics,  credit markets, consumer confidence, housing affordability, or housing inventory levels and occupancy, or a  weakening of the U.S. economy or of any regional or local economy in which we operate, could adversely affect  consumer spending, resulting in decreased demand for our products, and adversely affecting our business.In  addition, instability in the economy and financial markets, including as a result of terrorism or civil or political  unrest, may result in a decrease in housing starts or business investment, which would adversely affect our  business.Seasonality and weather-related conditions may have a significant impact on our financial results from period  to period",N/A
"• Modifications to laws, regulations, and rules by the PRC government could lead to alterations in our operational processes and business  approaches.There are uncertainties regarding the interpretation and enforcement of PRC laws, rules and regulations.The market price of our common stock is expected to be volatile.We may be unable to integrate successfully and realize the anticipated benefits of the Contributions.We will continue to incur significant costs as a result of operating as a public company, and our management is required to devote substantial  time to compliance with regulations related to operating as a public company.",N/A
"Our proprietary client server technology helps maintain high-quality video and audio, even as many users simultaneously watch a particular broadcaster.Paltalk and Camfrog both attract a demographically and geographically diverse user base, with users in over 180 different countries.Paltalk users are approximately one-third domestic and two-thirds international, and Camfrog users have  an even larger international presence, with a particular concentration in Southeast Asia.In 2022, we acquired ManyCam, a live streaming software and virtual camera that allows users to deliver professional live videos on streaming platforms, video conferencing apps and distance learning tools.The ManyCam software provides multiple camera feeds, backgrounds and effects while also enabling users to share presentations, spreadsheets and documents.",N/A
"We face risks related to our purchase of certain real estate assets from Yellow Corporation.In January 2024, we acquired 17 freight terminals and leases to operate an additional 11 freight terminals pursuant to a sale by Yellow Corporation under Sections 363 and 365 of Chapter 11 of Title 11 of the U.S. Code.In connection with such acquisition, the Company assumed certain liabilities related to those facilities, including assumption of the 11 leases and liabilities relating to environmental, health and safety matters in connection with the ownership, operation, use or maintenance of such facilities, to the extent not extinguished by the proceedings of the U.S. Bankruptcy Court for the District of Delaware.The Company acquired these real estate assets on an as-is basis and could incur costs and expenses in connection with the acquisition that are unexpected or that exceed costs and expenses otherwise known.Furthermore, the acquisition, refurbishment, integration, opening and operation of such facilities may be more disruptive to existing Company operations than anticipated or more expensive than expected.",N/A
"For most patients, this involves mastectomy or lumpectomy,  radiation, and hormone therapy for five years.If treatment with (Z)-endoxifen can effectively halt the progression of DCIS, it would potentially spare a  significant percentage of patients diagnosed with this disease from aggressive, invasive, or potentially unnecessary treatment.Other Programs; Immunotherapy/CAR-T Programs Other Program.On July 6, 2023, Atossa announced a strategic, sponsored research agreement with Weill Cornell Medicine to study the potential of  inducing estrogen receptor expression in triple-negative breast cancer (TNBC).The goal of the research is to determine if treating TNBC with extracellular  vesicles carrying the estrogen receptor can change the cancer phenotype and turn on the estrogen receptor.",N/A
"The  second and third quarters of the year, which correspond to the spring and summer months in the United States, represent  the peak months of swimming pool use and pool installation and maintenance.Unseasonably late warming trends in the  spring or early cooling trends in the fall can shorten the length of the pool season.In addition, unseasonably cool  weather or extraordinary rainfall during the peak season can have an adverse impact on demand due to decreased  swimming pool use and installation.Due to such seasonality, our net sales are significantly stronger in the second and third quarters each year, and  are moderated in the first and fourth quarters.Further, adverse weather conditions can cause the timing of sales and cash  flows to shift significantly between quarterly and annual reporting periods and therefore significantly impact the  meaningfulness of period-to-period comparisons of financial and operating results.",N/A
"Also, sales to the U.S. government and its contractors as well as foreign military and government customers,  either directly or as a subcontractor to other contractors, often use a competitive bidding process and have unique purchasing  and delivery requirements, which often makes the timing of sales to these customers unpredictable.We have resources applied  to specific government contracts and if any of those contracts were terminated, we may incur substantial costs redeploying  those resources.Contracting in the defense industry is subject to significant regulation, including rules related to bidding, billing and  accounting kickbacks and false claims, and any non-compliance could subject us to fines and penalties or possible  debarment.Like all government contractors, we are subject to risks associated with this contracting.These risks include the  10 potential for substantial civil and criminal fines and penalties.",N/A
"In addition to navigation, our systems offer various technologies, including gamma ray, azimuthal gamma ray, real-time continuous inclination and azimuth, rotary steerable, pressure-while-drilling, mode shifting, stick-slip and destructive dynamics, dynamic sequencing and real-time shock and vibration modules.KLXE utilizes modern well planning and anti-collision software to assist our well planners in providing accurate real-time information to our customers.Additionally, KLXE offers our K-series mud motor fleet that features a proprietary transmission-mandrel to deliver strong build rates, fights fatigue on extended laterals and is available to service all known well profiles.The demand for these services tend to be influenced primarily by customer drilling-related activity levels.As of December 31, 2023, our market share of the U.S. onshore drilling market was 6.0%, as compared to 7.4% as of December 31, 2022, as measured by the number of rigs we have worked on during the year as a proportion of the total number of rigs published by Baker Hughes.",N/A
"Our patient enrichment strategy for azenosertib includes (a) evaluation of Cyclin E1 amplification and Cyclin E1 immunohistochemistry, or IHC, in our DENALI trial, (b) evaluation of PARP inhibitor-resistant PROC, a tumor with high levels of replication stress, in our MAMMOTH trial, and (c) evaluation of BRAFV600E mutated metastatic colorectal cancer, or mCRC, a tumor type with high levels of oncogene induced replication stress, in our ZN-c3-016 trial in collaboration with Pfizer Inc., or Pfizer.We believe our patient enrichment strategy for azenosertib has the potential to enable us to identify patients who would benefit the most from azenosertib.Advance the clinical development of our potentially best-in-class BCL-2 inhibitor in combination with azenosertib.Our BCL-2 inhibitor, ZN-d5, was designed to have best-in-class potency, selectivity and PK properties.We are 1 focusing our clinical development of ZN-d5 on our clinical trial investigating ZN-d5 in combination with azenosertib in relapsed or refractory, or R/R, acute myeloid leukemia, or AML.",N/A
"Moreover, the automotive industry has recently experienced, and may continue to  experience, a semiconductor shortage, which has negatively impacted the production of new vehicles.Any significant adverse change in any of these  factors, including, but not limited to, general economic conditions and the resulting bankruptcy of a customer, the closure of a customer manufacturing  facility or the ability of a customer manufacturing facility to obtain supplies to manufacture automobiles and to ship or receive shipments of parts, supplies  or finished product, may result in a reduction in automotive sales and production by our customers, and could have a material adverse effect on our  business, results of operations and financial condition.In recent months, we have observed increased economic uncertainty in the United States and abroad.Impacts of such economic weakness include: • falling overall demand for goods and services, leading to reduced profitability; • reduced credit availability; • higher borrowing costs;  • reduced liquidity;  • volatility in credit, equity and foreign exchange markets; and  • bankruptcies.Events involving limited liquidity, defaults, non-performance or other adverse developments that affect financial institutions or the financial services  industry generally, have in the past and may in the future lead to market-wide liquidity problems.",N/A
"New technologies may also be protected  by patents or other intellectual property laws and therefore may not be available to us.Any failure on our part to implement  new technology within our system may compromise our ability to compete.Our networks and those of our third-party service providers may be vulnerable to cybersecurity risks.We expect the secure transmission of confidential information over public networks to continue to be a critical element of our  ability to compete for business, manage our risks, and protect our customers and our reputation.Our network and those of our  third-party service providers and our customers may be vulnerable to unauthorized access, computer attacks, viruses and other  security problems.",N/A
"We classify a subset of our independent  contractor network as “preferred,” representing firms that meet our highest quality standards and are our most cost-effective providers.Our preferred contractor network completed 83 percent of our service requests in 2023.We believe that increased usage of our  preferred contractors leads to higher customer retention rates as well as lower costs.We intend to leverage our preferred contractor  base, and our ability to offer virtual diagnosis of issues, to enhance our contractors' and customers' experience, and to expand deeper  into home repair and maintenance services.For the year ended December 31, 2023, we generated revenue, net income and Adjusted EBITDA of $1,780 million, $171  million and $346 million, respectively.",N/A
"As healthcare payors continue to increase their utilization of early intervention services, the revenue from our later  stage network and healthcare management services will decrease.We face competition for staffing, which may increase our labor costs and reduce profitability.We compete with other healthcare providers in recruiting qualified management and staff personnel for the day-to-day operations  of our business, including nurses and other case management professionals.In some markets, the scarcity of nurses and other medical  support personnel has become a significant operating issue to healthcare providers.This shortage may require us to enhance wages to  recruit and retain qualified nurses and other healthcare professionals.",N/A
"If our growth rate were to decline significantly or become negative, it could adversely affect our financial condition and results of operations.Furthermore, even if we achieve profitability in the future, we may not be able to sustain profitability in subsequent periods.If we are not able to maintain positive cash flow in the long term, we may require additional financing, which may not be available on favorable terms or at all and/or which would be dilutive to our stockholders.If we are unable to successfully address these risks and challenges as we encounter them, our business, results of operations and financial condition would be adversely affected.Our failure to achieve or maintain profitability could negatively impact the value of our common stock.",N/A
