Risky Sentences,T/F
"We believe that  the rate of change in such processes and integrated circuit packages is accelerating.As a result of these changes  and other factors, assessing the market potential and commercial viability of test handling, ATE, system-level and  burn-in test equipment and test contactors is extremely difficult and subject to a great deal of risk.In addition, not  all integrated circuit manufacturers employ the same manufacturing processes.Differences in such processes  make it difficult to design standard test products that can achieve broad market acceptance.As a result, we might  not accurately assess the semiconductor industry's future equipment requirements and fail to design and develop  products that meet such requirements and achieve market acceptance.",N/A
"Risk Factors” of this Annual Report on Form 10-K.Below are some of these risks, any one of which could materially adversely affect our business, financial condition, results of operations, and prospects: •We may be unable to successfully execute on our strategic transformation plan, simplification initiatives, or our long-term growth strategy, including efforts to maintain or grow our current revenue and profit levels, reduce our costs, or accurately forecast demand and supply for our products.If we fail to attract new customers, retain existing customers, or maintain or increase sales to customers, our business, financial condition, results of operations, and growth prospects will be harmed.Our operating results may fluctuate significantly and our past operating results may not be a good indication of future performance.",N/A
"The Company recognizes that community banking is based on relationships and a core part  of the Company's service strategy is to recruit and develop employees that build these relationships with customers,  vendors, and other employees.In addition to offering a competitive base salary or wage, the company offers  comprehensive benefits, including training.Due to continued turnover, the Company increased its minimum wage to  $20 per hour effective January 1, 2022, in an effort to attract and retain employees at all levels.The Company's  employees are critical to the Company's ability to develop and grow relationships with its clients.Recruiting talent  within the Company's footprint has always been a fundamental strategy whenever possible but has been recently  complemented with offering existing and new employee's opportunities for remote and/or hybrid work arrangements  if possible.",N/A
"If we are unable to manufacture our products consistently, in sufficient quantities, and on a timely basis, our  bioprocessing revenue, gross margins and our other operating results will be materially and adversely affected.We rely on a limited number of suppliers or, for certain of our products, one supplier, and we may not be able to find replacements or  immediately transition to alternative suppliers, which could have a material adverse effect on our financial condition, results of operations  and reputation.There are only a limited number of suppliers of materials for certain of our products.An interruption in operations of the business related to  these products could occur if we encounter delays or difficulties in securing the required materials, or if we cannot then obtain an acceptable  substitute.Any such interruption could significantly affect the business related to these products and our financial condition, results of  operations and reputation.",N/A
"We have also completed the  additional non-clinical PK/PD investigations, as recommended by the FDA, which we believe support the dosing regimen selected for oral sulopenem.We expect to resubmit  our NDA to the FDA in the second quarter of 2024.Provided that the resubmitted NDA addresses all of the deficiencies identified in the CRL we received from the FDA in July  2021, we expect that the FDA will complete its review and take action six months from the date the FDA receives the resubmitted NDA (or during the fourth quarter of 2024).We have financed our operations to date primarily with the issuance of ordinary shares and convertible preferred shares, pre-funded warrants and warrants, debt raised  under a financing arrangement with Silicon Valley Bank (SVB), a sub-award from the Trustees of Boston University under the Combating Antibiotic Resistant Bacteria  Biopharmaceutical Accelerator (CARB-X) program and the proceeds of a private placement which closed in January 2020 (the Private Placement) and a subsequent rights  offering (the Rights Offering) pursuant to which our wholly owned subsidiary, Iterum Therapeutics Bermuda Limited (Iterum Bermuda), sold units (Units) consisting of (i)  Exchangeable Notes; and (ii) Limited Recourse Royalty-Linked Subordinated Notes (RLNs and, together with the Exchangeable Notes, the Securities), to certain existing and  new investors.In April 2018, we entered into a secured credit facility with SVB and made an initial drawdown of $15.0 million pursuant to a loan and security agreement.",N/A
"We may therefore conduct additional studies of (Z)- endoxifen to assess its correlation with the risk of breast cancer and/or reduction in the incidence of new breast cancers.A Phase 2 trial investigating (Z)-endoxifen in the neoadjuvant treatment setting, which is the window of time between a diagnosis and the  primary treatment.The intent of neoadjuvant therapy is to slow the growth of the cancer or even shrink the cancer prior to surgery.Doing this helps surgery  to be more effective and could alter the surgical approach; meaning some breast cancer patients could have a lumpectomy instead of a mastectomy.Neoadjuvant therapy has also been shown to reduce the likelihood that the cancer returns.",N/A
"In 2022, the sale of our mixed-use real estate property Block 21 in downtown Austin, producing  net cash proceeds of $112.3 million and a pre-tax gain of $119.7 million.We also completed the  sale of substantially all of our non-core assets.1  • In 2021, the sale of multi-family properties in Austin, The Santal within the Barton Creek  community and The Saint Mary located in the Circle C community.The sale of The Santal  generated net cash proceeds of approximately $74 million and a pre-tax gain of $83.0 million.The sale of The Saint Mary, after establishing a reserve for remaining costs of the partnership,  produced $20.9 million in cash and a pre-tax gain of $22.9 million ($16.2 million net of  noncontrolling interests).",N/A
"We expect our net losses to increase substantially as our lead product candidate, SZN-043, advances through clinical development.However, the amount of  our future losses is uncertain.Our ability to achieve or sustain profitability, if ever, will depend on, among other things, successfully developing product  candidates, continuing clinical trials for SZN-043, successful development and testing of SZN-413 through our partnership with Boehringer Ingelheim  International GmbH, or BI, obtaining regulatory approvals to market and commercialize product candidates, manufacturing any approved products on  commercially reasonable terms, entering into potential future alliances, establishing a sales and marketing organization or suitable third-party alternatives  for any approved product and raising sufficient funds to finance business activities.If we, or our current and potential future collaborators, are unable to  commercialize one or more of our product candidates, or if sales revenue from any product candidate that receives approval is insufficient, we will not  achieve or sustain profitability, which could have a material and adverse effect on our business, financial condition, results of operations and prospects.In our initial Phase 1 clinical trial for SZN-043, treatment-related adverse events have been observed, and if these findings are present in patients with  severe alcohol-associated hepatitis and do not represent acceptable safety, we could require additional capital to complete our clinical trial and  development efforts for SZN-043 or we may need to delay or abandon development of SZN-043.",N/A
"As a part of our growth strategy, we may make selected acquisitions of complementary products and/or businesses, such as our most recent  acquisitions of Metenova Holding AB and FlexBiosys, Inc.Any acquisition involves numerous risks and operational, financial, and managerial  challenges, including the following, any of which could adversely affect our business, financial condition, or results of operations:   x  difficulties in integrating new operations, technologies, products, and personnel;   x  problems maintaining uniform procedures, controls and policies with respect to our financial accounting systems;   x  lack of synergies or the inability to realize expected synergies and cost-savings;   x  difficulties in managing geographically dispersed operations, including risks associated with entering foreign markets in which we  have no or limited prior experience;   x  underperformance of any acquired technology, product, or business relative to our expectations and the price we paid;   x  negative near-term impacts on financial results after an acquisition, including acquisition-related earnings charges;   x  the potential loss of key employees, customers, and strategic partners of acquired companies;   x  claims by terminated employees and shareholders of acquired companies or other third parties related to the transaction;   x  the assumption or incurrence of additional debt obligations or expenses, or use of substantial portions of our cash;   x  the issuance of equity securities to finance or as consideration for any acquisitions that dilute the ownership of our stockholders;   x  the issuance of equity securities to finance or as consideration for any acquisitions may not be an option if the price of our common  stock is low or volatile which could preclude us from completing any such acquisitions;   x  any collaboration, strategic alliance and licensing arrangement may require us to relinquish valuable rights to our technologies or  product candidates, or grant licenses on terms that are not favorable to us;   x  diversion of management's attention and company resources from existing operations of the business;   x  inconsistencies in standards, controls, procedures, and policies;   x  assumption of, or exposure to, historical liabilities of the acquired business, including unknown contingent or similar liabilities that  are difficult to identify or accurately quantify; and20  x  risks associated with acquiring intellectual property, including potential disputes regarding acquired companies' intellectual  property.In addition, the successful integration of acquired businesses requires significant efforts and expense across all operational areas, including  sales and marketing, R&D, manufacturing, finance, legal, and information technologies.There can be no assurance that any of the acquisitions  we may make will be successful or will be, or will remain, profitable.",N/A
"We will need substantial additional financing to develop our product candidates and implement our operating plans.If we fail to obtain additional financing, we may be delayed or unable to complete the development and commercialization of our product candidates.We will continue to need additional capital beyond the proceeds received from our initial public offering (“IPO”), and we may raise capital through equity offerings (including our at-the-market facility), debt financings, collaborations and strategic alliances, licensing arrangements, or other sources.We expect to spend a substantial amount of capital in the research, development, and manufacture of our product candidates.We expect our expenses to increase in connection with our ongoing activities, particularly as we initiate and continue clinical trials for, and seek marketing approval of, our product candidates.",N/A
"Some battery components pose safety risks, potentially causing accidents that could lead to liability, manufacturing delays, and negatively impact market acceptance.We primarily produce and sell lithium-based battery systems.Should a viable alternative to lithium-based batteries emerge and gain market acceptance, it could significantly harm our business, financial health, and operational results.Our revenue heavily depends on a limited customer base, a trend likely to continue.We have identified a material weakness in our internal controls over financial reporting.",N/A
"We intend to leverage their collective experience to further the development of, and execute an optimal commercial strategy for, ONS-5010, including potentially licensing rights to ONS-5010 to a strategic partner outside the United States.● Engaging with regulatory agencies to establish clear guidelines for potential approval.We have continued our approach to work closely with regulatory authorities to develop and conduct clinical trials that we believe will appropriately support approval of our product candidates if our clinical trials are successful.Leveraging the expertise of large partners in the biopharma industry to support launch of ONS-5010, if approved.We have entered into a strategic commercialization agreement for the future distribution of ONS-5010, which is intended to provide us with the leverage and capabilities of a large biopharmaceutical company, if approved.",N/A
"The SEC maintains an internet site at http://www.sec.gov that contains reports, proxy and information  statements, and other information we file.Our website and the information contained therein or linked thereto are not intended to be  incorporated into this Annual Report on Form 10-K.Risk Factors  Risk Factors SummaryWe are subject to a variety of risks and uncertainties, including financial risks, operational risks, human capital risks, legal  proceedings and regulatory risks and certain general risks, which could have a material adverse effect on our business, financial  condition, results of operations and cash flows.Risks that we deem material are described under “Risk Factors” below and include,  but are not limited to, the following:  Financial Risks  ",N/A
"Further, certain  anticipated aspects of TCWS' business model involve TCWS acquiring used cars from consumers and holding such cars in inventory,  but if TCWS is unable to efficiently liquidate such inventory or recognize gains from the sale thereof, our revenue, results and  business may be adversely affected.Since 2020, we have introduced a number of other products to help streamline consumers' car-buying experience.The first of  these products allows consumers to connect with one of our insurance partners, from whom they may obtain car insurance.We also  have partnered with financial institutions to, among other things, allow consumers to pre-qualify for a car loan, review their credit  score to facilitate financing quotations and apply for credit from lenders.We have introduced, and intend to continue to introduce,  additional other products to facilitate the implementation of our TrueCar+ offering.",N/A
"If market adoption of lidar does not continue to develop, or adoption is deferred, or otherwise develops more slowly than we expect, our business will be adversely affected.The complexity of our products could result in unforeseen delays or expenses from undetected defects, errors, or reliability issues in our hardware or software which could reduce the market adoption of our products, damage our reputation with current or prospective customers, and expose us to product liability and other claims, thereby adversely affecting our operating costs.The average selling prices of our products or our fees or royalties from technology licenses could decrease rapidly over the life of the product or license term, which may negatively affect our revenue and gross margin.• Shareholder activism could cause us to incur significant expense, disrupt our business, result in a proxy contest or litigation, and impact our stock price.Risk Factors Relating to Our Business and Industry",N/A
"The sale of equity and convertible debt securities may result in dilution to our stockholders and certain of those securities may have rights senior to those of our common stock.If we raise additional funds through the issuance of preferred stock, convertible debt securities or other debt financing, these securities or other debt could contain covenants that would restrict our operations.Any other third-party funding arrangement could require us to relinquish valuable rights.The source, timing and availability of any future financing will depend principally upon market conditions, and, more specifically, on the progress of our clinical development programs.Funding may not be available when needed, at all, or on terms acceptable to us.",N/A
"Additionally, we make assumptions regarding policyholder behavior at the time of pricing, including the selection and utilization of the guaranteed options inherent within our produc d ts (e.g., utilization of option to annuitize within a GMIB product).An increase in the valuation of the liabi a lity could result to the extent emerging and actua t l experience deviates from these policyholder persistency and option utilization assumptions.We review key actua t rial assumptions used to record our variable annuity liabilities on an annual basis, including the assumptions regarding policyholder behavior.Changes to assumptions based on our AAR in future years could result in an increase in the liabi a lities we record for these guarantees.Furthermore, our Shield Annuities are index-linked annuities with guarantees for a defined amount of equity loss protection and upside participation.",N/A
"If we are slow or unable to adapt to new or changed requirements, or if we are not able to maintain  regulatory compliance, we may lose any marketing approval that we may have obtained, and we may not achieve or sustain profitability.Additionally, any future regulatory approvals that we receive may also contain requirements for costly post-marketing testing and surveillance to monitor the  safety and effectiveness of the product.Once a product is approved, the manufacturing processes, labeling, packaging, distribution, adverse event reporting, storage,  advertising, promotion, import, export, and record keeping for the product will be subject to extensive and ongoing regulatory requirements.These requirements include  submission of safety and other post-marketing reports, registration, and continued compliance with good manufacturing practices for any clinical trials that we conduct  post-approval.Finally, per FDA regulations, changes made to products, specifications, or test data evaluation methodology would generally require communication with the  FDA.",N/A
"Our business could be adversely impacted if (i) consolidation of our  customers leads to changes in purchasing habits, (ii) more people choose to live in urban settings or (iii) more homeowners  bypass our customers by directly procuring their own supplies or undertaking their own improvement projects.An outbreak of disease or similar public health threat, such as the recent COVID-19 pandemic, could adversely impact our  business and results of operations.An outbreak of disease or similar public health threat, such as the recent COVID-19 pandemic and its negative impact on the  worldwide economy, could have an adverse impact on our workforce, supply chain or operations.Although our revenues  increased during the COVID-19 pandemic that began in early 2020, we cannot assure you that our revenues would increase in  the event of a future public health emergency.New variants of COVID-19 could continue to cause outbreaks and uncertainties,  and any future epidemics, pandemics or similar public health crises could adversely impact our business and results of  operations.",N/A
"In connection with these acquisitions, we are conveyed record title to mineral and royalty interests.Due to such changes in ownership of mineral interests, the operator of the underlying property has the right, at such operator's discretion, to investigate and verify the title and ownership of mineral and royalty interests with respect to the properties it operates.If any title or ownership issues are not resolved to its reasonable satisfaction in accordance with customary industry standards, the operator has the right to suspend payment of the related royalty.If an operator of our properties is not satisfied with the documentation we provide to validate our ownership, such operator may suspend our royalty payment until such issues are resolved, at which time we would receive the full royalty payment which we would have otherwise received if not for the payment being suspended, without interest.Certain of our operators impose burdensome documentation requirements for title transfer and may keep royalty payments in suspense for significant periods of time.",N/A
"Mr. Hawley has  worked closely with Mr. Bath for over 15 years, including the last six years as a co-portfolio manager.The Company's investment results and/or growth in its AUM may be constrained if appropriate investment opportunities are  not available or if the Company closes certain of its investment strategies to new investors.The Company's ability to deliver excellent investment results depends in large part on its ability to identify appropriate  investment opportunities in which to invest client assets.If the Company is unable to identify sufficient investment  opportunities for existing and new client assets on a timely basis, its investment results could be adversely affected.The risk  that appropriate investment opportunities may be unavailable is influenced by a number of factors, including general market  conditions, and is likely to increase if the Company's AUM increases rapidly.",N/A
"For example, customers, suppliers and other third parties may defer decisions concerning working with us, or seek to change existing business relationships with us.Changes to or termination of existing business relationships could adversely affect our revenue, earnings and financial condition, as well as the market price of our common stock.The adverse effects of the pendency of the Merger could be exacerbated by any delays in completion of the Merger or termination of the Merger Agreement.We have incurred, and will continue to incur, direct and indirect costs as a result of the Merger.We have incurred, and will continue to incur, significant costs and expenses, including regulatory costs, fees for professional services and other transaction costs in connection with the Merger, for which we will have received little or no benefit if the Merger is not completed.",N/A
". . . . . . . . . . . . . . . . . . . . . . . . . . . . . . . . . . . . . . . . . . . . . . . . . . . . . . . . . . . . . 70 General Risk Factors • Obtaining and maintaining patent protection depends on compliance with various procedural, document submission, fee payment, and other requirements imposed by governmental patent agencies.Our patent protection could be reduced or eliminated for non-compliance with these requirements.. . . . . . . . . . . . . . . . . . . . . . . . . . . . . . . . . . . . . 71 32 Page •Our insurance coverage may not be sufficient to cover our legal claims or other losses that we may incur in the future.. . . . . . . . . . . . . . . . . . . . . . . . . . . . . . . . . . . . . . . . . . . . . . . . . 71 • Our operations rely on sophisticated information technology, systems, and infrastructure, a disruption of which could harm our operations.",N/A
"Our  products seamlessly enable access to high performance compute capacity to run simulations, on-premises or in the cloud, which  means our customers' R&D teams are unencumbered by compute capacity limitations that can hinder R&D cycle times.Our  investments in artificial intelligence capabilities across our simulation portfolio and technical support services enhance the  customer experience, democratize simulation and further next-generation innovation.The engineering software simulation market is strong and growing.The market growth is driven by customers' need for rapid,  quality innovation in a cost-efficient manner, enabling faster time to market for new products and lower warranty costs.Increasing product complexity is driving sustained demand for simulations.",N/A
"At  September 30, 2023, Third Capital, Inc. had consolidated assets of $9.0 million, and for the fiscal year ended September 30,  2023, Third Capital, Inc. had consolidated net income of $0.2 million.Third Capital, Inc. has no separate operations other than  as the holding company for its operating subsidiaries, and as a minority investor or partner in other entities.As of  September 30, 2023, the only remaining entity in which Third Capital, Inc. has an investment in is Third Cap Associates, Inc.,  an Ohio corporation that owns 49% and 60% of two title agencies that provide escrow and settlement services in the States of  Ohio, Florida and New Jersey, primarily to customers of the Association.For the fiscal year ended September 30, 2023, Third  Cap Associates, Inc. recorded net income of $0.2 million.THIRD FEDERAL SAVINGS AND LOAN ASSOCIATION OF CLEVELAND General",N/A
"Our medical technology products and operations are subject to regulation by the FDA, and other foreign and local governmental authorities.These agencies enforce laws and regulations that govern the development, testing, manufacturing, labeling, advertising, marketing and distribution, and post market surveillance of our medical products.Under the United States Federal Food, Drug, and Cosmetic Act, medical devices are classified into one of three classes — Class I, Class II or Class III — depending on the degree of risk associated with each medical device and the extent of control needed to ensure safety and effectiveness.We believe that our products currently under development and planned products will be Class II medical devices.Class II medical devices are subject to additional controls, including full applicability of the Quality System Regulations, and requirements for 510(k) pre-market notification.",N/A
"We have not generated any revenue from operations, and we expect to incur substantial net losses for the foreseeable future as we seek to further develop and commercialize RenovoGem and expand our pipeline of product candidates.Because of the numerous risks and uncertainties associated with developing and commercializing RenovoGem, we are unable to predict the extent of any future losses or when we will attain profitability, if ever.Investors in our common stock must carefully consider the substantial challenges, risks and uncertainties inherent in the attempted development and commercialization of RenovoGem.We may never successfully commercialize RenovoGem, and our business may not be successful.Our product candidates will require substantial additional development time and resources before we will be able to receive regulatory approvals, if any, and, if approved, to begin generating revenue from product sales.",N/A
"If we raise additional funds through future issuances of equity or convertible debt securities, our  existing stockholders could suffer significant dilution, and any new equity securities we issue could have rights, preferences and privileges superior to those of holders of our  common stock.Any debt financing that we may secure in the future could involve restrictive covenants relating to our capital raising activities and other financial and  operational matters, which may make it more difficult for us to obtain additional capital and to pursue business opportunities, including potential acquisitions.We may not be  able to obtain such additional financing on terms favorable to us, if at all.If we are unable to obtain adequate financing or financing on terms satisfactory to us when we require  it, our ability to continue to support our business growth and to respond to business challenges could be significantly impaired, and our business may be adversely affected.In  addition, our inability to generate or obtain the financial resources needed may require us to delay, scale back, or eliminate some or all of our operations, which may have a  material adverse effect on our business, operating results, financial condition and prospects.",N/A
Imdusiran is currently in two Phase 2a combination clinical trials.AB-101 is currently being evaluated in a Phase 1a/1b clinical trial.The two core elements of our strategy are: 1) developing a portfolio of compounds that target HBV; and 2) combining therapeutic product candidates with complementary mechanisms of action to develop a functional cure for people with cHBV infection.We believe that a combination of compounds that can suppress HBV DNA replication and HBsAg expression as well as boost patients' HBV-specific immune response could address the most important elements to achieving a functional cure.Functional cure is defined as undetectable HBV DNA and HBsAg levels six months after discontinuation of all treatment.,N/A
"• Failure to obtain proper business licenses or other documentation, or to otherwise comply with local laws and  requirements regarding marketing, sales or services, may result in civil or criminal penalties and restrictions on our  ability to conduct business in that jurisdiction.• Unanticipated changes in effective tax rates or adverse outcomes resulting from examination of our income or other  tax returns could adversely affect our operating results and financial condition.Our ability to use our net operating loss carryforwards and certain other tax attributes may be limited.We may become subject to intellectual property disputes, which are costly and may subject us to significant liability  and increased costs of doing business.We may fail to adequately obtain, maintain, enforce and protect our intellectual property and similar proprietary rights  or may be accused of infringing, misappropriating or otherwise violating intellectual property or similar proprietary  rights of third parties.",N/A
"• Control deficiencies were initially identified in 2020 in connection with the audit of our financial  statements for the years ended December 31, 2019 and 2018 and in the aggregate constituted material  weaknesses.We identified additional control deficiencies in 2024 during the preparation of our  consolidated financial statements for this annual report for the years ended December 31, 2023 and 2022.These additional control issues fall into the same material weaknesses that were initially identified in 2020.We may identify additional material weaknesses in the future that may cause us to fail to meet our reporting  obligations or result in material misstatements of our financial statements.If we fail to remediate any  material weaknesses or if we otherwise fail to establish and maintain effective internal control over  financial reporting, our ability to accurately and timely report our financial results could be adversely  affected.",N/A
"We may not be successful in our efforts to identify or discover potential product candidates.We may find it difficult to identify and enroll patients in our clinical studies, and the limited number of patients who have the diseases for  which certain of our product candidates are being studied could delay or prevent clinical studies of certain of our product candidates.If any of our product candidates cause undesirable side effects or have other properties impacting safety, their regulatory approval could be  prevented, delayed or limited.Even if we obtain regulatory approval for a product candidate, we will still face extensive regulatory requirements and our products may face  future development and regulatory difficulties.If we fail to comply with environmental, health and safety laws and regulations, we could become subject to fines or penalties or incur costs  that could have a material adverse effect on the success of our business.",N/A
"Our business is subject to evolving corporate governance and public disclosure regulations and expectations,  including with respect to ESG matters that could expose us to numerous risks.•  Provision of certain of our data services relies on installing, configuring, and operating proprietary configuration  of hardware and software systems located in third-party facilities and errors affecting such facilities' operations  could lead to liability for us, and any objection from such third-party facility or delay in providing us physical or  logical access to our systems may adversely impact our ability to timely perform our contract obligations or lead  to confidentiality, integrity, availability, security, or privacy controls exceptions.•  U.S. federal tax reform and changes in foreign tax laws could change our tax burden and adversely affect our  business and financial condition.•  Future events may impact our deferred tax asset position, including the utilization of net operating loss and tax  credit carryforwards.Risks Related to Our Strategic Transactions  •",N/A
"If the borrower experiences any of these or other risks, the borrower may not generate sufficient cash flows from the property to make payments on or refinance the transitional loan, and we may not recover some or all of our investment.Tremont's diligence process for investment opportunities may not reveal all facts that may be relevant for an investment, and if we incorrectly evaluate the risks of our investments, we may experience losses.Prior to our making any investment, Tremont conducts diligence that it considers reasonable based upon the facts and circumstances of the investment.When conducting diligence on our behalf, Tremont may be required to evaluate important and complex business, financial, tax, accounting, environmental and legal issues.Outside consultants, legal advisors, accountants and investment banks may be involved in the diligence process to varying degrees depending on the type of potential investment.",N/A
"Generally, pricing competition is very aggressive in the industry, and we expect pricing pressures to continue.There can be no assurance that we will be able to negotiate prices as favorable as those negotiated by our competitors or that we will be able to offset the effects of price reductions with an increase in the number of clients, higher net sales, cost reductions or higher sales of services, which are typically at higher gross margins, or otherwise.Price reductions by our competitors that we either cannot or choose not to match could result in an erosion of our market share and/or reduced sales or, to the extent we match such reductions, could result in reduced operating margins or inventory impairment charges, any of which could have a material adverse effect on our business, financial condition and results of operations.Some of our competitors in each of our operating segments may have greater technical, marketing and other resources than we do.In addition, some of these competitors may be able to respond more quickly to new or changing opportunities, technologies and client requirements.",N/A
"There can be no assurance that this business will not become more broadly regulated and, if so, that any such regulation would not have a material adverse effect on the ability of the Company to establish appropriate life expectancies in connection with the purchase or sale of policies.The Company's policy acquisitions are limited by the market availability of life insurance policies that meet the Company's eligibility criteria and purchase parameters, and failure to secure a sufficient number of quality life insurance policies could have a material adverse effect on the Company's business.The life insurance policy secondary market has grown substantially in the past several years, however, as to whether and how it will continue to develop is uncertain.There are only a limited number of life insurance policies available in the market from time to time.There can be no assurance that the Company will be able to source life insurance policies on terms acceptable to the Company.",N/A
"We also may evaluate and enter into discussions regarding an array of potential strategic transactions, including acquiring complementary products, technologies or businesses.An acquisition, investment or business relationship may result in unforeseen operating difficulties and expenditures.In particular, we may encounter difficulties integrating the businesses, technologies, products, personnel or operations of the acquired companies, particularly if the key personnel of the acquired company choose not to be employed by us, and we may have difficulty retaining the customers of any acquired business due to changes in management and ownership.Acquisitions may also disrupt our ongoing business, divert our resources and require significant management attention that would otherwise be available for ongoing development of our business.Moreover, we cannot assure you that the anticipated benefits of any acquisition, investment or business relationship would be realized timely, if at all, or that we would not be exposed to unknown liabilities.",N/A
"The ability of our customers to obtain appropriate coverage and reimbursement for our products and the drugs they administer is critical because it affects which products customers purchase and the price they are willing to pay.Third-party payors are increasingly reducing coverage and reimbursement for certain healthcare services and products and challenging prices charged for healthcare services and products.Environmental Health and Safety LawsWe are required to comply with federal, state, and local environmental laws; however, there is no significant effect of compliance on capital expenditures, earnings, or competitive position.We do not use significant amounts of hazardous materials in the assembly of our products.",N/A
"As a result of these limitations, there is rapidly growing interest in other immune effector cells for CAR engineering, including NK  cells,  T cells and macrophages.We believe our approach, harnessing iNKT cells, offers significant advantages over existing cell therapies.We are advancing a novel approach through the deployment of iNKT cells, a select subset of T cells with the capabilities to orchestrate both innate and  adaptive immunity and the potential to deliver durable memory responses associated with T cell therapies with the cytolytic power of NK cells.The  immune system is a complex network of soluble factors and cellular components that defends the body against cancer and infection, with two main lines of  defense: innate immunity (e.g. NK cells) and adaptive immunity (T and B cells).T cells are key to the adaptive immune response to cancer and infections, and through expression of specific TCRs they recognize antigens displayed on the  surface of target cells.",N/A
"We periodically participate in loans and financing arrangements for entities in which the Company has an equity ownership and representation on the board of directors (or similar governing body).B. Riley may also provide consulting services or investment banking services to raise capital for these companies.Investing Part of our overall strategy includes identifying attractive investment opportunities where we may seek to control or influence the operations of the companies in which we invest in order to deliver financial and operational improvements designed to maximize free cash flow and, therefore, returns to our shareholders.Our team concentrates on opportunities presented by distressed companies or divisions that exhibit challenging market dynamics.Representative transactions include acquisitions of receivable portfolios, recapitalizations, direct equity investments, debt investments, active minority investments, and buyouts.",N/A
"•  risks associated with sustainability and corporate social responsibility and our status as a public benefit  corporation, including any new requirements to public reporting;  •  lawsuits, product recalls or regulatory enforcement actions in connection with real or perceived food safety and  food-borne illness incidents, other safety concerns or related to advertising inaccuracies, digital marketing  practices, or product mislabeling;  •  our ability to comply with new and existing government regulation and legislative changes, both in the United  States and abroad;•  our ability to comply with laws and regulations relating to anti-corruption, sanctions, trade, data privacy, data  protection, advertising and consumer protection;  •  our dependence on information technology systems, and the risk of failure or inadequacy of such systems and  cyberattacks;  •  our ability to protect our intellectual property;  5•  our need for and ability to obtain additional financing to achieve our goals; and•  our ability to service any indebtedness and comply with the covenants imposed under our existing  debt agreements.Overview  The Vita Coco Company is a leading platform for brands in the functional beverage category.",N/A
"The transaction involved both cash and stock.All activity has been merged into Farmers Insurance.Farmers Insurance is a subsidiary of Farmers Bank and does not account for a material portion of revenue and, therefore, will not be discussed individually, but as part of the Bank.Farmers of Canfield Investment Company Farmers Investments was formed during 2014, with the primary purpose of investing in municipal securities.Farmers Investments is a subsidiary of Farmers Bank and does not account for a material portion of revenue and, therefore, will not be discussed individually, but as part of the Bank.",N/A
"Our pre-integrated approach, combined with  our deep domain experts managing the applications, allow our customers to scale their operations and do what matters most – focus on  satisfying their end customers and growing their businesses.Why We Win At CSG, many of our significant customer relationships span decades.To earn the right to do business with companies for that length of time,  you need to be trusted, dependable, and innovative.You need to be bold, future-forward, relentlessly focused, passionate, customer-obsessed,  people-centric, innovative – and most importantly – you need to deliver.We do all of this by constantly obsessing over the needs and success of our customers as we help them design and deliver exceptional, digitally- enabled, customer and employee experiences.",N/A
"In addition, sustained unfavorable economic conditions may affect the number of patients enrolled in managed care programs and the profitability of managed care companies, which could result in reduced revenue due to reduced reimbursement for our services.There can be no assurance that third-party payors will make timely payments for our services, not seek recoupment of payments on grounds that may or may not be valid, or that we will continue to maintain our current payor or revenue mix.We are continuing our efforts to develop our private pay sources of revenue.Any changes in payment levels from current or future third-party payors could have a material adverse effect on our business financial condition, results of operations and cash flows.In addition, enrollment in Medicare Advantage programs continues to grow nationwide, and an increasing proportion of Medicare and Medicaid funds are managed by companies that are also third-party payors who may seek to reduce reimbursement as described above.",N/A
"The effect on our  deposits of decreases in interest rates generally lags the effect on our assets.The lagging effect of deposit  rate changes is primarily due to the Bank's deposits that are in the form of certificates of deposit, which  do not re-price immediately when the federal funds rate changes.Fixed rate loans increase the Company's exposure to interest rate risk in a rising rate environment because  interest-bearing liabilities would be subject to repricing before assets become subject to repricing.Adjustable rate loans decrease the risks to a lender associated with changes in interest rates but involve  other risks.As interest rates rise, the payment by the borrower rises to the extent permitted by the terms of  the loan, and the increased payment increases the potential for default.",N/A
"We intend to advance our product candidates into initial  and later stages of clinical development, which requires significant capital.In addition, we are developing the RaniPill HC.If the FDA or any comparable  foreign regulatory authorities, such as the EMA, require that we perform studies or trials in addition to those that we currently anticipate with respect to the  development of our product candidates or any of our future product candidates, or repeat studies or trials, our expenses would further increase beyond what  we currently expect, and any delay resulting from such further or repeat studies or trials could also result in the need for additional financing.As of December 31, 2023, our cash, cash equivalents and marketable securities totaled $48.5 million.Based on our available cash resources  and current operating plan, there is substantial doubt regarding our ability to continue as a going concern for a period of one year after the date that our  financial statements for the year ended December 31, 2023 are issued.",N/A
"Investing in our securities involves risks.Before you make a decision to buy our securities, in addition to the risks and uncertainties discussed above under “Cautionary Note Regarding Forward-Looking Statements,” you should carefully consider the specific risks set forth herein.If any of these risks actually occur, it may materially harm our business, financial condition, liquidity and results of operations.As a result, the market price of our securities could decline, and you could lose all or part of your investment.Additionally, the risks and uncertainties described in this report, or in any document incorporated by reference herein, are not the only risks and uncertainties that we face.",N/A
"Our  product candidates will require substantial additional development time and resources before we will be able to apply for or receive regulatory approvals and, if  approved, begin generating revenue from product sales.Furthermore, we expect to continue to incur additional costs associated with operating as a public company.We  also do not yet have a sales organization or commercial infrastructure and, accordingly, we will incur significant expenses to develop a sales organization or commercial  infrastructure in advance of regulatory approval and generating any commercial product sales.We expect to continue to incur losses for the foreseeable future, and we  anticipate these losses will increase as we continue to develop IDE397, darovasertib, IDE161, our other product candidates and any future product candidates, conduct  clinical trials and pursue research and development activities.Even if we achieve profitability in the future, we may not be able to sustain profitability in subsequent  periods.",N/A
"OLPRUVA is an adjunctive therapy for long-term management of adults and children weighing 20kg or greater with UCD from deficiencies of CPS, OTC, or AS.● OLPRUVA is differentiated from currently available forms of phenylbutyrate.OLPRUVA is formulated to improve palatability while providing patients with a portable and discrete pre-measured dose.● Zevra has assembled a team to support OLPRUVA and additional future commercial products.We have established an efficient commercial team which is designed to fully service the patients and prescribers within the rare disease indications we are pursuing.",N/A
"We may not achieve or sustain profitability in the future compared to historical levels as we increase investments in our business.We have incurred operating losses in the past and may continue to incur net losses in the future.For the year ended December 31, 2023, we had a net  loss of $289.6 million, compared to a net loss of $24.2 million for the year ended December 31, 2022.We expect our operating expenses to increase in the  future as we invest capital to make acquisitions, develop new features, add to our existing intelligence modules and invest in new products and data  sources.Further, our administrative costs have significantly increased relative to prior periods due to the incremental costs associated with operating as a  public company, including corporate insurance costs, additional accounting and legal expenses, and additional resources associated with controls, reporting,  and disclosure.",N/A
"We continue to progress the clinical development of reni-cel, but it may be years, if ever, before we have a product candidate ready for commercialization.To become and remain profitable, we must develop and eventually commercialize a medicine or medicines with significant market potential.This will require us to be successful in a range of challenging activities, including identifying product candidates, completing preclinical testing and clinical trials of product candidates, obtaining marketing approval for these product candidates, manufacturing, marketing, and selling those medicines for which we may obtain marketing approval, and satisfying any post-marketing requirements.We may never succeed in these activities and, even if we do, may never generate revenues that are significant or large enough to achieve profitability.Other than reni-cel, we are currently only in the preclinical testing stages for our most advanced research programs.",N/A
"As of December 31, 2023, we had $40.9 million in cash, cash equivalents and short-term investments.We expect that our existing cash, cash equivalents and  short-term investments as of December 31, 2023, will enable us to fund our operations into the second half of 2025, assuming no further repurchases under our  stock repurchase program.However, changing circumstances or inaccurate estimates by us may cause us to use capital significantly faster than we currently  anticipate, and we may need to spend more money than currently expected because of circumstances beyond our control.For example, our ongoing and future  clinical studies of our product candidates may encounter technical, enrollment or other issues that could cause our development costs to increase more than we  expect.As of December 31, 2023, we have repurchased 298,385 shares of our common stock under the stock repurchase program for a total of approximately  $0.3 million.",N/A
"Since becoming a publicly traded company in 2019, we have increased the headcount of our accounting and  finance functions to further support the demands placed upon us as a public company, including the requirements of  the Sarbanes-Oxley Act of 2002 (“Sarbanes-Oxley”).We expect to continue expending significant time and  resources related to our internal control over financial reporting, including by further expanding our finance and  accounting staff over time, but there can be no assurance our efforts will be effective.We may need to raise additional capital to fund our existing operations, commercialize new products or  expand our operations.We believe our existing cash and cash equivalents, marketable investment securities and anticipated cash  generated from sales of our products will be sufficient to fund our operations for at least the next 12 months.If our  available cash and cash equivalents, marketable investment securities and anticipated cash generated from sales  of our products are insufficient to satisfy our liquidity requirements including because of lower demand for our  products, lower than currently expected rates of reimbursement from third-party payors or other risks described in  this Annual Report on Form 10-K, we may finance our cash needs through a combination of equity offerings, debt  financings, collaborations, strategic alliances and marketing, distribution or licensing arrangements.",N/A
"Our estimate may prove to be wrong, and we could use our available capital resources, if any, sooner than we currently expect.Further, changing circumstances, some of which may be beyond our control, could cause us to consume capital significantly faster than we currently anticipate, and we may need to seek additional funds sooner than planned.To the extent this occurs, it could impose significant dilution on our stockholders.We may seek additional capital due to favorable market conditions or strategic considerations even if we believe we have sufficient funds for our current or future operating plans.Attempting to secure additional financing may divert our management from our day-to-day activities, which may adversely affect our ability to develop our product candidates.",N/A
"RISKS RELATED TO OUR OUTSTANDING DEBTOur debt service requirements are significant, and we may not have sufficient cash flow from our business to pay our substantial debt.The outstanding principal amount of our 3.25% convertible senior notes due 2025 (the “2025 Notes”) at December 31, 2023 was $161.9 million.The 2025 Notes have a maturity date of May 1, 2025.In addition, we have a line of credit pursuant to a Loan and Security Agreement (the “Credit Agreement”) by and among Siena Lending Group LLC, as lender, the borrower parties thereto and the Company, as guarantor, which established a $50 million revolving credit facility (the “Credit Facility”).",N/A
"They are perpetrated by a variety of groups and persons, including state-sponsored parties, malicious actors, employees, contractors, or other unrelated third parties.Some of these persons reside in jurisdictions where law enforcement measures to address such attacks are ineffective or unavailable, and such attacks may even be perpetrated by or at the behest of foreign governments.In addition, we routinely rely upon third-party providers whose products and services are used in our business.These third- party providers have experienced in the past, and will continue to experience in the future, cyberattacks that involve attempts to obtain unauthorized access to our Confidential Information and/or to create operational disruptions that could adversely affect our business, and these providers also face other security challenges common to all parties that collect and process information.In August 2021, we disclosed that our systems were subject to a criminal cyberattack that compromised certain data of millions of our current customers, former customers, and prospective customers, including, in some instances, social security numbers, names, addresses, dates of birth and driver's license/identification numbers.",N/A
"While Canadian and U.S. copyright laws, international conventions and  international treaties may provide meaningful protection against unauthorized duplication of software, the laws of some foreign  jurisdictions may not protect proprietary rights to the same extent as the laws of Canada or the United States.The absence of  internationally harmonized intellectual property laws makes it more difficult to ensure consistent protection of our proprietary  rights.Software piracy has been, and is expected to be, a persistent problem for the software industry, and piracy of our  software products represents a loss of revenue to us.Where applicable, certain of our license arrangements have required us to  make a limited confidential disclosure of portions of the source code for our software products, or to place such source code  into escrow for the protection of another party.Despite the precautions we have taken, unauthorized third parties, including our  competitors, may be able to copy certain portions of our software products or reverse engineer or obtain and use information  that we regard as proprietary.",N/A
"For the year ended December 31, 2023, our net loss was $190.3 million.As of December 31, 2023, we had an  accumulated deficit of $678.3 million.We expect to continue to incur significant operating expenses and anticipate that our  expenses will increase due to costs relating to, among other things: • researching, developing, validating and commercializing potential new testing services, products and patient and  digital solutions, including additional expenses in connection with our continuing development and commercialization  of KidneyCare, HeartCare, AlloSeq, AiTraC and other future solutions; • developing, presenting and publishing additional clinical and economic utility data intended to increase payer coverage  and clinician adoption of our current and future solutions; • expansion of our operating capabilities; 27 • maintenance, expansion and protection of our intellectual property portfolio and trade secrets; • the process of fully integrating acquired companies and operations and the associated potential disruptions to our  business; • future clinical trials; • expansion of the size and geographic reach of our sales force and our marketing capabilities to commercialize our  existing and future solutions; • employment of additional clinical, quality control, scientific, customer service, laboratory, billing and reimbursement  and management personnel; • compliance with existing and changing laws, regulations and standards, including those relating to corporate  governance and public disclosure and regulations implemented by the Securities and Exchange Commission, or the  SEC, and The Nasdaq Stock Market LLC;   • ongoing litigation; • employment of operational, financial, accounting and information systems personnel, consistent with expanding our  operations and our status as a public company; and • failure to achieve expected operating results may cause a future impairment of goodwill or other assets.Even if we achieve significant revenues, we may not become profitable, and even if we achieve profitability, we may not be  able to sustain or increase profitability on a quarterly or annual basis.Our failure to become and remain consistently profitable  could adversely affect the market price of our common stock and could significantly impair our ability to raise capital, expand  our business or continue to pursue our growth strategy or even continue to operate.",N/A
"Adjusted EBITDA is used as a basis for certain compensation programs sponsored by the Company.There are limitations to the use of the non-GAAP financial measures presented in this Annual Report on Form 10-K.For example, our non- GAAP financial measures may not be comparable to similarly titled measures of other companies.Other companies, including companies in our industry, may calculate non-GAAP financial measures differently than we do, limiting the usefulness of those measures for comparative purposes.The non-GAAP financial measures are not meant to be considered as indicators of performance in isolation from or as a substitute for the most directly comparable financial measures prepared in accordance with GAAP and should be read only in conjunction with financial information presented on a GAAP basis.",N/A
"As a result, our use and definitions of recurring revenue and ARPU may not be comparable with, and may be subject to increased fluctuation relative to, those of other SaaS-based companies that do not include non-subscription components such as label sales in their definitions of recurring revenue or ARPU.Overestimates or underestimates in our manufacturing forecasts could cause us to hold insufficient or excess inventory or result in delays in the manufacturing and delivery of our products, which could interfere with our ability to retain orders or provide services to our customers.If we fail to predict our manufacturing requirements accurately, we could incur additional costs or experience manufacturing delays.We currently use a rolling 12-month forecast based primarily on our anticipated product orders and our product order history to help determine our requirements for components and materials.It is important that we accurately predict both the demand for our products and the lead-time required to obtain the necessary components and raw materials.",N/A
"The burden of providing ongoing service distracts from the ability to acquire new clients, and ultimately limits an agent's opportunity for growth.Our agents are freed from the burden of ongoing service, and as a result, both corporate sales and franchise agents are substantially more productive than top performers in our industry as it relates to new sales.Compared to the 2023 Best Practices Study, which uses 2022 industry data, in 2023 and 2022, corporate sales agents with more than three years of tenure averaged 2.8x and 2.9x as much New Business Production per Agent, respectively, as the industry best practice.Franchise sales agents with more than three years of tenure averaged 1.8x in 2023 and 1.8x in 2022 as much New Business Production per Agent (Franchise) as the industry best practice.2023 New Business Revenue per agent by tenure ($000s) Source: Internal data for 2023; Carrier provided information; Reagan Consulting 2023 Best Practices Study (using 2022 data) (1) Represents industry best practice per Reagan Consulting; does not include Unvalidated Producers; most industry agents have tenures significantly longer than 2 to 3 years.",N/A
"These conditions can be affected by broader macroeconomic trends, such as the macroeconomic disruptions  resulting from the Russian invasion of Ukraine in 2022 and the elevated levels of inflation experienced beginning in the second half of  2021.For more information on the impact of macroeconomic trends on our business, please refer to the risk factor under the caption  “Our business is subject to risks related to global economic conditions, including inflation and interest rates, consumer demand, global  supply chain challenges and other macroeconomic issues that could have an adverse effect on our business and financial performance.”We typically do not enter into long-term purchase contracts that provide for fixed prices for our principal raw materials.While we enter  into hedging agreements from time to time for some of our raw materials and energy sources, such as resin (or components thereof) and  natural gas, to minimize the impact of such fluctuations, these hedging agreements do not cover all of our needs, hedging may reduce  the positive impact we may otherwise receive when raw material prices decline and hedging arrangements may not always be available  at commercially reasonable rates or at all, as is the case with our supply of energy in California, for example.In addition, over the last several years, there has been a trend toward consolidation among suppliers of many of our principal raw  materials, and we expect that this trend may continue.",N/A
"Our  therapeutics consist of three essential components: a proprietary Fab, a clinically validated linker and an oligonucleotide payload that we  attach to our Fab using the linker.We engineered our proprietary Fab to bind to TfR1 to enable targeted delivery to skeletal, cardiac and  smooth muscle.We selected the linker for our platform based on its clinically validated safety and efficacy in approved products, its serum  stability and its ability to release the therapeutic payload within the muscle cell.We attach the Fab and linker to a therapeutic payload that  can be an antisense oligonucleotide, or ASO, a small interfering RNA, or siRNA, a phosphorodiamidate morpholino oligomer, or PMO, or a  small molecule that we rationally select to target the genetic basis of disease to potentially stop or reverse disease progression.We use the  same Fab and linker for our product candidates which enables modularity of the platform.",N/A
"All of our other product  candidates are still in preclinical development.If we or our collaborators are unable to successfully develop and commercialize product candidates or  experience significant delays in doing so, our business may be materially harmed.We are early in our development efforts, and only a small number of our product candidates are in or are entering into clinical development.The majority of  our product candidates are currently in preclinical development.We have invested substantial resources in identifying and developing potential product  candidates, conducting preclinical studies and clinical trials and developing an efficient and scalable manufacturing process for our product candidates.",N/A
"During 2023 we began the electrification of the Stables fleet, which provides us 2 further experience and data on the benefits and challenges of independent fleet operators experience.The entire fleet is expected to be electrified in 2024.The initiative is designed to provide valuable insights into how our customers can plan for and manage the transition to Electric Vehicle (“EV”) operations, including how to develop adequate charging infrastructure, training and maintenance services and the associated total cost of EV transition and ownership.In addition to our growing delivery vehicle technology portfolio, we have developed Drones as a Service (“DaaS”) data products.As part of the pilot program, we offer Unmanned Aerial Systems (“UAS”) services, including monitoring via drone, data procurement and analytics using Light Detection and Ranging (“LiDar”), which provides stakeholders the ability increase the efficiency of their land.",N/A
"Our business is significantly dependent on the sales of ETUARY, our marketed product in the PRC, amid a competitive landscape, and there is a  possibility that we may not be able to sustain or boost the sales volume, pricing, and profitability of ETUARY.We are a biotechnology company and have only generated revenues from the commercial sale of ETUARY, which is approved in the PRC, and certain  generic drugs.We only have one product and certain generic drugs for commercial sale and are still in the early stages of development of our other product  candidates.We are largely dependent on sales of ETUARY, but we may not be able to maintain ETUARY's sales volumes, pricing levels or profit margins.Sales of ETUARY accounted for 98.9% and 96.9% of our total revenue in 2023 and 2022, respectively, and we expect that sales of ETUARY will continue  to comprise a substantial portion of our total revenue in the near future.",N/A
"• A pandemic, epidemic or outbreak of an infectious disease in the United States or worldwide, including the outbreak of the COVID-19 virus, could adversely affect our business.• Security breaches, cyber-attacks, loss of data or other disruptions or incidents could expose us to liability and affect our business and reputation.Risks Related to Legal Matters and Government Regulation • Our operations are subject to extensive laws and government regulation and oversight both in the United States and internationally, and our actual or alleged failure to comply with applicable requirements could harm our business.We may not receive the necessary clearances or approvals for modifications to our products, and failure to do so would adversely affect our ability to grow our business.The misuse or off-label use of our products may harm our reputation in the marketplace, result in injuries that lead to product liability suits or result in costly investigations, fines or sanctions by regulatory bodies.",N/A
"Nearly half of the world's population is sharing opinions across social media daily, shaping public perception and influencing purchasing decisions at enormous scale.• Social media is driving trends and purchasing decisions.A significant number of purchasing decisions are originating from, influenced by or transacted through social media.According to our report, Social Shopping in 2022: Consumer Behaviors in the Social Shopping Cart, 40% of consumers find products via organic social posts from the brand and 34% of consumers research products using social media.• Consumer expectations are high.",N/A
"In addition, a downgrade could negatively affect our ability to implement our strategy because it could cause our current or potential agents to choose other more highly rated competitors or reduce our ability to obtain reinsurance.For additional information, see Part I, Item 1, “Business” and “Financial Strength.”Our results may fluctuate as a result of many factors, including cyclical changes in the insurance industry, competition, and innovation and emerging technologies.The property and casualty insurance industry has historically been characterized by soft markets (periods of relatively high levels of price competition, less restrictive underwriting practices, and generally low premium rates) followed by hard markets (periods of capital shortages resulting in a lack of insurance availability, relatively low levels of price competition, more selective underwriting of risks, and relatively high premium rates).During soft markets, we may lose business to other carriers offering competitive insurance at lower rates.",N/A
"Our businesses rely on various computer systems, including third-party systems, to provide customer information, process customer transactions and provide other general information necessary to manage our businesses.We have an active disaster recovery plan in place that is frequently reviewed and tested.However, our computer systems are subject to damage or interruption due to system conversions, power outages, computer or telecommunication failures, catastrophic events such as fires, tornadoes and hurricanes and usage errors by our employees.Although we believe that we have adopted appropriate measures to mitigate potential risks to our technology and our operations from these information technology-related and other potential disruptions, given the unpredictability of the timing, nature and scope of such disruptions, we could potentially be subject to production downtimes, operational delays and interruptions in our ability to provide products and services to our customers.Any disruption caused by the unavailability of our computer systems could adversely affect our sales, could require us to make a significant investment to fix or replace them and, therefore, could adversely affect our consolidated results of operations.",N/A
"At every level of our organization, we build our culture by serving with  accountability, inspiring belonging, championing empowerment, operating with excellence, and acting with integrity.With new senior  leadership throughout the organization, we focus our ways of working on open, frequent communication and approach our roles with a  continuous improvement mindset.Our new communication vehicles foster two-way dialogue and offer continuous touchpoints for  associates to hear about our strategy, values and ways of working, learn from senior leaders about our business progress and connect  with one another.Additionally, our people programs, as well as our meaningful focus on diversity, equity, inclusion and belonging,  reinforce our shared values and behaviors.For more information, see the “Our People” section below.",N/A
"• Failure to comply with the U.S. Foreign Corrupt Practices Act, other applicable anti-corruption and anti-bribery laws,  and applicable trade control laws could subject us to penalties and other adverse consequences.Any failure to protect our intellectual property could impair our brand and our competitiveness.• Resolution of claims that we have violated or may violate the intellectual property rights of others could require us to  indemnify others or pay significant royalties to third parties.• Provisions of our governance documents and Delaware law might discourage, delay or prevent a change of control of  our company or changes in our management.Financial Risks • Our R&D expenditures, as a percentage of our net sales, are considerably higher than many of our competitors.",N/A
"Risks Related to Intellectual Property● Assertions by a third party that the Company's solutions infringe its intellectual property, whether correct, could subject the Company to costly and time-consuming litigation or expensive licenses.● The Company relies on third-party software to develop and provide its solutions, including server software and licenses from third parties to use patented intellectual property.● If the Company is unable to protect its domain names, its reputation, brand, customer base, and revenue, as well as its business and operating results, could be adversely affected.Risks Related to the Company's Common Stock and Securities",N/A
"The foregoing actions and circumstances could materially adversely impact our business,  liquidity, results of operations and future prospects.Any such required financing may not be available in amounts or on terms acceptable to us or at all, and the  failure to procure such required financing could have a material and adverse effect on our business, financial  condition and results of operations, or threaten our ability to continue as a going concern.In addition, if we are  unsuccessful in raising the required funds, we may need to modify our operational plans to continue as a going  concern, and we may have to delay, reduce the scope of or eliminate some or all of our planned development  activities or proposed exploration programs at the Project and elsewhere.In the event additional capital  resources are unavailable, we may also be forced to sell some or all of our properties in an untimely fashion or on  less than favorable terms.Any of these factors could harm our operating results.",N/A
"Advertisers can integrate this targeting data with their own data or an agency's proprietary data relating to client attributes, the advertisers' own store locations and other related characteristics.Through the use of these types of data sources, together with measurement features, including real-time feedback on consumer reactions to the ads, programmatic advertising increases the value of impressions for advertisers and inventory owners, and viewers receive more relevant ads.At the same time, new laws, enforcement of existing laws, and self-regulatory rules regarding the collection, use, and disclosure of personal information continue to impact these practices.5 Table of Contents Automation of Ad Buying.The growing complexity of digital advertising and the laws and rules that govern it have increased the need for automation.",N/A
"The following table sets forth summary data regarding Trustmark's securities, loans, assets, deposits, equity and revenue over the past three years ($ in  thousands):Securities   $ 3,189,157     $ 3,518,596     $ 3,581,414Total securities growth (decline)$ (329,439 )   $ (62,818 )   $ 1,051,527   Total securities growth (decline)-9.4 %    -1.8 %    41.6 %",N/A
"If we are unable to establish adequate sales, marketing and distribution capabilities, whether independently or with third parties, or if we are unable to do so on commercially reasonable terms, our business, results of operations, financial condition and prospects will be materially adversely affected.We may encounter issues and challenges in generating sufficient revenues to result in a profit.We may also encounter challenges related to reimbursement of LUMRYZ, including potential limitations in the scope, breadth, availability, or amount of reimbursement covering LUMRYZ.Similarly, healthcare settings or patients may determine that the financial burdens of treatment are not acceptable.We may face other limitations or issues related to the price of LUMRYZ.",N/A
"Additionally, we may not be able to achieve the growth necessary  for our continued success.Failure to attract and retain management and other personnel may damage our operations and financial results and  cause our stock price to decline.We depend, to a significant degree, on the skills, experience and efforts of our executive officers and other key  management, technical, finance, sales and other personnel.Our failure to attract, integrate, motivate and retain existing or  additional personnel could disrupt or otherwise harm our operations and financial results.We do not carry key man life  insurance policies covering any employees.",N/A
"Our monthly spending levels vary based on new and ongoing research and development and other corporate activities.Because the length of time and activities associated with successful research and development of biotechnology products is highly uncertain, we are unable to estimate the actual funds we will require for development and any approved marketing and commercialization activities.Any additional capital-raising efforts may divert our management from their day-to-day activities, which may adversely affect our ability to develop and, if approved, commercialize our current and any future development candidates.Additional funding may not be available on acceptable terms, or at all.As a result of actual or anticipated changes in interest rates and economic inflation and the impact of the Russia/Ukraine conflict and Israel-Hamas conflict, the global credit and financial markets have experienced and may in the future experience extreme volatility and disruptions, including severely diminished liquidity and credit availability, declines in consumer confidence, declines in economic growth, and uncertainty about economic stability.",N/A
"The forward-looking statements in this Annual Report include, among other things, statements about: • the initiation, timing, progress and results of our current and future preclinical studies and clinical trials and related preparatory work and the  period during which the results of the trials will become available, as well as our research and development programs; • our estimates regarding expenses, future revenue, capital requirements and needs for additional financing; • our ability to obtain regulatory approval of camonsertib, lunresertib and any of our other current and future product candidates that we  develop; • our ability to identify and develop additional product candidates using our SNIPRx platform; • business disruptions affecting the initiation, patient enrollment, development and operation of our clinical trials, including a public health  emergency or pandemic; • the evolving impact of macroeconomic events, including health pandemics, changes in inflation, the U.S. Federal Reserve raising interest  rates, disruptions in access to bank deposits or lending commitments due to bank failures and the Russia-Ukraine and Middle-East conflicts,  on our operations, supply chains, general economic conditions, our ability to raise additional capital, and the continuity of our business,  including our preclinical studies and clinical trials; • our ability to enroll patients in clinical trials, to timely and successfully complete those trials and to receive necessary regulatory approvals; • the timing of completion of enrollment and availability of data from our current preclinical studies and clinical trials, including ongoing  clinical trials of camonsertib and lunresertib; • the expected timing of filings with regulatory authorities for any product candidates that we develop; • our expectations regarding the potential market size and the rate and degree of market acceptance for any current or future product candidates  that we develop; • our ability to receive any milestone or royalty payments under our collaboration and license agreements; • the anticipated impact of the termination of our collaboration with Hoffmann-La Roche Inc. and F. Hoffmann-La Roche Ltd for the  development and commercialization of camonsertib, including our expectations regarding the development of camonsertib following the  transition of commercial and development rights in camonsertib back to us;   • our ability to realize the benefits of the collaboration compounds retained by us following the termination of our collaboration with F.  Hoffmann-La Roche Ltd and Hoffman-La Roche Inc.; • the effects of competition with respect to camonsertib, lunresertib, or any of our other current or future product candidates, as well as  innovations by current and future competitors in our industry; • our ability to fund our working capital requirements; 3• our intellectual property position, including the scope of protection we are able to establish, maintain and enforce for intellectual property  rights covering our product candidates; • our financial performance and our ability to effectively manage our anticipated growth; • our ability to obtain additional funding for our operations; and • other risks and uncertainties, including those listed under the section titled “Risk Factors” in this Annual Report.Although we believe that the expectations reflected in these forward-looking statements are reasonable, these statements relate to our strategy, future  operations, future financial position, future revenue, projected costs, prospects, plans, objectives of management and expected market growth, and involve  known and unknown risks, uncertainties and other factors including, without limitation, risks, uncertainties and assumptions regarding the impact of the  macroeconomic events on our business, operations, strategy, goals and anticipated timelines, our ongoing and planned preclinical activities, our ability to  initiate, enroll, conduct or complete ongoing and planned clinical trials, our timelines for regulatory submissions and our financial position that may cause  our actual results, levels of activity, performance or achievements to be materially different from any future results, levels of activity, performance or  achievements expressed or implied by these forward-looking statements.You are urged to carefully review the disclosures we make concerning these risks  and other factors that may affect our business and operating results in this Annual Report.You are cautioned not to place undue reliance on these forward- looking statements, which speak only as of the date of this document.",N/A
"We or our collaborators, as applicable, may not  be able to demonstrate the efficacy and safety of any of our current product candidates or any future product candidate at each stage of  clinical development or we may encounter other issues with any clinical trials or non-clinical studies required for regulatory submissions.Success in non-clinical studies or in earlier clinical trials or interim results of clinical trials may not be repeated or observed in ongoing,  future or completed studies or trials involving the same compound or other product candidates.Some or all of our or our collaborators'  clinical trials may fail to meet their primary or key secondary endpoints, raise safety issues or generate mixed results.We may find that  studying alternate formulations of our product candidates or doses that achieve higher or lower patient exposure may result in unexpected  adverse events or raise other safety issues or may otherwise generate negative results.For example, in our ongoing dose-ranging study of  SAGE-324, the KINETIC 2 Study, we are evaluating multiple doses, including the same maximum dose of SAGE-324 that we evaluated in  prior studies.",N/A
"In the United States, our product candidates are regulated by the FDA as drugs under the Federal Food, Drug, and Cosmetic Act, or the FDCA, the Public Health Service Act, or the PHSA, and regulations implemented by the FDA.The failure to comply with the applicable requirements at any time during the product development process, including preclinical testing, clinical testing, the approval process or post-approval process, may subject an applicant to delays in the conduct of clinical trials, regulatory review and approval, and/or administrative or judicial sanctions.These sanctions may include, but are not limited to, the FDA's refusal to allow an applicant to proceed with clinical testing, refusal to approve pending applications, license suspension or revocation, withdrawal of an approval, warning letters, adverse publicity, customer notifications, product recalls, product seizures, refusal to grant export or import approval total or partial suspension of production or distribution, consent decrees, injunctions, fines, and civil or criminal investigations and penalties brought by the FDA or Department of Justice, or other governmental entities.The process required by the FDA before a new drug or biologic may be marketed in the United States generally involves satisfactorily completing each of the following steps:• preclinical laboratory tests, animal studies and formulation studies all performed in accordance with the FDA's Good Laboratory Practice regulations;",N/A
"The overall cost of gathering brokered deposits and/or FHLB advances, however, could be substantially higher than the  Traditional Bank deposits they replace, increasing the Bank's funding costs and reducing the Bank's overall results of operations.Recent negative developments in the banking industry could adversely affect Republic's current and future business operations  and its financial condition and results of operations.Recent bank failures and their related negative media attention have generated  significant market trading volatility among publicly traded bank holding companies and, in particular, bank holding companies for  regional and community banks.These developments have negatively impacted customer confidence in regional and community banks,  which could prompt customers to maintain their deposits with larger financial institutions.Further, competition for deposits has  increased in recent periods, and the cost of funding has similarly increased, putting pressure on  net interest margin.",N/A
"Our operating results are also impacted by the mix of our revenue generated  from our different revenue sources, which include transaction revenue and platform and usage-based fee revenue.Changes in our revenue  mix from quarter to quarter, including those derived from cross-border or domestic currency transactions, will impact our margins, and we  may not be able to grow our revenue margin adequately to achieve or sustain profitability.In addition, the mix of payment methods utilized by  our clients' customers may have an impact on our margins given that our costs associated with certain payment methods, such as credit  cards, are higher than other payment methods accepted by our solutions, such as bank transfers.Due to the cross-border nature of much of  our business, fluctuations in foreign currency exchange rates, slowdowns in international mobility and other regional considerations may  affect our operating results.We will also face increased compliance and security costs associated with growth, the expansion of our client  base, and being a public company.",N/A
"In addition, regardless of whether any claims against us are valid or whether we are found to be liable, claims may be expensive to defend, and may divert management's attention away from operations and hurt our performance.Further, adverse publicity resulting from claims may harm our business or that of our franchisees.Our amended and restated by-laws provide that the Court of Chancery of the State of Delaware will be the exclusive forum for certain types of actions and proceedings that may be initiated by our stockholders, which could limit our stockholders' ability to obtain a favorable judicial forum for disputes with us or our directors, officers, employees or agents.Our amended and restated by-laws provide that consistent with the applicable provisions of the Delaware General Corporation Law (the “DGCL”), unless our Board of Directors, acting on behalf of the Company, consents in writing to the selection of an alternative forum, the Court of Chancery of the State of Delaware shall be the sole and exclusive forum for any and all internal corporate claims, including but not limited to: 13 • any derivative action or proceeding brought on our behalf; • any action asserting a claim of breach of fiduciary duty owed by any stockholder, director, officer, other employee or stockholder of the Company to us or our stockholders; • any action arising pursuant to any provision of the DGCL or as to which the DGCL confers jurisdiction on the Court of Chancery of the State of Delaware; and • any action asserting a claim against us that is governed by the internal affairs doctrine.These provisions would not apply to suits brought to enforce a duty or liability created by the Securities Exchange Act of 1934, as amended (the “Exchange Act”) or any claim for which the federal district courts of the United States of America have exclusive jurisdiction.",N/A
"The risk of unauthorized  circumvention of our security measures has been heightened by advances in computer capabilities and the increasing sophistication of hackers.The banks that issue our cards, our clients and our third-party service providers also may experience similar security breaches involving the receipt, transmission and storage of our confidential customer and other information.Improper access to our or these third parties' systems or databases could result in the theft, publication, deletion or modification of confidential customer and other information.A data security breach of the systems on which sensitive cardholder data and account information are stored could lead to fraudulent activity involving our products and services, reputational damage and claims or regulatory actions against us.If we are sued in connection with any data security breach, we could be involved in protracted and costly litigation.",N/A
"62  Senior Vice President, Chief Financial OfficerStanley M. Bergman has been our Chairman and Chief Executive Officer since 1989 and a director since 1982.Mr. Bergman held the position of President from 1989 to 2005.Mr. Bergman held the position of Executive Vice  President from 1985 to 1989 and Vice President of Finance and Administration from 1980 to 1985.James P. Breslawski has been our Vice Chairman since 2018, President since 2005 and a director since 1992.",N/A
"Further, we or our competitors may introduce new products or services or product enhancements that shorten the life cycle  of existing products or services or cause existing products or services to become obsolete.Because our networks and information technology systems are critical to our success, if unauthorized persons access our systems or our systems  otherwise cease to function properly, our operations could be adversely affected and we could lose revenue or proprietary information, all of which  could materially adversely affect our business.As our business is conducted largely online, it is dependent on our networks being accessible and secure.If an actual or perceived breach of network  security occurs, regardless of whether the breach is attributable to our network security controls, the market perception of the effectiveness of our network  security could be harmed resulting in loss of current and potential end user customers, data suppliers, or cause us to lose potential value-added resellers,  distributors, or strategic partners.Our business is largely dependent on our customer-facing websites and our websites may be inaccessible because of  service interruptions or subject to hacking or computer attacks.",N/A
"Past growth has placed demands on our management, financial, operational, technological and other resources.The  anticipated growth and expansion of our business depends on a number of factors, including our ability to: • increase awareness of our brand and successfully compete with other companies; • effectively market our products through Honest.com and retail partnerships to increase sales velocity; • price our products effectively so that we are able to attract new consumers and expand sales to our existing consumers; • expand distribution and points of sales (the number of SKUs) with new and existing consumers; • continue to innovate and introduce new products; • maintain and improve our technology platform supporting our Honest.com business; • expand our supplier and fulfillment capacities; • maintain quality control over our product offerings; and • effectively implement our business strategies.Such growth and expansion of our business will place significant demands on our management and operations teams and require significant additional resources, financial and otherwise, to meet our needs, which may not be available in a cost-effective  manner, or at all.We expect to continue to expend substantial resources on: • our sales and marketing efforts to increase brand awareness, further engaging our existing and prospective consumers, and driving sales of our products; • technology platforms to support sales of our products and make our supply chain and operations more efficient; • product innovation and development; and • general administration, including increased finance, legal and accounting expenses associated with being a public company.These investments may not result in the growth of our business.",N/A
"We expect the companies in which we invest will generally  have between $5 million and $50 million in trailing twelve-month earnings before interest, tax, depreciation and amortization (“EBITDA”).We believe our focus on direct lending to private  companies enables us to receive higher interest rates and more substantial equity participation.As part of that strategy, we may invest in first lien loans, which have a first priority security interest  in all or some of the borrower's assets.In addition, our first lien loans may include positions in “stretch” senior secured loans, also referred to as “unitranche” loans, which combine characteristics  of traditional first lien senior secured loans and second lien loans, providing us with greater influence and security in the primary collateral of a borrower and potentially mitigating loss of  principal should a borrower default.We also may invest in second lien loans, which have a second priority security interest in all or substantially all of the borrower's assets.",N/A
"Our International Equity Strategies invest principally in the securities of non-U.S. companies, which involve foreign currency exchange, tax, political, social and economic  uncertainties and risks.As of December 31, 2023, our international equity strategies, which invest primarily in companies domiciled outside of the United States, accounted for approximately  1.2% of our assets under management.In addition, some of our other strategies also invest on a more limited basis in securities of non-U.S. companies.Fluctuations in foreign  currency exchange rates could negatively affect the returns of our clients who are invested in these strategies.In addition, an increase in the value of the U.S. dollar relative to  non-U.S. currencies is likely to result in a decrease in the U.S. dollar value of our assets under management, which, in turn, could result in lower revenue since we report our  financial results in U.S. dollars.",N/A
"● Substantial uncertainties and restrictions with respect to the political and economic policies of the PRC government and PRC laws and regulations could have a significant impact upon the business that we may be able to conduct in the PRC and accordingly on the results of our operations and financial condition.● Adverse regulatory developments in China may subject us to additional regulatory review, and additional disclosure requirements and regulatory scrutiny to be adopted by the SEC in response to risks related to recent regulatory developments in China may impose additional compliance requirements for companies like us with significant China-based operations, all of which could increase our compliance costs, subject us to additional disclosure requirements.● Compliance with China's new Data Security Law, Measures on Cybersecurity Review, Personal Information Protection Law, regulations and guidelines relating to the multi-level protection scheme and any other future laws and regulations may entail significant expenses and could materially affect our business.Recent greater oversight by the CAC over data security, particularly for companies seeking to list on a foreign exchange, could adversely impact our business and our offering.We may be adversely affected by the complexity, uncertainties and changes in PRC regulation of internet-related businesses and companies, and any lack of requisite approvals, licenses or permits applicable to our business may have a material adverse effect on our business and results of operations.",N/A
"The nature of our products and their uses require that they be manufactured by highly trained personnel in state-of-the-art facilities following exacting procedures to ensure quality.As of December 31, 2023, approximately 24% of our workforce have earned advanced degrees and all receive rigorous training on our procedures.During 2023, the majority of our nucleic acid products were manufactured at our San Diego, California Wateridge facility (“Wateridge facility”).The Wateridge facility was purpose-built to address our customers' needs for critical raw materials manufactured under certain GMP conditions and APIs for investigational use.Our raw material products are manufactured following the voluntary quality standards of ISO 9001:2015.",N/A
"If the logic determining placement and 11 display of results of a consumer's search changes, the placement of links to our platforms can be negatively affected and our costs to improve or maintain our placement in search results can increase.In addition, a decline or slowing growth in travel search traffic negatively impacts our ability to efficiently generate traffic to our platforms through performance marketing on general search platforms, which could have an adverse effect on our business and results of operations.We rely on various third-party distribution channels (i.e., marketing affiliates) to distribute accommodation, rental car, and airline ticket reservations.Should one or more of such third parties cease distribution of reservations made through us, or suffer deterioration in its search or meta-search ranking, our business, market share, and results of operations could be adversely affected.We offer a range of insurance products related to our travel offerings, primarily through third-party insurance providers.",N/A
"The  Company will continue to monitor the ongoing events concerning these three banks as well as any future potential bank failures  and volatility within the banking industry generally, together with any responsive measures taken by the banking regulators to  mitigate or manage potential turmoil in the banking industry.We are subject to interest rate risk.Through our banking subsidiary, the Bank, our profitability depends in large part on  our net interest income, which is the difference between interest earned from interest earning assets, such as loans and  mortgage-backed securities, and interest paid on interest bearing liabilities, such as deposits and borrowings.Our net interest  income will be adversely affected if market interest rates change such that the interest we pay on deposits and borrowings  increase faster than the interest earned on loans and investments.The rates of interest we earn on assets and pay on liabilities  generally are established contractually for a period of time.",N/A
"If preclinical studies or clinical trials for our product candidates cannot be initiated or completed or if they are delayed or unsuccessful, we will be unable to meet our future development and commercialization goals.We rely and expect to continue to rely on third parties, including contract research organizations (“CROs”) and outside consultants, to conduct, supervise or monitor some or all aspects of preclinical studies and clinical trials involving our product candidates.We have less control over the timing and other aspects of these preclinical studies and clinical trials than if we performed the monitoring and supervision entirely on our own.Third parties may not perform their responsibilities for our preclinical studies and clinical trials on our anticipated schedule or, for clinical trials, consistent with a clinical trial protocol.Delays in preclinical studies and clinical trials could signiﬁcantly increase our product development costs and delay product commercialization.",N/A
"On November 1, 2021, we utilized proceeds from the IPO and cash on hand  to repay $100.0 million of outstanding borrowings under our term loan (the “First Lien Term Loan”).On November 30, 2021, we acquired Employment Background Investigations, Inc. (“EBI”) for a purchase price  of $67.8 million, consisting of $66.3 million of cash and $1.5 million of contingent consideration recorded at fair  value.EBI provides background screening, drug testing, occupational healthcare and electronic Form I-9 solutions  for today's talent acquisition and workforce management needs.This acquisition expanded our presence in key U.S.  Verticals, including financial services, healthcare, retail, manufacturing and transportation.On November 23, 2022, our board of directors authorized the repurchase of up to $100.0 million of our shares  of common stock over a period through December 31, 2024.",N/A
"Industry consolidation (horizontally and vertically) and other factors have increased the  buying leverage of the major grocery retailers in our markets, which may put further downward pressure on our pricing and  volume and could adversely affect our results of operations.17 Our earnings are sensitive to fluctuations in market supply and prices and demand for our products.Excess supply often causes severe price competition in our industry.Growing conditions in various parts of the world,  particularly weather conditions such as windstorms, floods, droughts and freezes, as well as diseases and pests, are primary  factors affecting market prices because of their influence on the supply and quality of product.The COVID-19 pandemic also  reduced the demand for our products resulting in excess supply.",N/A
"The timing and amount of our funding requirements will depend on many factors, including:  • the revenue received from sales of PEMGARDA and any other product candidates for which we receive future regulatory authorization or  approval;  • the rate of progress in the development of our product candidates;  • the scope, progress, results and costs of discovery, nonclinical studies, preclinical development, laboratory testing and clinical trials for our  product candidates and associated development programs;  • the extent to which we develop, in-license or acquire other product candidates, intellectual property and/or technologies;  • the scope, progress, results and costs of manufacturing and validation activities associated with our current product candidates and with the  development and manufacturing of our future product candidates as we advance them through preclinical and clinical development;  • the number and development requirements of product candidates that we may pursue;  • the costs, timing and outcome of regulatory review of our product candidates; • our headcount growth and associated costs as we expand our research and development capabilities and build and maintain a commercial  infrastructure for product candidates for which we obtain regulatory authorization or approval;  • the timing and costs of securing sufficient manufacturing capacity for clinical and commercial supply of our product candidates, or the raw  material components thereof; • the costs and timing of commercialization activities, including product manufacturing, marketing, sales and distribution, for any of our  product candidates for which we receive regulatory authorization or approval;  • the costs necessary to obtain regulatory authorizations or approvals, and the costs of post-marketing studies that could be required by  regulatory authorities in jurisdictions where authorization or approval is obtained;  • the costs and timing of preparing, filing and prosecuting patent applications, maintaining and enforcing our intellectual property rights and  defending any intellectual property-related claims;  • the continuation of our existing licensing and collaboration arrangements and entry into new collaborations and licensing arrangements, if  at all;  • the need and ability to hire and retain additional research, clinical, development, scientific and manufacturing personnel;  • the costs we incur in maintaining business operations;  • the need to implement additional internal systems and infrastructure;  • the effect of competing technological, product and market developments; • the costs of operating as a public company; and  • the impact of any business interruptions to our operations or to those of our third-party contractors resulting from any public health crisis.We may require additional capital to achieve our business objectives.In December 2023, we entered into a Controlled Equity OfferingSM Sales  Agreement (the “Sales Agreement”) with Cantor Fitzgerald & Co., as sales agent (“Cantor”), pursuant to which we may, at our option, offer and sell up to  an aggregate amount of $75.0 million of our common stock, through Cantor, acting as sales agent.To date, we have sold 9,000,000 shares of our common  stock under the Sales Agreement, resulting in net  35proceeds of $39.3 million.",N/A
"The loss of key managerial employees, business generators or any significant number of employees could have a material adverse impact on our business, including our ability to secure and complete engagements.We rely heavily on our executive officers, group vice presidents, and practice/office directors to manage our operations.Given the highly specialized nature of our services and the scale of our operations, our executive officers, group vice presidents and practice/office directors must have a thorough understanding of our services and operations, as well as the skills and experience necessary to manage a large organization in diverse geographic locations.We are unable to predict with certainty the impact that leadership transitions and the loss of certain employees in leadership roles may have on our business operations, prospects, financial results, client relationships, or employee retention or morale.Our engagements may result in professional or other liability.",N/A
