Risky Sentences,T/F
"• Changes to the role of the GSEs in the U.S. housing market  or to GSE eligibility requirements for mortgage insurers or  to the GSEs' use of CRT could negatively impact our  results of operations and financial condition or reduce our  operating flexibility.The implementation of the Basel III Capital Accord and  FHFA's Enterprise Regulator Capital Framework may  adversely affect the use of mortgage insurance and CRT  opportunities.Risk Relating to Our Company • Some of the provisions of our bye-laws and our  shareholders agreement may have the effect of hindering,  delaying or preventing third party takeovers or changes in  management initiated by shareholders.These provisions  may also prevent our shareholders from receiving premium  prices for their shares in an unsolicited takeover.There are regulatory limitations on the ownership and  transfer of our common shares.",N/A
"If the fair value of our net assets improves at a faster rate  than the market value of our reporting units, or if we were to experience increases in book values of a reporting unit in excess of the  increase in fair value of equity, we may also have to take charges related to the impairment of our goodwill.If we were to conclude that  a future write-down of our goodwill is necessary, we would record the appropriate charge, which could have a material adverse effect  on our results of operations.Risks Related to Our Growth StrategyWe are subject to certain risks in connection with our strategy of growing through mergers and acquisitions.In July 2018, we acquired Audubon, a New Jersey-chartered mutual savings association headquartered in Audubon, New Jersey.",N/A
"Our distribution  strategy utilizes Steam's early access feature (“Early Access”), which allows us to publish a title while it is still in  development, to achieve faster go-to-market times.We utilize proprietary technology, including a versatile game  engine and advanced server technology, to heighten artistic detail and increase player engagement.We attribute our continued success to several differentiating elements.Perseverance: We are called Snail because we admire a snail's perseverance in achieving its goals.We maintain  a disciplined approach to our game development, financial management and strategic acquisitions as we seek to deliver  long-term value.",N/A
"Once our product and service mature, and the Company becomes better known, we believe we could gain market share in the high-end market.None of this will be possible if we fail to obtain the funding we require.There is no guarantee that additional funding can be obtained on favorable terms, if at all.We depend on key personnel.Our future success will depend in part on the continued service of key personnel, particularly, Desheng Wang, our Chief Executive Officer, and Edward Lee, the Chairman of our Board.",N/A
"The impacts of war and other geopolitical events, including but not limited to Russia's invasion of Ukraine and the Hamas-Israel conflict and the resulting war, are difficult to predict.The resulting geopolitical uncertainty are likely to have a significant impact on the European Union, the United Kingdom and other countries, including the U.S.The threat that these military operations may expand beyond Ukraine, Israel, and the Gaza Strip may have a negative impact as well.Significant increases in the price of oil and natural gas have occurred and are likely to continue putting additional inflationary pressures on central banks, including Federal Reserve System (the “FRB”).It is possible that interest rate hikes by the FRB will continue to occur in 2024, but the amount, timing, and frequency of such increases are not fully known at this time.",N/A
"In addition, as of December 31,  2023, we had an accumulated deficit of $173.8 million.We have experienced significant revenue growth in recent periods and we are not  certain whether or when we will obtain a high enough volume of revenue to sustain or increase our growth or achieve or maintain profitability  in the future.We also expect our costs and expenses to increase in future periods, which could negatively affect our future operating results if  our revenue does not increase.In particular, we intend to continue to expend significant funds to further develop our solutions, including  introducing new functionality, and to expand our marketing programs and sales teams to drive new client adoption, expand strategic partner  integrations, and support international and industry expansion.Our operating results are also impacted by the mix of our revenue generated  from our different revenue sources, which include transaction revenue and platform and usage-based fee revenue.",N/A
"Enrollment in the placebo-controlled cohort 2 portion of the study is ongoing, and the cohort 2 data readout is  anticipated in the third quarter of 2024.We have progressed additional preclinical stage programs to evaluate whether microbiome therapeutics may reduce the incidence of infection in  indications such as chronic liver disease, cancer neutropenia, solid organ transplant, and AMR infections more broadly in high-risk settings such as  intensive care units.Additional efforts in the early-stage portfolio are focused on the SER-301 program in irritable bowel disease, or IBD, and  programmatic objectives that are supported through a partnership with the Crohn's and Colitis Foundation, or CCF.These efforts aim to (i) confirm the  functional phenotype and inflammatory state of patient subpopulations observed in our prior ulcerative colitis, or UC, clinical trials, and (ii) prioritize  inflammatory targets and evaluate the potential to utilize biomarker-based patient selection and stratification for future studies.In addition, we continue to  leverage microbiome pharmacokinetic and pharmacodynamic data from across our clinical and preclinical portfolios, using our reverse translational  microbiome therapeutic development platform to prioritize future drug targets and to identify opportunities for combination therapies across various  indications, including inflammatory and immune diseases, cancer, and metabolic diseases.",N/A
"If we are unable to make meaningful progress in our TCR-Antigen Map and successfully use it to  develop and commercialize new therapeutic products or services, our business and results of operations will suffer.We utilize artificial intelligence in data and document generation, which may impact reliability of our data.We do not use artificial intelligence as an element of any product or service but do use it to assist in generation of datasets and documentation as  well as to assist in training computational models.As with many innovations, the use of artificial intelligence presents risks and challenges, including  flawed, insufficient or biased datasets.Challenges inherent to the use of artificial intelligence could adversely impact the reliability of our data and subject  us to delays and competitive harm, regulatory action, or legal liability, as well as brand or reputational harm.",N/A
"Using a data-driven approach,  we evaluate development opportunities, possible indications and other factors to advance our portfolio of  assets.We believe that each of our product candidates holds the potential to offer differentiated therapies to  patients, and we aim to unlock that potential through innovative research and development.•  Explore Opportunities to Drive Value and Maximize the Potential of Our Existing Portfolio.We have  and may in the future seek collaborations, licenses and other strategic relationships to assist in advancing  and expanding our current programs, as appropriate.In addition, strategic out-licensing transactions may be  used as a source of non-dilutive capital to support our commercial and clinical activities.",N/A
"We plan to continue both strategic and opportunistic growth, understanding that we may see a slowing of growth as we mature and manage capital down to more efficient levels.Continued growth can present substantial demands on management personnel, line employees, and other aspects of our operations, especially if our growth occurs rapidly.We may face difficulties in managing that growth effectively, which could damage our reputation, limit our growth, and negatively affect our operating results.Also see ""Our expansion strategy will cause our expenses to increase and may negatively affect our earnings.""We have a concentration of large loans outstanding to a limited number of borrowers that increases our risk of loss.",N/A
"Our growth has placed increased demands on our management and other resources and will continue to do so in the future.We may not be able to maintain or accelerate our current growth rate, manage our expanding operations effectively or achieve planned growth on a timely or profitable basis.Managing our growth effectively will involve, among other things: • continuing to retain, motivate, and manage our existing employees and attract and integrate new employees, particularly qualified sales personnel; • continuing to provide a high level of service to an increasing number of customers; • maintaining the quality of product and services offerings while controlling our expenses; • meeting end-user requirements for functional performance and product robustness; • growing our direct sales force and channel partners; and • developing, implementing, and improving our operational, financial, accounting, and other internal systems and controls on a timely basis.If demand for our products increases rapidly, we will need to expand internal production capacity or implement additional outsourcing of components and/or our assembled products.Success in developing, manufacturing and supporting products manufactured in small volumes does not guarantee comparable success in operations conducted on a larger scale.",N/A
"Risks related to our business and productsWe have a limited operating history and if we fail to effectively train our sales force, increase our sales and marketing capabilities or develop broad  brand awareness in a cost-effective manner, our growth will be impeded, and our business will suffer.We were incorporated in March 1997 and began commercializing our products in the second half of 2019, when we initiated a full launch of our LAL  and LDD.Accordingly, our limited commercialization experience and limited number of approved or cleared products make it difficult to evaluate our  current business and assess our prospects.We also currently have limited sales and marketing experience.",N/A
"Cayman Water and the Water Authority-Cayman (“WAC”), a government-owned utility and regulatory agency, are Grand Cayman's only water utilities.3 Aquilex, Inc. (“Aquilex”).Aquilex, a U.S. company located in Coral Springs, Florida, provides financial, engineering, information technology, administrative and supply chain management support services to our subsidiaries and affiliate.We include Aquilex in our retail segment for financial segment reporting purposes; however, it provides services to all four of our business segments.Bulk Segment Consolidated Water (Bahamas) Limited (“CW-Bahamas”).",N/A
"It is possible that the information that we make available may be deemed to be material information.We therefore encourage investors and others interested in our company to review the information that we make available on our website.Information contained on, or that can be accessed through, our website is not incorporated by reference into this Annual Report on Form 10-K, and you should not consider information on our website to be part of this Annual Report on Form 10-K.Unless the context otherwise indicates, references in this report to the terms “Immunovant,” “the Company,” “we,” “our” and “us” refer to Immunovant, Inc. and its wholly owned subsidiaries.We obtained the industry and market data in this Annual Report on Form 10-K from our own research as well as from industry and general publications, surveys and studies conducted by third parties.",N/A
"We also compete with other leading functional beverages  including Goya, Harmless Harvest, Foco, BodyArmor, Monster Energy, Red Bull, Bang, Ocean Spray and Bai, as well as a  7range of emerging brands and retailers' own private label beverage brands.Our competition and competitors vary by  market due to regional brands and taste preferences.We are also a leading supplier of private label coconut water, and we compete with other private label suppliers  for that business.As of December 31, 2023, we operate in two business segments: (i) the Americas segment, comprised of our  operations primarily in the United States and Canada and (ii) the International segment, comprised of operations primarily  in Europe, the Middle East, Africa and the Asia Pacific regions.",N/A
"We are a medical technology company focused on improving patient safety and aesthetic outcomes, initially in the breast aesthetics and reconstruction market.We initially incorporated in Costa Rica in 2004 and subsequently reorganized under a parent holding company in the British Virgin Islands in 2013.Our line of silicone gel-filled breast implants, branded as Motiva Implants, is the centerpiece of our medical technology platform.Our post-market surveillance data (which was not generated in connection with a United States Food and Drug Administration, or FDA, pre-market approval, or PMA, study collected at defined follow-ups, but was patient or practitioner reported) and published third-party registries and data indicate that Motiva Implants have low rates of adverse events (including rupture, capsular contracture, and safety related reoperations) that we believe compare favorably with those of our competitors.We believe the proprietary technologies that differentiate our Motiva Implants enable improved safety and aesthetic outcomes and drive our revenue growth.",N/A
"For consumers, it enables personalized new digital capabilities in a simpler to consume and engage model.But, behind these  ‘simple' user experiences are complex B2B, B2C, and B2B2X platforms, rich collaboration ecosystems, and a web of partnerships which  are underpinned by open application programming interfaces, or APIs, distributed architecture, and microservices technology.Our  solutions are architected to bring speed, agility, and interoperability while maintaining the operational stability, security, reliability, and  scalability needed to power these complex ecosystems.We enable companies to bring new services to market with hyper speed and  scale with our revenue management platforms which are key to growing revenue and profits in a digital world.Transformational Customer Experiences:",N/A
"There is no guarantee that the FDA will agree that our  responses are sufficient, and we may be required to conduct additional preclinical studies or manufacturing steps before the FDA allows our proposed  clinical trials to proceed.Moreover, principal investigators for our clinical trials may serve as scientific advisors or consultants to us from time to time and receive  compensation in connection with such services.Under certain circumstances, we may be required to report some of these relationships to the FDA or  comparable foreign regulatory authorities.The FDA or comparable foreign regulatory authority may conclude that a financial relationship between us and a  principal investigator has created a conflict of interest or otherwise affected interpretation of the study.The FDA or comparable foreign regulatory authority  may therefore question the integrity of the data generated at the applicable clinical trial site and the utility of the clinical trial itself may be jeopardized.",N/A
"As of December 31, 2023, our cash and  cash equivalents were $351.2 million.We expect our expenses to continue, particularly as we commercialize EMPAVELI and SYFOVRE, initiate new  clinical trials and initiate new research and preclinical development efforts.In addition, as we commercialize EMPAVELI and SYFOVRE, and if we obtain  marketing approval of pegcetacoplan in other indications or jurisdictions or for our other product candidates, we expect we will incur significant  commercialization expenses related to product sales, marketing, manufacturing and distribution to the extent that such sales, marketing, manufacturing and  distribution are not the responsibility of the collaborator.Furthermore, we continue to incur significant costs associated with operating as a public company.We believe that our cash and cash equivalents as of December 31, 2023 and the cash that we anticipate generating from the unwind of the capped  call transactions, together with the cash that we anticipate will be generated from sales of EMPAVELI and SYFOVRE will be sufficient to fund our  projected operating expenses and capital expenditure requirements for at least the next 12 months, as well as our anticipated longer-term cash requirements  and obligations.",N/A
"For those home equity loans and lines of credit secured by a second mortgage, it is unlikely that we will be successful in recovering all or a portion of our loan proceeds in the event of default unless we are prepared to repay the first mortgage loan and such repayment and the costs associated with a foreclosure are justified by the value of the property.For these reasons, we may experience higher rates of delinquencies, defaults and losses on our home equity loans.The geographic concentration of our loan portfolio and lending activities makes us vulnerable to a downturn in the local economy.While there is not a single employer or industry in our market area on which a significant number of our customers are dependent, a substantial portion of our loan portfolio is composed of loans secured by property located in the greater Boston metropolitan area and, to a lesser extent, the greater Providence metropolitan area.This makes us vulnerable to a downturn in the local economy and real estate markets.",N/A
"It is also possible that some or all of our product candidates will never obtain  marketing authorization even if we expend substantial time and resources seeking such approval.46 Our ability to generate revenue and achieve profitability depends significantly on our ability to achieve several  objectives relating to the discovery or identification, development and commercialization of our product  candidates.Our business depends entirely on the successful discovery or identification, development and commercialization of  product candidates.We have no products approved for commercial sale, and we do not expect to generate significant  revenue unless and until we obtain marketing authorization for, and begin to sell, tovorafenib, pimasertib or another  product candidate.Our ability to generate revenue and achieve profitability depends on several factors, including,  but not limited to, our ability to:  • obtain FDA approval of the pending NDAs for tovorafenib based on the pivotal Phase 2 FIREFLY-1 trial for  the treatment of relapsed or refractory pLGG; • complete a successful pivotal Phase 3 FIREFLY-2 trial with tovorafenib that achieves a competitive, clinically  meaningful and generally well-tolerated target product profile for the front-line treatment of pLGG; • complete a successful Phase 1b/2 FIRELIGHT-1 umbrella master trial of tovorafenib as a monotherapy and in  combination with pimasertib in patients 12 years and older with tumors having activated RAF signaling; • initiate and successfully complete all safety, pharmacokinetic and other studies required to obtain U.S. and  foreign marketing authorization for tovorafenib as a treatment for patients with pLGGs;  • initiate and complete additional, successful late-stage clinical trials that meet their clinical endpoints;  • obtain favorable results from our clinical trials and apply for and obtain marketing authorizations for  tovorafenib and pimasertib from applicable regulatory authorities, including NDAs from the FDA, and  maintaining such approvals;  • establish licenses, collaborations or strategic partnerships that allow for the commercialization of our product  candidates and/or may increase the value of our programs;  • establish and maintain viable supply and manufacturing relationships with third parties that can provide  adequate, in both amount and quality, products and services to support clinical development and meet the  market demand for our product candidates, if approved;  • successfully commercialize tovorafenib, pimasertib and any future product candidates we may develop, if  approved, by building a sales force and/or entering into collaborations with third parties;  • satisfy any post-marketing requirements imposed by, or post-marketing commitments made to, applicable  regulatory authorities;  • demonstrate an acceptable safety profile of our product candidates, including tovorafenib and pimasertib, and  continue to maintain a continued acceptable safety profile following marketing authorization, if any;  • identify, assess and develop new product candidates;  • establish and maintain patent and trade secret protection, statutory exclusivities and other intellectual property  protections for our products; • obtain, maintain, protect and defend our intellectual property portfolio, including any necessary licenses from  third parties; • address any competing therapies and technological and market developments;  • achieve market acceptance of tovorafenib or pimasertib and our other product candidates, if approved, with  patients, the medical community and third-party payors, both in the United States and internationally; and  • attract, hire and retain qualified personnel.",N/A
"Significant  increases in fuel costs have negatively affected our operating results in the past, and future fuel cost volatility could materially  affect our financial condition and results of operations.Both the cost and availability of aircraft fuel are subject to many economic and political factors and events occurring throughout  the world over which we have no control.Meteorological events may also result in short-term disruptions in the fuel supply.Aircraft fuel availability is also subject to periods of market surplus and shortage, and is affected by demand for heating oil,  gasoline, and other petroleum products.Due to the effect of these events on the price and availability of aircraft fuel, our ability to  control this cost is limited, and the price and future availability of fuel cannot be predicted with any degree of certainty.",N/A
"Since we do not currently possess the resources necessary to independently develop and commercialize the majority of our drug candidates, we may seek to  enter into collaborative agreements to assist in the development and potential future commercialization of some or all of these assets as a component of our  strategic plan.However, our discussions with potential collaborators may not lead to the establishment of collaborations on acceptable terms, if at all, or it  may take longer than expected to establish new collaborations, leading to development and potential commercialization delays, which would adversely  affect our business, financial condition and results of operations.We expect to continue to incur significant research and development expenses, which may make it difficult for us to attain profitability.We expect to expend substantial funds in research and development, including preclinical studies and clinical trials of our drug candidates, and to  manufacture and market any drug candidates in the event they are approved for commercial sale.We also may need additional funding to develop or  acquire complementary companies, technologies and assets, as well as for working capital requirements and other operating and general corporate  purposes.",N/A
"In connection with the Aytu Divestiture, as defined in the Notes to our Consolidated Financial Statements, we assigned payment obligations (“TRIS Obligations”) to Aytu under a supply and distribution agreement (the “Karbinal Agreement”) with TRIS Pharma Inc. (“TRIS”), which includes a per-unit royalty make whole payment for each unit sold under an annual minimum sales commitment through 2025.The total future make-whole payments to be made by Aytu are unknown as the amount owed to TRIS is dependent on the number of units sold.As a part of the assignment, we became a guarantor to the TRIS Obligations.If Aytu defaults under the terms of the Karbinal Agreement, we could be liable as a guarantor for unpaid amounts of the TRIS Obligation.Any amount we would be required to pay under the TRIS Obligation would limit the amount of cash available for development of our clinical pipeline and may expose us to significant losses, which would materially and adversely affect our results of operations.",N/A
"This will require us to  be successful in a range of challenging activities, including completing preclinical studies and clinical studies of our product candidates, obtaining marketing  approvals of our product candidates, manufacturing, marketing and selling our product candidates if we obtain marketing approval, and satisfying post- marketing requirements, if any.We may never succeed in these activities and, even if we succeed in obtaining approval of and commercializing our product  candidates, we may never generate revenues that are significant enough to achieve profitability.In addition, we may encounter unforeseen expenses, difficulties,  complications, delays and other known and unknown challenges.Furthermore, because of the numerous risks and uncertainties associated with  biopharmaceutical product development, we are unable to accurately predict the timing or amount of increased expenses or when, or if, we will be able to  achieve profitability.If we do achieve profitability, we may not be able to sustain or increase profitability on a quarterly or annual basis and we may continue to  incur substantial research and development and other expenditures to develop and market additional product candidates.",N/A
"Our success depends in part upon the ability of our senior management to manage our projected growth effectively.To do so, we must continue to increase the productivity of our existing employees and to hire, train and manage new employees as needed.To optimize the performance of our business, we will need to continue to improve our operational, financial and management controls and our reporting systems and procedures.If we fail to successfully scale our operations and increase productivity, we may be unable to execute our business plan and the market price of our securities could decline.The success of our business depends on retention of existing customers and their purchase of additional services, and attracting new customers.",N/A
"Because we do not expect to generate revenue from product sales for many years, if at all, we will need to obtain substantial additional funding in  connection with our continuing operations and expected increases in expenses.Until such time as we can generate significant revenue from sales of our  product candidates, if ever, we expect to finance our cash needs through equity offerings, debt financings or other capital sources, including  56potential collaborations, licenses or other similar arrangements.In addition, we may seek additional capital due to favorable market conditions or strategic  considerations, even if we believe we have sufficient funds for our current or future operating plans.Our ability to raise additional funds may be adversely  impacted by potential worsening global economic conditions and disruptions to and volatility in the credit and financial markets in the United States and  worldwide as a result of macroeconomic factors, including geopolitical conflicts (such as the ongoing military conflict in Ukraine and actions taken by the  United States and other governments in response), high inflation, bank failures, global supply chain and labor shortage challenges, and the effects of a  health epidemic or pandemic.",N/A
"Our memory IC products represented over 50% of our revenues for the year ended December 31, 2022 and over 60% of our revenues for the year ended December 31, 2023.The discontinuation of the production and sale of our memory IC products will negatively impact our future revenues, results of operations and cash flows.Our gross profit may fluctuate due to a variety of factors, which could negatively impact our results of operations and our financial condition.Our gross profit may fluctuate due to a number of factors, including customer and product mix, market acceptance of our new products, yield, wafer pricing, packaging and testing costs, competitive pricing dynamics, charges for inventory write-downs and geographic and market pricing strategies.To the extent we may offer or be contractually obligated to offer certain customers favorable prices, it would decrease our average selling prices and likely impact our gross profit.",N/A
"The  MC4R pathway is an endocrine pathway in the brain that is responsible for regulating hunger, caloric intake and energy  expenditure, which consequently affect body weight.IMCIVREE, an MC4R agonist for which we hold worldwide rights,  is the first-ever therapy developed for patients with  certain rare diseases that is approved or authorized in the United  States, European Union (EU), Great Britain, Canada and other countries and regions.IMCIVREE is approved by the U.S.  Food and Drug Administration (FDA) for chronic weight management in adult and pediatric patients 6 years of age and  older with monogenic or syndromic obesity due to: (i) proopiomelanocortin (POMC), proprotein convertase  subtilisin/kexin type 1 (PCSK1) or leptin receptor (LEPR) deficiency as determined by an FDA-approved test  demonstrating variants in POMC, PCSK1, or LEPR genes that are interpreted as pathogenic, likely pathogenic, or of  6  uncertain significance (VUS); or (ii) Bardet-Biedl syndrome (BBS).The European Commission (EC) and Great Britain's  Medicines & Healthcare Products Regulatory Agency (MHRA) have authorized IMCIVREE for the treatment of obesity  and the control of hunger associated with genetically confirmed BBS or genetically confirmed loss-of-function biallelic  POMC, including PCSK1, deficiency or biallelic LEPR deficiency in adults and children 6 years of age and above.Including the United States and Canada, we have achieved market access for IMCIVREE for BBS or POMC and LEPR  deficiencies, or both, in 14 countries, and we continue to collaborate with authorities to achieve access in additional  markets.",N/A
"In addition, these risks and uncertainties may impact the  “forward-looking” statements described elsewhere in this Form 10-K and in the documents incorporated herein by  reference.They could affect our actual results of operations, causing them to differ materially from those expressed in  “forward-looking” statements.Risks Related to Our Business and Results of OperationsWe face risks related to the current global economic environment, including risks arising in connection with the COVID- 19 pandemic, inflation or recession, which could adversely affect our business, financial condition and results of  operations by, among other things, delaying or preventing our customers from obtaining financing to purchase our  products and services or implementing the required facilities to house our systems.Our business and results of operations are materially affected by conditions in the global markets and the economy  generally.",N/A
"Biometrics-based solutions compete with more traditional security methods including keys, cards, personal identification  numbers, passwords and security personnel.Acceptance of biometrics as an alternative to such traditional methods depends upon a number of factors  including: i) the performance and reliability of biometric solutions; ii) costs involved in adopting and integrating biometric solutions; iii) public concerns  regarding privacy; and iv) potential privacy legislation.For these reasons, we are uncertain whether there will be significant demand for biometrics technology from commercial markets.Moreover, even if there  is significant demand, there can be no assurance that our biometrics products will achieve market acceptance.If the biometrics market does not experience significant growth or if our products do not achieve broad acceptance both domestically and  internationally, we may not be able to grow our business.",N/A
"Our ability to generate revenue  depends on a number of factors, including, but not limited to, our ability to: • successfully complete our ongoing and planned preclinical studies and clinical trials for our viral immunotherapy programs; • timely file and receive acceptance of our Investigational New Drug applications (INDs), in order to commence our planned clinical trials or  future clinical trials; • successfully enroll subjects in, and complete, clinical trials for our viral immunotherapy programs; • timely file marketing applications and receive regulatory approvals for our product candidates from the FDA and comparable foreign  regulatory authorities; • initiate and successfully complete all safety studies required to obtain U.S. and foreign marketing approval for our product candidates; • establish clinical supply capabilities through arrangements with third-party manufacturers for clinical supply and commercial  manufacturing; • obtain and maintain patent and trade secret protection or regulatory exclusivity for our product candidates; • launch commercial sales of our product candidates, if and when approved, whether alone or in collaboration with others; • maintain a continued acceptable safety profile of the product candidates following approval; • obtain and maintain acceptance of the product candidates, if and when approved, by patients, the medical community and third-party  payors; • position our products to effectively compete with other therapies; • obtain and maintain favorable coverage and adequate reimbursement by third-party payors for our product candidates; • enforce and defend intellectual property rights and claims with respect to our product candidates; and 43• hire additional staff, including clinical, scientific and management personnel.If we do not achieve one or more of these factors in a timely manner or at all, we could experience significant delays or an inability to successfully  commercialize our product candidates, which would materially harm our business.If we do not receive regulatory approvals for our product  candidates, we may not be able to continue our operations.There is substantial doubt regarding our ability to continue as a going concern.",N/A
"Patients were then followed until death.Seventy-five patients were enrolled in this study with 66 (88%) having Stage 4 metastatic cancer.The study demonstrated a drug exposure-related increase  in survival.At the lowest doses, no patients survived for even one year while at the highest doses up to 31% of patients survived one year.A post-hoc analysis found that there was a significant relationship between survival and trough levels of plasma pamrevlumab measured immediately  before the second dose (Cmin).",N/A
"The government of Mexico increased minimum wages approximately 20% effective January 1, 2023, and an additional  20% effective January 1, 2024.The government of Türkiye increased minimum wages approximately 55%, 34% and 49%, respectively, effective January 1,  2023, July 1, 2023, and January 1, 2024.In May 2023 we agreed to an amendment to our collective bargaining agreement with our associates in Türkiye which  resulted in significantly increased wages for these associates.While our customer contracts allow us to pass a portion of these increases to our customers, we  will not be able to recover 100% of the wage inflation.If our manufacturing facilities in these countries continue to experience wage inflation at these levels  and the increased costs in local currency are not offset with favorable foreign currency fluctuations, such elevated wages could have a material impact on our  results of operations and financial condition.",N/A
"Certain Relationships and Related Transactions, and Director IndependencePrincipal Accounting Fees and ServicesExhibits, Financial Statement Schedules144 Item 16   Form 10-K SummarySPECIAL NOTE REGARDING FORWARD-LOOKING STATEMENTS",N/A
"We received  Breakthrough Therapy designation from the FDA for ARCALYST for the treatment of recurrent pericarditis in 2019,  Orphan Drug designation from the FDA for ARCALYST for the treatment of pericarditis, which includes the treatment  of recurrent pericarditis, in 2020 and FDA approval of ARCALYST for the treatment of recurrent pericarditis and  reduction in risk of recurrence in adults and pediatric patients 12 years and older in March 2021.Additionally, in 2021,  the European Commission granted Orphan Drug designation to ARCALYST for the treatment of idiopathic pericarditis.In June 2020, we reported results from RHAPSODY, our global, double-blind, placebo-controlled,  randomized- withdrawal design, pivotal Phase 3 clinical trial of ARCALYST in subjects with recurrent pericarditis.RHAPSODY met its prespecified primary and all major secondary efficacy endpoints with statistical significance,  showing that ARCALYST improved clinically meaningful outcomes associated with unmet medical need in recurrent  pericarditis.Subsequent data from the long-term extension portion of RHAPSODY, reported in 2022, demonstrated,  among other things, that continued ARCALYST treatment beyond 18 months resulted in continued treatment response.",N/A
"A downturn in economic conditions, be it due to inflation, a recession, war, geopolitical conflicts, adverse weather, or other  factors, could have a material adverse effect on the business, financial condition, and results of operations, including but not limited to:●  Reduced demand for our products and services, potentially leading to a decline in our overall loans or assets.●  Elevated instances of loan delinquencies, problematic assets, and foreclosures.●  An increase in our ACL on loans.●  Depreciation in collateral values linked to our loans, thereby diminishing borrowing capacities and asset values tied to  existing loans.",N/A
"To become and remain profitable, we must develop and eventually commercialize products with significant market potential.This will require us  to be successful in a range of challenging activities, including completing non-clinical studies and clinical trials, obtaining marketing approval for  REACT and any future product candidates, manufacturing, marketing and selling products for which we may obtain marketing approval and satisfying  any post-marketing requirements.Because of the numerous risks and uncertainties associated with biopharmaceutical product development, we are  unable to accurately predict the timing or amount of increased expenses or when, or if, we will be able to achieve profitability.We may never succeed in  any or all of these activities and, even if we do, we may never generate revenue that is significant enough to achieve profitability.If we do achieve  profitability, we may not be able to sustain or increase profitability on a quarterly or annual basis.",N/A
"In connection with the reverse stock split, the par value of the common stock was changed to $0.01 per share.Also, in connection with the sale of the shares, certain directors and officers of both the Company and the Bank resigned.Such directors and officers were replaced with nominees of Holdings and Michael Carrazza became the Chairman of the Board of Directors (the “Board”) of the Company.Pursuant to its Operating Agreement, on March 31, 2021, Holdings completed a pro-rata in-kind distribution of shares of restricted common stock of Patriot.Following these distributions, Holdings no longer owns any shares of Patriot.",N/A
"If we seek additional financing to fund our business activities in the future and there remains substantial doubt about our ability to continue as a going concern; investors or other financing sources may be unwilling to provide additional funding to us on commercially reasonable terms or at all.The Dynavax Agreement, entered into by Legacy TriSalus in connection with its purchase of nelitolimod, requires us to make potentially significant payments to Dynavax before we will have regulatory approval of nelitolimod and be able to generate revenue from sales of nelitolimod.Pursuant to the Dynavax Agreement, as of the date of this Annual Report, we have paid Dynavax $12 million to date and we may be required to pay Dynavax up to an additional $158 million upon the achievement of certain development and regulatory milestones with respect to nelitolimod.We will also be required to pay up to $80 million upon achieving certain commercial milestones once sales of nelitolimod have begun.The Dynavax Agreement also obligates us to pay royalties based on potential future net sales of products containing nelitolimod compound on a product-by-product and country-by-country basis during the applicable royalty term.",N/A
"In 2023, we entered into agreements with both groups to increase pay rates and extend all other terms of the  agreement by two years, until 2026 for our flight dispatchers and until 2028 for maintenance technicians.Future union contracts with these, or other, work groups could put additional pressure on our labor costs.If we are unable to reach agreement on the terms of collective bargaining agreements in the future, or we experience wide- spread employee dissatisfaction, attrition in these work groups, difficulty in hiring sufficient personnel or work slow downs or  stoppages could have an adverse effect on our operations and future results.The inability to attract and retain qualified flight crew and other airline personnel could limit our growth plans and  operations and adversely affect our business and results of operations.We compete against other U.S. airlines for pilots, aircraft maintenance technicians and other labor.",N/A
"We intend to accomplish our goal of becoming one of the premier providers of capital to and value-added partner of lower middle-market companies by: Leveraging the Experience of Our Investment Advisor.Our investment advisor's investment professionals have significant experience investing in, lending to  and advising companies across multiple industries and changing market cycles.These professionals have diverse backgrounds with prior experience in senior  management positions at investment banks, specialty finance companies, commercial banks and privately and publicly held companies and have extensive experience  investing across all levels of the capital structure of lower middle-market companies.We believe these professionals possess an in-depth understanding of the strategic,  financial and operational challenges and opportunities of lower middle-market companies, enabling our investment advisor to effectively identify, assess, structure and  monitor our investments.Capitalizing on Our Strong Transaction Sourcing Network.",N/A
"We  cannot predict how further developments will affect our lead quantity and quality, and negative developments in these metrics, like  many others in the total value proposition that we provide to our TrueCar Certified Dealers, have adversely affected our revenues,  results of operations and business and may continue to do so in the future.If we are not successful in rolling out new offerings, including our TrueCar+ offering, providing a compelling value  proposition to consumers and dealers using those offerings, integrating our current and future offerings into such experiences or  appropriately monetizing them, our business and prospects would be adversely affected.We believe that our effort to build out our end-to-end consumer car-buying experience, TrueCar+, is critical to the success of  our business.Through this initiative, we integrate certain of our current product offerings along with other offerings designed to  provide an end-to-end car-buying experience into one seamless experience.For example, we have historically offered our Trade solution to our dealers through a commercial partnership with Accu- Trade.",N/A
"● the cost of commercialization activities if any of its current or future product candidates are approved for sale, including marketing, sales, and distribution costs;● the expenses needed to attract and retain skilled personnel;● the costs associated with being a public company;● the amount of revenue, if any, received from commercial sales of its product candidates, should any of its product candidates receive marketing approval; and● the costs involved in preparing, filing, prosecuting, maintaining, defending, and enforcing possible patent claims, including litigation costs and the outcome of any such litigation.",N/A
"We are primarily a late-stage development company with an unproven business strategy and may never achieve commercialization of our therapeutic product candidates or profitability.We have no approved products.All of our current product candidates are in the pre-clinical or clinical stage, although we have applied for approval for LYMPHIR.We rely on third parties to conduct the research and development activities for our product candidates and our product commercialization capabilities are unproven.We, through Citius Oncology, are in the early stages of developing our sales and marketing capabilities at this time for LYMPHIR and have contracted with Innovation Partners, a large third-party commercial sales and marketing organization with an existing commercial infrastructure and product launch experience to assist in our commercial efforts related to LYMPHIR.",N/A
"We may acquire businesses or assets, form joint ventures, or make investments in other companies or technologies that could harm our operating  results, dilute stockholders' ownership, or cause us to incur debt or significant expense.Regulatory, Legal and Cybersecurity Risks • Complying with numerous statutes and regulations pertaining to our business is an expensive and time-consuming process, and we may be  subject to regulatory action if we or our service or product offerings do not comply with applicable requirements.Our internal information technology systems, or those of our third-party vendors, contractors, or consultants, may fail or suffer security breaches,  loss or leakage of data, and other disruptions, which could adversely affect our business.• Failure or perceived failure to comply with existing or future laws, regulations, contracts, self-regulatory schemes, standards, and other obligations  related to data privacy and security (including security incidents) could harm our business.Compliance or the actual or perceived failure to comply  with such obligations could increase the cost of our offerings, limit their use or adoption, and otherwise negatively affect our operating results and  business.",N/A
"Our approach to the discovery and development of product candidates is unproven, and we may not be successful  in our efforts to use and expand our platform and capabilities to build a pipeline of product candidates with  commercial value.We have never commercialized a product candidate before and may lack the necessary expertise, personnel and  resources to successfully commercialize any products on our own or together with suitable collaborators.We face significant competition, and if our competitors develop and market technologies or products more  rapidly than we do or that are more effective, safer or less expensive than the product candidates we develop, our  commercial opportunities will be negatively impacted.Table of Contents 5 • We substantially rely, and expect to continue to rely, on third parties, including independent clinical investigators  and contract research organizations (""CROs""), to conduct certain aspects of our preclinical studies and our  clinical trials.If these third parties do not successfully carry out their contractual duties, comply with applicable  regulatory requirements or meet expected deadlines, we may not be able to obtain regulatory approval for or  commercialize our product candidates and our business could be substantially harmed.",N/A
"· As a non-accelerated filer, we are not required to comply with the auditor attestation requirements of the Sarbanes-Oxley Act.Risks Related to Our Financial Position, FDA Clinical Hold, Need for Additional Capital and Overall BusinessWe are a biotechnology company with limited resources, a limited operating history, and no products approved for clinical trials or commercial sale, which may make it difficult to evaluate our current business and predict our future success and viability.We are a biotechnology company focused on developing cellular therapies for cancer based upon a proprietary cellulose-based live cell encapsulation technology known as “Cell-in-a-Box®.”In recent years, we have devoted substantially all our resources to the development of our product candidates for LAPC.",N/A
"Our operations are affected by risks associated with our use of vendors and other third-party service providers.• Security breaches, cyber-attacks or other similar incidents with respect to our or our vendors' systems or network  security, as well as the resulting theft or compromise of business and customer information, including personal  information, could adversely affect our business or reputation, and create significant legal, regulatory or financial  exposure.The potential for business interruption or failure exists throughout our organization.We are subject to risks from employee errors, customer or employee fraud and data processing system failures and  errors.• Our Bank Markets and growth strategy rely heavily on our management team, and the unexpected loss of key  managers may adversely affect our operations.",N/A
"This is then translated to individual supplier  error rates and aggregated into a Durable Medical Equipment, Prosthetics, Orthotics and Supplies (“DMEPOS”) industry error rate,  which is significantly higher than other Medicare provider/supplier types.High error rates lead to further audit activity and regulatory  burdens.DME MACs continue to conduct extensive pre-payment and post-payment reviews across the DME industry and have  determined a wide range of error rates.DME MACs have repeatedly cited  documentation insufficiencies as the primary reason for  claim denials.If these or other burdensome positions are generally adopted by auditors, DME MACs, other contractors or CMS in  administering the Medicare program, we would have the right to challenge these positions as being contrary to law.",N/A
"We utilize natural gas, water, sewer and electricity in our stores and our transportation providers use gasoline and diesel in trucks that deliver products to our stores.We have been adversely impacted by the increased costs of energy and may be further adversely impacted if costs continue to increase.We may also be required to pay certain adjustments or other amounts pursuant to our supply and delivery contracts in connection with increases in fuel prices.Increases in energy costs, whether driven by increased demand, decreased or disrupted supply, increased environmental regulations or an anticipation of any such events or otherwise, will increase the costs of operating our stores and distribution centers.Our shipping costs also may increase if fuel and freight prices increase.",N/A
"Investment in biopharmaceutical product development is highly speculative because it entails substantial upfront capital expenditures and significant risk that any potential product candidate will fail to demonstrate adequate effect or an acceptable safety profile, gain regulatory approval and become commercially viable.We have no products approved for commercial sale and have not generated any revenue to date, and we will continue to incur significant research and development and other expenses related to our clinical development and ongoing operations.As a result, we are not profitable and have incurred losses in each period since our inception.Since our inception, we have devoted substantially all of our financial resources and efforts to research and development, including preclinical studies and our clinical trials.Our financial condition and operating results, including net losses, may fluctuate significantly from quarter to quarter and year to year.",N/A
"Our unique technical expertise in footwear and materials research and development is a basis for our secondary apparel offerings, such as classic tees, sweats, socks, and underwear.We have examined every component that goes into our products to ensure we deliver design, comfort, and performance.Our innovative approach consists of leveraging materials that are both more sustainable than synthetic alternatives and have tangible benefits for our customers, such as comfort, temperature regulation, and odor control.Materials research and development involves our Innovation team, with expertise in biomaterials commercialization and polymer science and experts in the fields of biomechanics, polymer development, green chemistry, biotechnology, and sustainable venture investments.We bring these materials to market with our Product Development team to ensure that products meet or exceed our customers' quality and performance standards before they are ready for commercialization.",N/A
"In addition, our clients' expectations regarding pending or potential industry developments may also affect their budgeting processes and spending plans with respect to our Solution.Macroeconomic challenges (including high inflationary and/or high interest rate environments, or market volatility caused by bank failures and measures taken in response thereto) and any new public health crisis could harm our business, results of operations, and financial condition.Recent macroeconomic challenges (including the high inflationary and/or high interest rate environments), and the tight labor market continue to adversely affect workforces, organizations, governments, clients, economies, and financial markets globally and have disrupted the normal operations of many businesses, including our business.These factors have and could further decrease healthcare industry spending, adversely affect demand for our Solution, cause one or more of our clients to file for bankruptcy protection or go out of business, cause one or more of our clients to fail to renew, terminate, or renegotiate their contracts, impact expected spending from new clients, negatively impact collections of accounts receivable, and harm our business, results of operations, and financial condition.Further, the sales cycle for a new DOS Subscription Client, which we estimate to typically be approximately one year, could lengthen, as we started to experience in 2022, resulting in a potentially longer delay between increasing operating expenses and the generation of corresponding revenue, if any.",N/A
"Pursuant to the agreement, Coinmint has agreed to house and power certain of our bitcoin mining equipment in its facilities, and to use commercially reasonable  efforts to mine bitcoin on our behalf.All bitcoin mining services performed by Coinmint are conducted using our own mining equipment.All computing power  generated by our ASICs is contributed to our mining pool operator, Foundry Digital.As of the date of this filing, we have deployed approximately 16,400 total  miners pursuant to the co-location mining services agreement at Coinmint's facility in New York.Pursuant to the agreement, as consideration for its services, we pay Coinmint certain services fees, which are based on the operating costs incurred by Coinmint in  performing its services, and a variable fee calculated based on the profitability of the bitcoin mined during the relevant payment period, subject to uptime  performance commitments.",N/A
"• Leverage our deep expertise and capabilities across cancer biology and medicinal chemistry to advance our preclinical programs.We are advancing our research on protein degraders as well as novel small molecule inhibitors designed to inhibit undisclosed targets utilizing our Integrated Discovery Engine.• Collaborate under our existing strategic partnerships and evaluate additional strategic opportunities to maximize the value of our pipeline.We have development collaborations with Pfizer, GSK plc, or GSK, and Dana-Farber Cancer Institute, or Dana Farber, for azenosertib, and in January 2024, we out-licensed our ROR1 antibody-drug conjugate, or ADC, program and our ADC platform to Immunome, Inc., or Immunome.We will continue to selectively evaluate additional strategic collaborations for our product candidates and research programs with partners whose assets and capabilities complement our own.",N/A
"Positive performance of the StepStone Funds or the investments that we recommend to our advisory clients will not necessarily result in positive returns on an investment in our Class A common stock.However, poor investment performance of the StepStone Funds could cause a decline in our revenue and have a negative effect on our performance or on an investment in our Class A common stock.The historical investment performance of our funds should not be considered indicative of the future investment performance of these funds or of any future funds we may invest, in part because: • market conditions and investment opportunities may be significantly less favorable than in the past; 32 Table of Contents • the performance of our funds is largely based on the NAV of the funds' investments, including unrealized gains, which may never be realized; • our newly established funds may generate lower investment returns during the period that they initially deploy their capital; • changes in the global tax and regulatory environment may affect both the investment preferences of our clients and the financing strategies employed by businesses in which particular funds invest, which may reduce the overall capital available for investment and the availability of suitable investments, thereby reducing our investment returns in the future; • competition for investment opportunities, resulting from the increasing amount of capital invested in private markets alternatives, may increase the cost and reduce the availability of suitable investments, thereby reducing our investment returns in the future; and • the industries and businesses in which particular funds invest will vary.Competition for access to investment funds and other investments we make for our clients is intense.We seek to maintain excellent relationships with fund managers, including those in which we have previously made investments for our clients and those in which we may in the future invest, as well as sponsors of investments that might provide co-investment opportunities in portfolio companies alongside the sponsoring fund manager.",N/A
"If we fail to win new contracts or to receive renewal contracts upon re-competition, it may result in additional costs and expenses and possible loss of revenue, and we will not have an opportunity to compete for these contract opportunities again until such contracts expire.Our competitive position and future profitability depend, in part, on our ability to develop new technologies.Our ability to increase revenue from existing customers and attract new customers will depend, in part, on our ability to anticipate and respond effectively to rapid technological changes and market developments.Virtually all of the products we produce and sell are highly engineered and require sophisticated manufacturing and system integration techniques and capabilities.The government market in which we primarily operate is characterized by rapidly changing technologies.",N/A
"• if approved by the FDA, successful manufacture and commercialization of AL001 and ALZN002; and• market acceptance of AL001 and ALZN002.We only have two product candidates, AL001 and ALZN002, which will require extensive clinical evaluation, regulatory review and approval, significant marketing efforts and substantial investment before either or both of them, and any respective successors, will provide us with any revenue.As a result, if we do not successfully develop, achieve regulatory approval for and commercialize AL001 or ALZN002, we will be unable to generate any revenue for many years, if at all.We do not anticipate that we will generate revenue for a few years, at the earliest, or that we will achieve profitability for at least several years after generating material revenue, if at all.",N/A
"In light of the significant uncertainties in these forward-looking statements, you should not regard these  statements as a representation or warranty by us or any other person that we will achieve our objectives and plans in any  specified time frame or at all.We undertake no obligation to publicly update any forward-looking statements, whether as a result  of new information, future events or otherwise, except as required by law.You should, therefore, not rely on these forward- looking statements as representing our views as of any date subsequent to the date of this Annual Report.Except as otherwise indicated herein or as the context otherwise requires, references in this Annual Report to ""Alarm.com,""  the ""company,"" ""we,"" ""us,"" ""our"" and similar references refer to Alarm.com Holdings, Inc. and, where appropriate, our  consolidated subsidiaries.2 Summary of Risks Affecting Our Business",N/A
"● the emergence of competing technologies or other adverse market developments.Additional funds might not be available when we need them on terms that are acceptable to us, or at all.We have no committed source of additional capital.If adequate funds are not available to us on a timely basis, we might not be able to continue as a going concern or we might be required to delay, limit, reduce or terminate preclinical studies, clinical trials or other development activities for our product candidates or target indications, or delay, limit, reduce or terminate our establishment of sales and marketing capabilities or other activities that may be necessary to commercialize our lead product candidate.We currently have no source of revenues.",N/A
"In 2023, approximately 24% of our sales were through our relationships with independent agents, and we also use a small number of distributors, primarily outside the United States, and may use more in the future.Sales agents act directly on behalf of MIMEDX to arrange sales, while distributors take title to product and may set their own prices.If our relationships with our independent sales agents were terminated for any reason, it could materially and adversely affect our revenues and profits.Because the independent agent often controls the customer relationships within its territory, there is a risk that if our relationship with the agent ends, our relationship with the customer will be lost.Because our agents and distributors are not employees, there is a risk we will be unable to ensure that our sales processes, compliance safeguards, and related policies will be adhered to despite our communication and training of agents and distributors regarding these requirements.",N/A
"Our research primarily focuses on small- and mid-cap equities that are under-followed by Wall Street.We maintain research coverage for a variety of companies and industry sectors, focused on in-depth analyses of earnings, cash flow, balance sheet strength, and industry outlook involving extensive discussions with key management, competitors, channel partners, and customers.Institutional Sales and Trading Our institutional equity sales and trading team distributes our proprietary equity research products and communicates our investment recommendations to our client base of institutional investors, executes equity trades on behalf of clients, sells the securities of companies for which we act as an underwriter, and makes a market in over 1,500 securities.We maintain active trading relationships with over 1,000 institutional money managers.We engage in securities-based lending which involves the borrowing and lending of equity and fixed income securities.",N/A
"In anticipation of increased sales activity during these periods, the  Company hires a significant number of temporary employees to supplement its permanent staff and the Company increases  its inventory levels.If revenues during these periods do not meet the Company's expectations, it may not generate sufficient  revenue to offset these increased costs and its operating results may suffer.The Company's quarterly operating results may significantly fluctuate and you should not rely on them as an indication of  its future results.The Company's future revenues and results of operations may significantly fluctuate due to a combination  of factors, many of which are outside of management's control.The most important of these factors include:",N/A
"An analysis of change in amyloid plaque load, as measured by positron emission tomography,or PET, Centiloids, demonstrated a rapid, dose-related mean decrease at the higher dose levels studied.Statistically significant, dose-related central target engagement was observed as measured by sabirnetug-AßO complex, establishing the first target engagement assay developed that is specific to an AßO-targeting antibody.This assay also demonstrated near maximal target engagement for patients receiving 25 mg/kg every two weeks or 60 mg/kg every four weeks, an important finding for dose selection in the upcoming Phase 2 study.A number of downstream biomarkers in cerebrospinal fluid, or CSF, specific to amyloid and tau pathology and synaptic injury showed improvement in the MAD cohorts, further supporting a drug effect of sabirnetug on Alzheimer's pathology.These included effects of sabirnetug on p-tau181, which reflects damage to neurons and is known to be elevated in CSF of patients with AD, and effects of sabirnetug on neurogranin and VAMP2, which reflect damage to neuronal synapsis and are elevated in CSF of patients with AD.",N/A
"The residential floorcovering market is highly dependent on housing activity, including remodeling.The U.S. and global economies, along with the residential markets in such economies, can negatively impact the floorcovering industry and our business.Although the impact of a decline in new housing activity is typically accompanied by an increase in remodeling and replacement activity, these activities typically lag during a cyclical downturn.Additional or extended downturns could cause prolonged deterioration.A significant or prolonged decline in residential housing activity could have a material adverse effect on our business and results of operations.",N/A
"In December 2023, the U.S. Food and Drug Administration (“FDA”) approved a label  update for BRUKINSA to include superior progression-free survival (“PFS”) results from the Phase 3 ALPINE trial  comparing BRUKINSA against IMBRUVICA in previously treated patients with R/R CLL.We believe the  differentiation of BRUKINSA has been recognized by the market and global BRUKINSA sales increased 128.5% in  2023 vs. 2022.BRUKINSA allows us to build a strong position in heme-oncology and we plan to solidify our  leadership in CLL with sonrotoclax (BCL2i) and our BTK-CDAC while amplifying our impact in other B-cell  malignancies with progressive treatment strategies such as fixed duration and rational sequencing.Our solid tumor  franchise is led by our anti-PD-1 monoclonal antibody, TEVIMBRA, which is currently approved in China in twelve  indications and has achieved the commercial market leader position in China in the PD-1/PDL-1 class.Outside of  China, TEVIMBRA has been approved in Europe and South Korea and we anticipate U.S. approval on or before July  2024 for first-line ESCC.",N/A
". . . . . . . . . 43 • Our failure to successfully develop and market our product candidates would impair our ability to grow.. . . . . . . . . . . . . . . . . . . . . . . . . . . . . . . . . . . . . . . . . . . . . . . . . . . . . . . 45 • Our clinical trials for our product candidates may fail to demonstrate acceptable levels of safety, efficacy, or other requirements, which could prevent or significantly delay regulatory approval.. . . . . . . . . . . . . . . . . . . . . . . . . . . . . . . . . . . . . . . . . . . . . . . . . . . . . . . . . . . 46 31Page • Delays or failures in the completion of clinical development of our product candidates would increase our costs, delay, or limit our ability to generate revenues.. . . . . . . . . . . . . . . . . . . . 47 • Healthcare reform measures could hinder or prevent the commercial success of our products or product candidates.",N/A
"For example, recruiting and  training a sales force is expensive and time consuming and could delay any product launch.If the commercial launch of a  product candidate, if approved, for which we recruit a sales force and establish marketing capabilities is delayed or does not  occur for any reason, we would have prematurely or unnecessarily incurred these commercialization expenses.This may be  costly, and our investment would be lost if we cannot retain or reposition our sales and marketing personnel.Similarly, if we  enter into agreements with third parties, including the out licensing of our products or product candidates, we may choose to  reduce or eliminate our sales and marketing operations and thereby lose our commercialization investment.Factors that may inhibit our efforts to successfully commercialize Galafold®, Pombiliti™ + Opfolda™, or our product  candidates if and when they are approved by regulatory authorities, on our own include: • our inability to recruit, train and retain adequate numbers of effective sales and marketing personnel; • the inability of sales personnel to obtain access to adequate numbers of physicians to prescribe any future  products; • the lack of complementary products to be offered by sales personnel, which may put us at a competitive  disadvantage relative to companies with more extensive product lines; • unforeseen costs and expenses associated with creating an independent sales and marketing organization; • misconduct by independent sales and marketing organizations that expose us to fines, penalties and other  restrictions on our ability to effectively market and sell our products; and Table of Contents -28- • efforts by our competitors to commercialize products at or about the time when our product candidates would be  coming to market.",N/A
"Our net loss was $106.8 million and $36.9 million for the years ended December 31, 2023 and 2022, respectively.Substantially all our losses have resulted from expenses incurred in connection with our research and development programs and from general and administrative costs associated with our operations.In 2023, the net loss included $80.8 million of in-process research and development (IPR&D) expense in relation to our acquisition of Morphimmune, which occurred in October 2023.To date, we have not generated any revenue from product sales, and we have not identified or sought or obtained regulatory approval for the marketing or sale of any product.Furthermore, we may not generate any revenue from product sales for the foreseeable future, and we expect to continue to incur significant operating losses for the foreseeable future due to the cost of research and development activities and the regulatory approval process for our development candidates.",N/A
"• Failure to adequately obtain, maintain, protect, defend and enforce our intellectual property and proprietary  rights could harm our business, operating results and financial condition.12 Legal and Compliance Risks •Our business is subject to the requirements of various federal, state and local laws and regulations, which  can require significant compliance costs and expose us to government investigations, significant additional  costs, fines or other monetary penalties or settlements, and compliance-related burdens.We are subject to sales, income and other taxes, which can be difficult and complex to calculate due to the  nature of our businesses.A failure to correctly calculate and pay such taxes, or an unfavorable outcome on  uncertain tax positions we may record from time to time, may result in substantial tax liabilities and a  material adverse effect on several aspects of our performance.",N/A
"In addition, success in early clinical trials does not mean that later clinical trials will be successful, because later-stage clinical trials may be conducted in broader patient populations and involve different study designs.Furthermore, our ongoing and future trials will need to demonstrate sufficient safety and efficacy in large patient populations for approval by regulatory authorities.Companies frequently suffer significant setbacks in advanced clinical trials, even after earlier clinical trials have shown promising results, and we cannot be certain that we will not face similar setbacks.Moreover, preclinical and clinical data are often susceptible to varying interpretations and analyses, and many companies that have believed their product candidates performed satisfactorily in preclinical studies and clinical trials have nonetheless failed to obtain marketing approval of their products.In addition, only a small percentage of drugs under development result in the submission of an NDA to the FDA and even fewer are approved for commercialization.",N/A
"We anticipate that our leases generally will have an initial term of five or ten years and generally can be extended only in five-year increments (at increased rates).We expect that all of our leases will require a fixed annual rent, although some may require the payment of additional rent if clinic sales exceed a negotiated amount.We expect that our leases will typically be net leases, which require us to pay all of the costs of insurance, taxes, maintenance and utilities, and that these leases will not be cancellable by us.If a future company-owned or managed clinic is not profitable, resulting in its closure, we may nonetheless be committed to perform our obligations under the applicable lease including, among other things, paying the base rent for the balance of the lease term.In addition, we may fail to negotiate renewals as each of our leases expires, either on commercially acceptable terms or at all, which could cause us to pay increased occupancy costs or to close clinics in desirable locations.",N/A
"We may expend our limited resources on programs that do not yield a successful product candidate or fail to capitalize on product candidates or indications that may be more profitable or for which there is a greater likelihood of success.Due to the significant resources required for the development of our programs and product candidates, we must focus our programs and product candidates on specific diseases and disease pathways and decide which product candidates to pursue and advance and the amount of resources to allocate to each.We are currently evaluating (i) ulixacaltamide for the treatment of essential tremor, or ET, (ii) PRAX-628 for the treatment of focal epilepsy, (iii) PRAX-562 for the treatment of SCN2A development and epileptic encephalopathy, or SCN2A-DEE, and SCN8A development and epileptic encephalopathy, or SCN8A-DEE; and (iv) elsunersen for the treatment of SCN2A-DEE.Our drug development strategy is to clinically test and seek regulatory approval for our product candidates in indications in which we believe we will be able to efficiently generate proof-of-concept data.If any of our product candidates is approved, we then intend to expand to clinical testing and potentially seek regulatory approvals in other neurological disease indications based on genetic and mechanistic overlap with the primary indication.",N/A
"Even if we successfully obtain regulatory approval to market a product candidate, our revenue will depend, in part, upon the size of the markets in  the territories for which we receive regulatory approval and have commercial rights, the availability of competitive therapies and whether there are sufficient  levels of reimbursement and adoption by physicians.Risks Related to the Discovery, Development and Commercialization of Our Product CandidatesWe are very early in our development efforts.In addition, we are substantially dependent on ELVN-001 and ELVN-002.If we are unable to advance ELVN- 001 or ELVN-002 through clinical development, obtain regulatory approval and ultimately commercialize such product candidates, or experience  significant delays in doing so, our business will be materially harmed.",N/A
"Investors should not rely on our past results as an indication of our future performance.We may need to raise additional capital to fund our existing operations, improve our discovery and development engine, advance internal programs, or expand our operations.If we are unable to raise additional capital on terms acceptable to us or at all or generate cash flows necessary to maintain or expand our operations, we may not be able to compete successfully, which would harm our business, operations, and financial condition.Based on our current business plan, we believe our available liquidity from existing cash and cash equivalents, marketable securities, and anticipated cash flows from operations and government contributions, will be sufficient to meet our working capital and capital expenditure needs and expenditure required for later stage development of our internal pipeline to IND.We do not anticipate the need of additional external funding over at least the next 36 months following the date of this report.",N/A
"A “material weakness” is a deficiency, or a combination of  deficiencies, in internal control over financial reporting, such that there is a reasonable possibility that a material  misstatement of the annual or interim financial statements would not be prevented or detected on a timely basis.As a result,  management has concluded that, because of this material weakness, our internal control over financial reporting and our  disclosure controls and procedures were not effective as of December 31, 2023.If we fail to complete the remediation of  this material weakness, or after having remediated such material weakness, thereafter fail to maintain the effectiveness of  our internal control over financial reporting or our disclosure controls and procedures, we could be subjected to regulatory  scrutiny, civil or criminal penalties or shareholder litigation, the defense of any of which could cause the diversion of  management's attention and resources, we could incur significant legal and other expenses, and we could be required to  pay damages to settle such actions if any such actions were not resolved in our favor.Continued or future failure to  maintain effective internal control over financial reporting could also result in financial statements that do not accurately  reflect our financial condition or results of operations.There can be no assurance that we will not conclude in the future  that this material weakness continues to exist or that we will not identify any significant deficiencies or other material  weaknesses that will impair our ability to report our financial condition and results of operations accurately or on a timely  basis.",N/A
"● Patent reform legislation and recent court decisions could increase the uncertainties and costs surrounding the prosecution of our patent applications and the enforcement or defense of our issued patents.● If third parties claim that our therapeutic candidates or other products infringe upon their intellectual property, commercialization of our therapeutic candidates or products and our operating profits could be adversely affected.● If we do not obtain patent term extension in the United States under the Hatch-Waxman Act and in foreign countries under similar legislation, thereby potentially extending the term of our marketing exclusivity of our therapeutic candidates or products, our business may be materially harmed.Risks Related to Our Securities● If we do not regain compliance with or continue to satisfy the Nasdaq continued listing requirements, our securities could be delisted from the Nasdaq.",N/A
"The cumulative impact of the time required to make adjustments to our processes led to a delay of our drug substance  manufacturing campaign due to scheduling conflicts and capacity constraints at Lonza.There can be no assurance that we or Lonza will be able to  successfully manufacture drug substances in a timely manner in the future, or at all.Such process changes and manufacturing delays have caused a change  in our Investigational New Drug (“IND”) application timelines in the past and future changes or delays could impact future timelines for VAX-24, VAX-31  or for our other product candidates.In addition, the preclinical and clinical trial requirements of the FDA, European Medicines Agency (“EMA”) and other regulatory agencies  and the criteria these regulators use to determine the safety and efficacy of a vaccine candidate are determined according to the type, complexity, novelty  and intended use and market of the potential products.Approvals by the FDA and EMA for existing pneumococcal vaccines, such as Pfizer Inc.'s  (“Pfizer's”) Prevnar 13 (“PCV13”), Prevnar 20 (“PCV20”) and Merck & Co., Inc.'s (“Merck”) VAXNEUVANCETM (“PCV15”) and Pneumovax 23  (“PPSV23”), may not be indicative of what these regulators may require for approval of our vaccine candidates.",N/A
"In addition, a clinical trial may be suspended or terminated by us, an IRB, a data safety monitoring board, the FDA, or other regulatory  authorities due to a number of factors, including: • lack of adequate funding to continue the trial; • failure to conduct the trial in accordance with regulatory requirements or the trial's protocol; • inspection of clinical trial operations or sites by the FDA or other regulatory authorities resulting in the imposition of a clinical  hold; • unforeseen safety issues, including adverse side effects; or • changes in governmental regulations or administrative actions.Changes in governmental regulations and guidance relating to clinical trials may occur and we may need to amend clinical trial protocols to  reflect these changes, or we may amend trial protocols for other reasons.Amendments may require us to resubmit protocols to IRBs for re- examination and approval or renegotiate terms with CROs, clinical trial sites, and investigators, all of which may adversely impact the costs  or timing of or our ability to successfully complete a trial.Even if our clinical trials are completed, the results may not be sufficient to obtain regulatory approval for our product candidate.There are  significant risks that ongoing and future clinical trials of our product candidate will not be successful.",N/A
"As a result of these exceptions, such loans may have a higher risk of loan loss than the  other loans in our portfolio that fully comply with our loan policies.In addition, we may be subject to regulatory action by federal or state  banking authorities if they believe the number of exceptions in our loan portfolio represents an unsafe banking practice.As a community bank, we have different lending risks than larger banks.We provide services to individuals and small to medium-sized  businesses in our local markets who may have fewer financial resources to weather a downturn in the economy.Our ability to diversify our economic risks is limited by our own local markets and economies.",N/A
"The global markets have generally suffered, and are continuing  to suffer, from material disruptions to certain supply chains.Changes in our relationships with suppliers, shortages in  availability of materials, production delays, regulatory restrictions, public health crises, or other supply chain  disruptions, whether due to our suppliers or customers, could have a material adverse effect on our operations and  results.Increases in the costs of supplies could result in manufacturing interruptions, delays, inefficiencies or our  inability to market products.In addition, our profit margins would decrease if prices of purchased raw materials,  component parts or finished goods increase and we are unable to pass on those increases to our customers.As various  locations have seen recovery from COVID-19, there have been increases in demand, which have, in turn, created  significant disruption to the global supply chain.",N/A
"Outside the US, we intend to license ensifentrine to companies with expertise and experience in developing and commercializing products in those regions.To that end, we have entered into a strategic collaboration with Nuance Pharma Limited, a Shanghai-based specialty pharmaceutical company (“Nuance Pharma”), to develop and commercialize ensifentrine in Greater China.In 2023, Nuance enrolled the first subject in its pivotal Phase 3 trial evaluating ensifentrine for the maintenance treatment of COPD in China.Overview of COPD and current treatments COPD is a common, progressive, life-threatening respiratory disease without a cure.It causes loss of lung function, leading to debilitating breathlessness, hospitalizations, and death.",N/A
"If our products contain significant defects, we could incur significant  expenses to remediate such defects, our reputation could be damaged, and we could lose market share.•If we fail to achieve design wins for our products, our business will be harmed.•Business disruptions could harm our business, lead to a decline in revenues and increase our costs.•If we cannot retain, attract, and motivate key personnel, we may be unable to effectively implement our business plan.•Any future acquisitions could require significant management attention, disrupt our business, result in dilution to our stockholders, deplete our cash reserves, and  adversely affect our financial results.",N/A
"If the costs to the hospital for INTERCEPT processed blood products cannot be easily, readily, or fully incorporated into the  existing reimbursement structure, or if reimbursement rates are insufficient or decreased in any given year for blood components treated with INTERCEPT, hospital  billing and/or reimbursement for these products could be impacted, thus negatively impacting hospitals' acceptance and uptake of our products.In addition, even if we  are able to achieve market acceptance in the U.S. or newly commercialized markets, we have provided and may in the future provide adoption incentives which may  negatively impact our reported sales.We are exposed to risks associated with the highly concentrated market for the INTERCEPT Blood System.The market for the INTERCEPT Blood System is highly concentrated with few customers, including often-dominant regional or national blood collection entities.Failure to effectively market, promote, distribute, price or sell our products to any of these customers could significantly delay or even diminish potential product  revenue in those geographies.",N/A
"As a result of any of the foregoing types of actions, our business, financial condition and  results of operations could be materially affected.Our efforts to raise additional funding may divert our management from their day-to-day activities, which may adversely affect our ability to  develop the RaniPill platform, including the RaniPill HC, to progress development of our product candidates or to automate our manufacturing processes.Moreover, the terms of any financing may adversely affect the holdings or the rights of our stockholders and the issuance of additional  securities, whether equity or debt, by us, or the possibility of such issuance, may cause the market price of our Class A common stock to decline.The sale  of additional equity or convertible securities would dilute all of our stockholders.The incurrence of indebtedness would result in increased fixed payment  obligations and we may be required to agree to certain restrictive covenants and other operating restrictions that could adversely impact our ability to  conduct our business.",N/A
"Debt financing, if available, is likely to involve restrictive covenants limiting our flexibility in conducting  future business activities, and, in the event of insolvency, debt holders would be repaid before holders of our equity securities received any distribution of our corporate  assets.We also could be required to seek funds through arrangements with collaborators or others that may require us to relinquish rights or jointly own some aspects of  our technologies or product candidates that we would otherwise pursue on our own.Risks Related to Our BusinessWe are early in our development efforts.Our business is dependent on the successful development of our product candidates, future product candidates, and  companion diagnostics for biomarkers associated with our product candidates and future product candidates.",N/A
"If  we fail to raise sufficient funds and continue to incur losses, our ability to fund our operations, take advantage of strategic opportunities, develop and  commercialize products or technologies, or otherwise respond to competitive pressures could be significantly limited.If this happens, we may be forced to  delay or terminate research and development programs or the commercialization of products or curtail operations.If adequate funds are not available, we  will not be able to successfully execute on our business strategy or continue our business.Our gross profit margins on our consumer products may be impacted by a variety of factors, including but not limited to variations in raw materials  and packaging, freight costs, pricing, customer requirements, market acceptance rate and promotional support costs.We expect that our gross profit as a percentage of net sales could fluctuate as a result of a number of factors, including product pricing, retail discounts, and  the availability and cost of ingredients and packaging.",N/A
"If we are unable to access funds under the Trading Credit Facility, we may be limited in the manner in which we conduct our business, and we may be unable to engage  in favorable business activities or finance future operations or capital needs.We cannot assure you that our assets or cash flow would be sufficient to fully repay borrowings under our outstanding debt instruments, including the Trading Credit  Facility, upon demand or acceleration, or at maturity, or that we would be able to refinance or restructure the payments under the Trading Credit Facility.Our failure to renew or  replace the Trading Credit Facility under such circumstances would reduce the financing available to us and could limit our ability to conduct our business, including certain  lending activity of our CFC subsidiary.There can be no assurance that we could procure replacement financing on commercially acceptable terms on a timely basis, or at all.We have pledged a significant portion of our assets as collateral under the Trading Credit Facility, and if we were unable to repay the amounts outstanding thereunder, the  administrative agent under the Trading Credit Facility could proceed against the collateral granted to secure such indebtedness.",N/A
"The distribution was conditioned on a tax opinion from outside counsel, in form and substance reasonably acceptable to us, substantially to the effect that,  among other things, the distribution and certain related transactions will qualify as a tax-free transaction for U.S. federal income tax purposes under Section  355 and Section 368(a)(1)(D) of the Code (the “Tax Opinion”).Additionally, we received a private letter ruling from the IRS, substantially to the effect  that, among other things, the distribution, together with certain related transactions, will qualify as a tax-free transaction for U.S. federal income tax  purposes under Section 355 and Section 368(a)(1)(D) of the Code (the “IRS Ruling”).The IRS Ruling and the Tax Opinion relied on certain facts,  assumptions, and undertakings, and certain representations from us and Xperi Inc., regarding the past and future conduct of both respective businesses and  other matters.The Tax Opinion also relied on the continued validity of the IRS Ruling.Notwithstanding the Tax Opinion and the IRS Ruling, the IRS could determine on  audit that the distribution or certain related transactions should be treated as a taxable transaction if it determines that any of these facts, assumptions,  representations or undertakings are not correct or have been violated, or that the distribution should be taxable for other reasons, including if the IRS were  to disagree with the conclusions of the Tax Opinion that are not covered by the IRS Ruling.",N/A
"We will be required to expend significant funds to continue exploration and if warranted, develop our existing exploration properties and to identify and acquire additional properties to diversify our properties portfolio.We have spent and will be required to continue to expend significant amounts of capital for drilling, geological and geochemical analysis, assaying and feasibility studies with regard to the results of our exploration.We may not benefit from some of these investments if we are unable to identify any commercially exploitable mineralized material.Our ability to obtain necessary funding for these purposes, in turn, depends upon a number of factors, including the status of the national and worldwide economy and the price of gold and copper.We may not be successful in obtaining the required financing or, if we can obtain such financing, such financing may not be on terms that are favorable to us.",N/A
"● Our shares of common stock could be delisted from the Nasdaq Capital Market if we fail to regain compliance with the Nasdaq's stockholders' equity continued listing standards.Our ability to publicly or privately sell equity securities and the liquidity of our shares of common stock could be adversely affected if we are delisted from the Nasdaq Capital Market.● Our financial condition raises substantial doubt as to our ability to continue as a going concern.● Unfavorable global economic or political conditions could adversely affect our business, financial condition or results of operations.● Prolonged inflation rates could negatively impact our revenues and profitability if increases in the prices of our products or a decrease in customer spending results in lower sales.",N/A
"We provide advice and best  practices to our customers in compliance with laws and regulations.• Strong research and development capabilities and comprehensive intellectual property portfolioWe have a long history and broad experience in the development of warm machine perfusion for organ preservation.During the life of our  OCS technology platform we have continued to add technological and usability enhancements to our devices.In the future, we intend to  develop newer versions of the technology that continue to improve the ease of use, portability, and capability of the products.",N/A
"In November 2023, we announced a restructuring plan, or the Restructuring Plan, to prioritize the commercialization of VOWST and the completion  of the SER-155 Phase 1b study, while reducing costs and supporting longer-term business sustainability.The Restructuring Plan included (i) a reduction of  our workforce by approximately 41% across the organization, resulting in the elimination of approximately 160 positions; (ii) significantly scaling back all  non-partnered research and development activities other than the completion of the SER-155 Phase 1b study; and (iii) reducing general and administrative  expenses, including consolidating office space.The Restructuring Plan was substantially implemented around the end of fiscal 2023.In connection with the  Restructuring Plan, for the year ended December 31, 2023, we incurred approximately $5.6 million in restructuring costs, primarily related to the workforce reduction, of which $5.3 million are expected to result in cash expenditures, and the remaining $0.3 million relates to stock-based compensation expense  associated with the acceleration of unvested equity awards.These costs were incurred in the fourth quarter of 2023.",N/A
"Therefore, we cannot assure you that our current customers will renew or expand their use of our solutions.If we are unable to sign new customers or retain or attract new business from current customers, our business and results of operations may be materially and adversely affected.If the market for cloud-based banking technology develops more slowly than we expect or changes in a way that we fail to anticipate, our sales would suffer and our results of operations would be adversely affected.Use of, and reliance on, cloud-based banking technology is still at an early stage and we do not know whether FIs will continue to adopt cloud- based banking technology such as the nCino Bank Operating System in the future, or whether the market will change in ways we do not anticipate.Many FIs have invested substantial personnel and financial resources in legacy software, and these FIs may be reluctant, unwilling, or unable to convert from their existing systems to our solutions.",N/A
"As a  result, comparing our operating results on a period-to-period basis may not be meaningful.This variability and unpredictability could also result in us  failing to meet the expectations of industry or financial analysts or investors for any period.If our revenue or operating results fall below the expectations  of analysts or investors or below any forecasts we may provide to the market, or if the forecasts we provide to the market are below the expectations of  analysts or investors, the price of our common stock could decline substantially.Such a stock price decline could occur even if we have met any previously  publicly stated guidance we may provide.We have no products approved for commercial sale and have not generated any revenue from product sales.",N/A
"The Bancorp's investment portfolio consists of federal funds, interest bearing balances in other financial institutions, U.S. government securities, federal agency obligations, obligations of state and local municipalities, and corporate securities.All of the instruments held in the Bancorp's investment portfolio are designated as AFS, and many of these instruments are particularly sensitive to interest rate fluctuations, especially long- term fixed-income securities, including U.S. Treasury notes and bonds and corporate and municipal bonds.As of December 31, 2023, the Bancorp held approximately $238.7 million of municipal securities within the investment portfolio, which comprised approximately 64.2% of the portfolio, and approximately $123.5 million of collateralized mortgage obligations and residential mortgage-backed securities within the portfolio, which comprised approximately 33.2% of the portfolio.From December 31, 2022 to December 31, 2023, the investment portfolio experienced unrealized gains of approximately $16.7 million.The decrease in unrealized losses is reflected in Accumulated Other Comprehensive Income (Loss) (AOCI) on the Bancorp's balance sheet and reduces the Bancorp's book capital and tangible common equity ratio.",N/A
"A component of our strategy to grow our revenue includes expansion into commercial markets.To date, biometrics technology has received only limited  acceptance and slow adoption in these markets.Although the recent appearance of biometric readers on popular consumer products, such as smartphones,  has increased interest in biometrics as a means of authenticating and/or identifying individuals, commercial markets for biometrics technology are still  developing and evolving.Biometrics-based solutions compete with more traditional security methods including keys, cards, personal identification  numbers, passwords and security personnel.Acceptance of biometrics as an alternative to such traditional methods depends upon a number of factors  including: i) the performance and reliability of biometric solutions; ii) costs involved in adopting and integrating biometric solutions; iii) public concerns  regarding privacy; and iv) potential privacy legislation.",N/A
"Furthermore, the application of various federal and state laws, including bankruptcy and insolvency laws, may limit the amount that can be recovered on these loans.For more information about the credit risk we face, see “Item 7.Management's Discussion and Analysis of Financial Condition and Results of Operations — Risk Management.”Our allowance for loan losses may not be adequate to cover actual losses.Like all financial institutions, we maintain an allowance for loan losses to provide for probable incurred losses due to loan defaults, non-performance, and other qualitative factors.",N/A
"We  may incur significant losses in the future for a number of reasons, including the other risks described herein, and unforeseen  expenses, difficulties, complications or delays, and other unknown events.If we are unable to sustain profitability, the value of  our business and Class A common stock may significantly decrease.We have a limited operating history at our current scale, which makes it difficult to forecast our future results of operations.As a result of our limited operating history at our current scale and the introduction of several new products in  recent years, our ability to accurately forecast our future results of operations is limited and subject to a number of uncertainties,  including our ability to plan for and model future growth.Our historical revenue growth should not be considered indicative of  our future performance.",N/A
