Risky Sentences,T/F
"These include, for example, the availability of alternative treatments, lack of cost-effectiveness, the cost of manufacturing the product on a commercial scale and competition with other drugs.The success of our product candidates may also be limited by the prevalence and severity of any adverse side effects.If we fail to commercialize one or more of our current Table of Contents 25 product candidates, we may be unable to generate sufficient revenues to attain or maintain profitability, and our financial condition and stock price may decline.If development of our product candidates does not produce favorable results, or encounters challenges, we, and our collaborators, if any, may be unable to commercialize these products.To receive regulatory approval for the commercialization of our core assets, SLS-002 and SLS-005, and our earlier-stage assets, SLS-004, SLS-006, SLS-007, SLS-008, SLS-009, SLS-010 and SLS-012, or any other product candidates that we may develop, adequate and well-controlled clinical trials must be conducted to demonstrate safety and efficacy in humans to the satisfaction of the FDA, the EMA and comparable foreign authorities.",N/A
"Successful completion of the Phase 2a trial will establish the mechanism of action and an early signal of efficacy in MASH and T2DM, which will allow us to seek initiation of Phase 2b trial as monotherapy or in combination with dipeptidyl peptidase-4 (“DPP4”) inhibitor, GLP1R or other therapeutic candidates.● Pursuit for DA-1241 combination therapy.The Phase 2a Part 2 trial is designed to establish combination therapy of DA-1241 and Sitagliptin, a DPP4 inhibitor.With successful proof of concept in the Phase 2a trial, we will be exploring other combination therapies that can benefit from the mechanism of action of DA-1241 and expand the target efficacy of DA-1241 for the treatment of MASH.● Advance DA-1726 through the FDA regulatory process to obtain approval for the treatment of obesity.",N/A
"Our rights under each of the licenses are subject to our continued compliance  with the terms of the license, including certain diligence, disclosure and confidentiality obligations and the payment of royalties and other fees.Because of the  complexity of our product and the patents we have licensed, determining the scope of the license and related obligations can be difficult and can lead to disputes  between us and the licensor.An unfavorable resolution of such a dispute could lead to an increase in the royalties payable pursuant to the license or termination  of the license.Any action that would prevent us from manufacturing, marketing and selling these systems or increase the costs associated with these systems  would have a significant adverse effect on our business, financial condition and results of operations.Our reliance on sales agents could affect our ability to market our products efficiently and profitably.",N/A
"We have limited experience as a commercial company and the sales, marketing, and distribution of OGSIVEO or any future approved products may be unsuccessful or less successful than anticipated.Our business is highly dependent on the successful commercialization of OGSIVEO and development of our current product candidates, including mirdametinib.If we are unable to successfully commercialize OGSIVEO or successfully complete clinical development of, obtain regulatory approval for, or commercialize, our product candidates, or if we experience delays in doing so, our business will be materially harmed.We were not involved in the early development of our lead product candidates or in the development of third-party agents being developed in combination with our product candidates; therefore, we are dependent on third parties having accurately generated, collected, interpreted and reported data from certain preclinical and clinical trials for our product candidates.If our clinical trials fail to replicate positive results from earlier preclinical studies or clinical trials conducted by us or third parties, we may be unable to successfully develop, obtain regulatory approval for or commercialize our product candidates.",N/A
"If we are unable to advance our product  candidates in clinical development, obtain regulatory approval and ultimately commercialize our product candidates, or experience significant delays in  doing so, our business will be materially harmed.ONCT-534 is an investigational dual-action androgen receptor inhibitor (DAARI) with preclinical activity in prostate cancer models against both  unmutated androgen receptor (AR), and against multiple forms of AR aberration.It is a potential treatment for patients with mCRPC with unmet medical  need because of resistance to androgen receptor inhibitors, including those with AR amplification, mutations in the AR ligand binding domain (LBD), or  splice variants with loss of the AR LBD.Oncternal has initiated Study ONCT-534-101 which is open and enrolling patients for treatment with mCRPC.ONCT-808 is an investigational autologous chimeric antigen receptor T (CAR T) cell therapy that targets Receptor Tyrosine Kinase-Like Orphan Receptor  1 (ROR1) using the binding domain from zilovertamab.",N/A
"Our strategy is to identify, acquire, develop, and commercialize novel products for the treatment of rare diseases on a global scale, prioritizing direct commercialization in selected markets, beginning with the United States and seeking to enter into partnerships or licensing arrangements in other markets.The critical components of our business strategy include the following: • continue focus on rare diseases with limited or no treatment options; • focus on diseases and therapies with clear pathophysiology and mechanisms of action; • leverage our experience and relationships to in-license promising product candidates from academic institutions, rare disease patient foundations, and/or partnerships with other pharmaceutical companies; • focus on creative, adaptive and rapid clinical and regulatory execution; and • where possible, seek to retain global or broad commercialization rights to product candidates to maximize long-term value.Driven by a sense of commitment to rare disease patients, their families, and the rare disease community, our goal is to be a leading rare disease drug company.Our Product Candidate LUM-201Our pipeline is focused on the development of an orally administered small molecule, LUM-201, which is a growth hormone (“GH”) secretagogue, also called ibutamoren, for rare endocrine disorders where injectable recombinant human growth hormone (“rhGH”) is currently approved.",N/A
"General global economic downturns and macroeconomic trends, including heightened inflation, capital  market volatility, interest rate and currency rate fluctuations, and an economic slowdown or recession, may result in  unfavorable conditions that could negatively affect our clients' businesses, and, as a result, impact demand for our14 products and services and our potential for growth.An economic slowdown or recession may also negatively impact  the wellbeing of our game-changers and increase the risk of staff misconduct or fraud.Geopolitical tensions and acts  of violence or war or other international conflicts may also negatively impact the global financial markets and could  lead to or exacerbate an economic slowdown or recession.Even if we do not have operations in countries where  such conflicts are taking place, the effect on supply chains, the demand for our clients' products and services or  other broader impacts of the conflict could result in a decline in our revenue, supply shortages or delays, particularly  of technological equipment, and increased costs.",N/A
"Failure to accurately forecast these trends could cause us to change or re-evaluate certain of our strategies, including as it relates to acquisitions or opening of new branch locations.Alternatively, this forecasting difficulty in addition to labo a r shortages and suppl u y chain disrupt r ions could cause a shortage of equipment for sale or rental that could result in an inability to satisfy f demand for our products and a loss of market shares.Our revenue and operating i resultst may a fluctuate, t which couldl result in a declin l e in our profita f bilit i yt and make it more diffi i cult for us to grow our busine i ss.Our revenue and operating results have historically varied from quarter to quarter.Periods of decline could result in an overall decline in profita f bi a lity and make it more difficult for us to make payments on our indebtedness and grow our business.",N/A
"Further, any defects or errors, or failures to meet our customers' expectations, could result in claims for damages against us.Our contracts do not always limit our liability for damages that arise from negligent acts, errors, mistakes, or omissions in rendering services to our customers.As such, we cannot be sure that these contractual provisions will protect us from liability for damages in the event we are sued.Our continued success is dependent upon our ability to hire, retain and utilize qualified personnel.As a professional and technical engineering and consulting solutions provider we depend upon our ability to hire, retain, and utilize qualified personnel, including engineers, architects, designers, craft personnel and corporate management professionals who have the required experience and expertise at a reasonable cost.",N/A
"For the years ended December 31, 2023, and 2022, we  reported a net loss of $20.3 million, $19.8 million, respectively.As of December 31, 2023, and 2022, we had an accumulated deficit of $339.9 million, and  $319.7 million, respectively.We expect to continue to incur significant losses for the foreseeable future, and we expect these losses to increase as we continue our research and  development of, and seek regulatory approvals for, our product candidates.We may also encounter unforeseen expenses, difficulties, complications, delays  and other unknown factors that may adversely affect our business.The size of our future net losses will depend, in part, on the rate of future growth of our  expenses and our ability to generate revenues, if any.",N/A
"Corporate Practice of MedicineThe laws and regulations relating to our operations vary from state to state, and some states in which we operate  prohibit general business corporations, such as us, from practicing medicine, directly employing physicians, controlling  physicians' or other clinicians' medical decisions, or engaging in some practices such as splitting professional fees with  physicians or other clinicians.In certain states, we contract with physicians to provide healthcare services that are required  to be provided by licensed physicians to comply with such requirements.While we believe that we are in substantial  compliance with state laws prohibiting the corporate practice of medicine, regulatory agencies and other parties may assert  that we could be engaged in the corporate practice of medicine.Further, many such state laws are often vague or have  otherwise only been infrequently interpreted by courts or regulatory agencies and are subject to change.",N/A
"(848,079) Deferred revenue/contract liabilities(2,037,070) Intangible assets - customer relationshipsIntangible assets - technology10,473,700  Total fair value allocation of purchase priceFor more details please refer to Note 4 of the Company's enclosed Financial Statements.",N/A
"We do not license our IP solutions and deployment tools directly to end-users; we license our technology primarily to companies in the automotive market, enterprise computing market, communications market, consumer electronics market, and industrial market, who then incorporate our technology into the products they sell.As a result, we rely on our customers to incorporate our technology into their end products at the design stage.Once a company incorporates a competitor's technology or develops the technology internally and incorporates it into its end product, it becomes significantly more difficult for us to sell our technology to that company because changing suppliers involves significant cost, time, effort and risk for the company.As a result, we may not achieve targeted customer acceptance despite incurring significant expenditures to develop new technology.Moreover, even after customers agree to incorporate our technology into their end products, the design cycle is long and may be delayed due to factors beyond our control, which may result in our customers' product not reaching the market until long after our initial design win, which we define as winning the competitive bid selection process.",N/A
"Laws and regulations affecting government contracts and grants might make it more costly and difficult for us to successfully conduct our business.Our business with the U.S.  Government, international governments,  and any future business with  state and local governmental agencies are subject to specific procurement regulations and a variety of other legal and compliance obligations.These laws and rules include those related to procurement integrity, rates and pricing of services and goods to be reimbursed by the U.S. Government, export control, government security regulations, employment practices, protection of the environment, accuracy of records and the recording and reporting of costs, and foreign corrupt practices.Among the most significant government contracting regulations that affect our business are:• the Federal Acquisition Regulation and other agency-specific regulations supplemental to the Federal Acquisition Regulation, which comprehensively regulate the procurement, formation, administration and performance of U.S. government contracts;",N/A
"The purpose of the loan is also an important  consideration that dictates loan structure and the credit decision.The Bank's commercial real estate loans are principally secured by investor-owned or owner-occupied commercial and  industrial buildings.Generally, these types of loans are made with a maturity date of up to seven years, with longer amortization  periods.Typically, the Bank's commercial real estate loans have a debt-coverage ratio at time of origination of 1.25 or more  and a loan-to-value ratio of 70% or less.The Bank offers fixed-rate commercial real estate loans, including hybrid-fixed rate  loans that are fixed for five years and then convert to adjustable rate loans for the remaining term.",N/A
"Some of these costs incurred by the Company are payable regardless of whether the merger is completed.The Company and Cambridge may also incur additional costs to maintain employee morale and to retain key employees.There can be no assurances that the expected benefits and efficiencies related to the integration of the businesses will be realized to offset these transaction and integration costs over time.Regulatory approvals related to the merger may not be received, may take longer to receive than expected, or may impose burdensome conditions, which could impose additional costs and could delay or prevent completion of the merger.Before the merger may be completed, certain approvals or consents must be obtained from various bank regulatory and other authorities of the United States, the Commonwealth of Massachusetts and the State of New Hampshire.",N/A
"globally, or if the breadth of these intellectual property rights is insufficient, our ability to effectively compete in our markets could be  compromised.We have established, and may continue to establish, collaborative agreements and strategic partnerships.However, there is no guarantee we  will fully achieve the anticipated benefits from these collaborations, alliances, or licensing agreements, and conflicts could emerge with our  present or prospective partners.• Clinical drug development involves a lengthy and expensive process and outcomes are uncertain, and we may not successfully complete  clinical trials for drugs under development, including ETUARY for future indications in the PRC, F573 in the PRC, and F351 in the PRC and  in additional markets beyond the PRC, or demonstrate the safety and efficacy of our product candidates to the satisfaction of regulatory  authorities.We are developing F351 for the treatment of liver fibrosis associated with NASH.",N/A
"· the cost and timing of completion of commercial-scale, outsourced manufacturing activities; and· the time and cost necessary to respond to technological and market developments.Our TAEUS platform applications may not achieve adequate market acceptance by physicians, patients, third-party payors and others in the medical community.Our TAEUS applications that receive regulatory approval may nonetheless fail to gain sufficient market acceptance by physicians, patients, third-party payors and others in the medical community.If our TAEUS applications do not achieve an adequate level of acceptance, we may not generate significant product revenues or any profits from sales.",N/A
"Pinnacle Bank traditionally obtains deposits through personal solicitation by its  financial advisors and leadership team, although its use of advertising has increased in recent years, primarily due to its partnerships  with the Tennessee Titans NFL football team, The Pinnacle at Nashville Yards, and the Memphis Grizzlies NBA basketball team.Additionally, Pinnacle Bank offers its targeted small business and commercial clients a comprehensive array of treasury management  and remote deposit services, which allow electronic deposits to be made from the client's place of business.Our treasury management  services include, among other products, online wire origination, enhanced ACH origination services, positive pay, zero balance and  sweep accounts, automated bill pay services, electronic receivables processing, lockbox processing, merchant card acceptance  services, small business and commercial credit cards corporate purchasing cards and virtual accounting/deposit escrow solutions.5 Investment, Trust and Insurance Services Pinnacle Bank contracts with Raymond James Financial Services, Inc. (""RJFS""), a registered broker-dealer and investment adviser, to  offer and sell various securities and other financial products to the public through associates who are employed by both Pinnacle Bank  and RJFS.RJFS is a subsidiary of Raymond James Financial, Inc. Pinnacle Bank offers, through RJFS, non-FDIC insured investment products to help clients achieve their financial objectives within  their risk tolerances.",N/A
"ADI-001 is in the early stages of development with an ongoing Phase 1 study to assess the safety and efficacy of ADI-001 in  patients with relapsed or refractory aggressive non-Hodgkin's lymphoma (NHL) that commenced in March 2021, and we plan to initiate a Phase 1 study of  ADI-001 in lupus nephritis (LN) in the second quarter of 2024.Our preclinical results or clinical results to date may not predict results for our planned or ongoing trials or any future studies of ADI-001 or any other  allogeneic gamma delta T cell product candidate.Because of the lack of evaluation of allogeneic products and gamma delta T cell therapy products in the  clinic to date, any such product's failure, or the failure of other allogeneic T cell therapies or gamma delta T cell therapies, may significantly influence  physicians' and regulators' opinions in regards to the viability of our entire pipeline of allogeneic T cell therapies, which could have a material adverse  effect on our reputation.If our gamma delta T cell therapy is viewed as less safe or effective than autologous therapies or other allogeneic T cell therapies,  our ability to develop other allogeneic gamma delta T cell therapies may be significantly harmed.All of our product candidates, including ADI-001, will require additional clinical and non-clinical development, regulatory review and approval in  multiple jurisdictions, substantial investment, access to sufficient commercial manufacturing capacity and significant marketing efforts before we can  generate any revenue from product sales.",N/A
"There is no assurance that UN(THINK)™ will operate as intended.The Company's plans for developing and advancing the UN(THINK)™ are in its preliminary stages.The Company has yet to fully launch their range of products in either the B2B or D2C channels.Accordingly, this component of the Company's business plan is subject to considerable risks, including:● the potential B2B sales may not achieved the planned levels of sales;",N/A
"We have completed one Phase 1 clinical trial and have not yet demonstrated our continued ability to successfully complete clinical trials, including  large-scale, pivotal clinical trials, obtain regulatory approvals, manufacture a commercial scale product or arrange for a third party to do so on our behalf or  conduct sales and marketing activities necessary for successful commercialization.Our programs are still in preclinical and early clinical development.Our  clinical programs may not advance to the next stage of clinical development, and our preclinical programs may never advance to clinical development or  through clinical development, as applicable.We currently only have three product candidates in clinical development.In July 2022, we initiated BEACON,  a Phase 2 open-label, parallel-dose clinical trial of bitopertin in EPP and XLP patients that is being conducted at sites in Australia.",N/A
"We believe that the principal competitive factors in our target markets include quality of product, cost of capital equipment and supplies;  reputation among customers; innovation in product offerings; flexibility and ease of use; accuracy  9and reproducibility of results; competition for human resources; and compatibility with existing laboratory processes, tools, and methods.We compete with both established and development stage life science companies that design, manufacture, and market instruments for gene expression  analysis, genotyping, other nucleic acid detection, protein expression analysis, imaging, and additional applications.In addition, a number of other  companies and academic groups are in the process of developing novel technologies for life science markets.Many of our competitors enjoy several  competitive advantages over us, including significantly greater name recognition; greater financial and human resources; broader product lines and product  packages; larger sales forces and e-commerce channels; larger and more geographically dispersed customer support organizations; substantial intellectual  property portfolios; larger and more established customer bases and relationships; greater resources dedicated to marketing efforts; better established and  larger scale manufacturing capability; and greater resources and longer experience in research and development.",N/A
"The Company's business is subject to risks inherent in global sourcing activities.Sleep Number's air chambers, certain electronic components, and some of its other components are manufactured outside the United States, and therefore are subject to risks associated with foreign sourcing of materials, including but not limited to: • Existing or potential duties, tariffs or quotas on certain types of goods that may be imported into the United States; • Foreign regulations that may impact availability or cost of supply; • Political instability, unrest, geopolitical turmoil, acts of terrorism, global conflicts (such as any conflict that may arise between China and Taiwan) or war (such as the war between Russia and Ukraine and the war between Israel and Hamas), outbreaks of pandemics or contagious diseases, shipping delays, foreign or domestic strikes, customs inspections, or other factors resulting in disruption in supply, transportation, trade, labor, or the availability of global contractors utilized in the Company's business operations; • Foreign currency fluctuations; • Economic uncertainties, including inflation; and • Adverse weather conditions, climate change or other natural or man-made disasters.The Company cannot predict whether the countries in which some of its components are manufactured, or may be manufactured in the future, or where the Company contracts for labor will be subject to new or additional trade restrictions imposed by the United States or other foreign governments, including the likelihood, type, or effect of any such restrictions.The United States government has implemented certain trade policies, including imposing tariffs on certain goods imported from China and other countries and imposing sanctions against Russia as a result of the war in Ukraine, and may take further actions with respect to these policies in the future.Additionally, although the Company does not have operations in Russia, Belarus, or Ukraine and has not been directly impacted by the war in Ukraine, some of the Company's third-party suppliers have disclosed that they may source, directly or indirectly, a portion of their supply chain requirements of gold, tantalum, tin, and tungsten (collectively the “3TGs”), as well as birch plywood from Russia.",N/A
"See the diagram below for an illustration of this process and our product roles.We now offer products that integrate into the critical steps of preservation, thawing, and both fixed and transportable storage under controlled conditions.Complementary products portfolio Expanding Participation in Customers' Workflow ® 8 Table of Contents Our strategyWe are focused on the development, production, and commercialization of differentiated, best-in-class products and services that facilitate the manufacturing, delivery, and storage of cell and gene therapies and biologic materials.Our products are designed to increase our customers' product yield and we are committed to supporting our customers with strong customer service and applications expertise.",N/A
"As the status of the COVID pandemic and its effects continue to evolve, additional Bel facilities could become negatively  impacted.COVID remains a potential supply continuity risk due to the unknown nature of future outbreaks including as a result of the  emergence of further COVID virus variants.The extent to which COVID will impact our business and our consolidated financial results  will depend on future developments which are highly uncertain and cannot be predicted at the time of the filing of this Annual Report  on Form 10-K.See ""Overview - Key Factors Affecting our Business - Potential Future Impacts of COVID"" in Item 7 of this Annual  Report on Form 10-K for a discussion of current and potential future impacts of COVID upon our business.We may experience labor unrest.",N/A
"We must maintain brands that are recognized and trusted by consumers and retail partners.Our proprietary algorithms and customer lease decisioning tools used to approve customers are subject to unexpected  changes in behavior caused by macroeconomic conditions, which could cause these tools to no longer be indicative of  our customers' ability to perform under their lease agreements with us.• Failure to effectively manage our costs could have a material adverse effect on our profitability.We face risks in our Acima retail partner business and virtual locations that differ in some potentially significant  respects from the risks of the traditional lease-to-own business conducted in Rent-A-Center store locations.These risks  could have a material adverse effect on Acima, which could negatively impact our ability to grow the Acima segment  and result in a material adverse effect on our results of operations.",N/A
"Mountaineer is located  on the Ohio River at the northern tip of West Virginia's northwestern panhandle approximately 30 miles from Pittsburgh  International Airport and a one hour drive from downtown Pittsburgh.In addition to the casino and hotel, Mountaineer has a  golf course and a racetrack that holds live thoroughbred races from April to December.The facility also has on-site pari-mutuel  wagering, a sports book, five dining venues, a bar and 5,248 surface parking spaces neighboring the casino.Sports betting and  online gaming (“iGaming”) are also available through mobile apps.Rocky Gap Casino, Resort & Golf – Flintstone, Maryland (“ROK” or “Rocky Gap”).",N/A
"Even if we do become profitable, we may not be able to  sustain or increase our profitability on a quarterly or annual basis.The amount of our future losses is uncertain and our quarterly and annual operating results may fluctuate significantly in the future due to a variety  of factors, many of which are outside of our control and may be difficult to predict, including the following:  • the timing and success or failure of preclinical studies and clinical trials for our product candidates or competing product candidates, or any other  change in the competitive landscape of our industry, including consolidation among our competitors or partners;  • our ability to successfully open clinical trial sites and recruit and retain subjects for clinical trials and any delays caused by difficulties in such  efforts;  • our ability to obtain regulatory approval for our product candidates, and the timing and scope of any such approvals we may receive;  • the timing and cost of, and level of investment in, research and development activities relating to our product candidates, which may change  from time to time;  • the cost of manufacturing our product candidates and products, should they receive regulatory approval, which may vary depending on the  quantity of production and the terms of our agreements with manufacturers;  • our ability to attract, hire and retain qualified personnel;  • expenditures that we will or may incur to develop additional product candidates;  44• the level of demand for our products should they receive regulatory approval, which may vary significantly;  • the risk/benefit profile, cost and reimbursement policies with respect to our product candidates, if approved, and existing and potential future  therapeutics that compete with our product candidates;  • the changing and volatile U.S. and global economic environments, including as a result of public health crises; and  • future accounting pronouncements or changes in our accounting policies.The cumulative effects of these factors could result in large fluctuations and unpredictability in our quarterly and annual operating results.As a  result, comparing our operating results on a period-to-period basis may not be meaningful.",N/A
"● secure market exclusivity and/or adequate intellectual property protection for our product candidates;● attract and retain an experienced management and advisory team; and● raise sufficient funds in the capital markets to effectuate our business plan, including product and clinical development, regulatory approval and commercialization for our product candidates.Investors should evaluate an investment in us in light of the uncertainties encountered by developing companies in a competitive environment.There can be no assurance that our efforts will be successful or that we will ultimately be able to attain profitability.",N/A
"Our expenses will further increase as we:● conduct clinical trials of our lead product candidate, LB-100;● in-license or acquire rights to, and pursue development of, other products, product candidates or technologies;● hire additional clinical, manufacturing, quality control, quality assurance and scientific personnel;● seek marketing approval for any product candidates that successfully complete clinical trials;",N/A
"Our business operations are subject to regulatory uncertainties which may affect our ability to continue operations of existing nightclubs, acquire additional nightclubs, or be profitable.Adult entertainment nightclubs are subject to local, state and federal regulations.Our business is regulated by local zoning, local and state liquor licensing, local ordinances, and state and federal time place and manner restrictions.The adult entertainment provided by our nightclubs has elements of speech and expression and, therefore, enjoys some protection under the First Amendment to the United States Constitution.However, the protection is limited to the expression, and not the conduct of an entertainer.",N/A
"To the extent that we raise additional capital through the sale of equity or convertible debt securities, your ownership interest will be diluted, and the terms of these securities may include liquidation or other preferences that adversely affect your rights as a securityholder.In addition, debt financing and preferred equity financing, if available, may involve agreements that include covenants limiting or restricting our ability to take specific actions, such as incurring additional debt, making capital expenditures or declaring dividends.If we raise additional funds through collaborations, strategic alliances or marketing, distribution or licensing arrangements with third parties, we may be required to relinquish valuable rights to our technologies, intellectual property, or future revenue streams or grant licenses on terms that may not be favorable to us.Furthermore, any capital raising efforts may divert our management from their day-to-day activities, which may adversely affect our ability to advance development activities.If we need additional capital and cannot raise it on acceptable terms, or at all, we may not be able to, among other things:  28",N/A
"We may not be successful in obtaining or maintaining necessary rights to our product candidates through acquisitions and in-licenses.Table of Contents 24 ● If we fail to comply with our obligations in the agreements under which we in-license intellectual property and other rights from third parties or otherwise experience disruptions to our business relationships with our licensors, we could lose intellectual property rights that are important to our business.We may not be able to protect our proprietary or licensed technology in the marketplace.The market price of our common stock is expected to be volatile.Risk Factors Risks Related to the Company",N/A
"We compete for customers' discretionary  spend on entertainment with localized attraction facilities such as movie theaters, sporting events, bowling alleys,  sports activity centers, arcades and entertainment centers, night clubs and restaurants as well as theme parks.We  also face competition from local, regional, and national establishments that offer similar entertainment  experiences and restaurants that are highly competitive with respect to price, quality of service, location,  ambience and type and quality of food.Some of these establishments may exist in multiple locations, and we  may also face competition on a national basis in the future from other similar concepts.We also face competition  3  from increasingly sophisticated home-based forms of entertainment, such as internet and video gaming and home  movie streaming.The key elements that drive our total customer experience and help position us from a competitive  standpoint include the following:  Strong, distinctive brands with broad customer appeal.",N/A
"If we fail to attract new personnel or fail to retain and motivate our current key employees or group, our business and future growth prospects could be severely harmed.Due to the competitive bidding process to obtain U.S. government contracts, both upon initial issuance and re-competition, and the likelihood of bid protest, we may be unable to achieve or sustain revenue growth and profitability.Many of our U.S. government contracts are awarded through a competitive bidding process upon initial award and renewal, and we expect this will continue.There is often significant competition and pricing pressure as a result of this process.The competitive bidding process presents a number of risks, including the following: • We may expend substantial funds and time to prepare bids and proposals for contracts that may ultimately be awarded to one of our competitors; • We may be unable to accurately estimate the resources and costs that will be required to perform any contract we are awarded, which could result in substantial cost overruns and decreased margins; • We may encounter expense and delay if our competitors protest or challenge awards of contracts, and any such protest or challenge could result in a requirement to resubmit bids on modified specifications or in the termination, reduction or modification of the awarded contract; • The protest of contracts awarded to us may result in the delay of program performance and the generation of revenue while the protest is pending; and • If we are not given the opportunity to re-compete for U.S. government contracts previously awarded to us, we may incur expenses to protest such a decision and ultimately may not succeed in competing for or winning such contract renewal.",N/A
"Our ability to  46  generate revenue and achieve profitability depends significantly on our ability to achieve a number of  objectives, including:  •  successful and timely completion of nonclinical and clinical development of our drug candidates  and any future drug candidates, as well as the associated costs, including any unforeseen costs;  •  establishing and maintaining relationships with contract research organizations, or CROs, and  clinical sites for the clinical development, both in the United States and internationally, of our  drug candidates and any future drug candidates;  •  timely submission of application for and receipt of marketing approvals from applicable  regulatory authorities for any drug candidates for which we successfully complete clinical  development;  •  making any required post-marketing approval commitments to applicable regulatory authorities;  •  developing an efficient and scalable manufacturing process for our drug candidates, including  obtaining finished products that are appropriately packaged for sale;  •  establishing and maintaining commercially viable supply and manufacturing relationships with  third parties that can provide adequate, in both amount and quality, products and services to  support clinical development and meet the market demand for drug candidates that we develop,  if approved;  •  successful commercial launch following any marketing approval, including the development of  a commercial infrastructure, whether inhouse or with one or more collaborators;  •  a continued acceptable safety profile following any marketing approval of our drug candidates;  •  commercial acceptance of our drug candidates by patients, the medical community and third- party payors;  •  identifying, assessing and developing new drug candidates;  •  obtaining, maintaining and expanding patent protection, trade secret protection and regulatory  exclusivity, both in the United States and internationally;  •  protecting our rights in our intellectual property portfolio;  •  defending against third-party interference or infringement claims, if any;  •  negotiating favorable terms in any collaboration, licensing or other arrangements that may be  necessary or desirable to develop, manufacture or commercialize our drug candidates;  •  obtaining coverage and adequate reimbursement by hospitals, government and third-party  payors for drug candidates that we develop;  •  addressing any competing therapies and technological and market developments; and  •  attracting, hiring and retaining qualified personnel.We may never be successful in achieving our objectives and, even if we are, may never generate  revenue that is significant or large enough to achieve profitability.If we do achieve profitability, we may not  be able to sustain or increase profitability on a quarterly or annual basis.Our failure to become and remain  profitable may decrease the value of our company and could impair our ability to maintain or further our  research and development efforts, raise additional necessary capital, grow our business and continue our  operations.We may also experience delays in developing a sustainable, reproducible and scalable manufacturing  process or transferring that process to commercial partners, which may prevent us from completing our  clinical trials or commercializing our drug candidates on a timely or profitable basis, if at all.",N/A
"The scientific research that forms the basis of our efforts to develop product candidates with our proprietary technologies, including those from our ARC platform, is still ongoing.Further, the scientific evidence to support the feasibility of developing therapeutic treatments based on our platforms is both preliminary and limited.Given the novelty of our technologies, we intend to work closely with the FDA and other regulatory authorities to perform the requisite scientific analyses and evaluation of our methods to obtain regulatory approval for our product candidates.We cannot be certain that our approach will lead to the development of approvable or marketable products, alone or in combination with other therapies.To 35 our knowledge, our dual-sided fusion protein product candidates have not previously been tested in humans and may have properties that negatively impact safety or efficacy, such as greater immunogenicity when compared to existing therapeutics.",N/A
"If we are unable to raise such capital when needed, or on  acceptable terms, we may be forced to delay, reduce and/or eliminate one or more of our research and drug development  programs or future commercialization efforts.All of our product candidates are based on a novel AAV genetic medicine technology with which there is limited regulatory and  clinical experience to date, which makes it difficult to predict the time and cost of product candidate development and  subsequently obtaining regulatory approval.Further, the regulatory approval process for novel product candidates such as ours  can be more expensive and take longer than for other, better known or extensively studied therapeutic modalities.• Gene therapies are novel, complex and difficult to manufacture.We could experience production problems that result in delays  in our development or commercialization programs, limit the supply of our products or otherwise seriously harm our business.",N/A
"Third parties may also claim infringement by us with respect to past, current, or future technologies.We expect that participants in our market will be increasingly involved in infringement claims as the number of services and competitors in our industry segment grows.Any claim, whether meritorious or not, could be time-consuming, result in costly litigation, cause service upgrade delays, or require us to enter into royalty or licensing agreements.These royalty or licensing agreements might not be available on terms acceptable to us or at all.If we are unable to protect our Internet addresses or to prevent others from using Internet addresses that are confusingly similar, our business may be adversely impacted.",N/A
"Any actual or perceived failure by us to comply with legal or regulatory requirements related to privacy, cyber  security and data protection in one or multiple jurisdictions could result in proceedings, actions or penalties against  us.If third party payors do not provide sufficient coverage and reimbursement to healthcare providers for use of our  product platforms or if the number of patients covered by health insurance reduces, demand for our products and our  revenue could be adversely affected.The safety and efficacy of our products for certain uses is not yet supported by long-term clinical data, and our  products may therefore prove to be less safe and effective than initially thought.We rely on third parties to perform spare parts shipping and other logistics functions on our behalf.A failure or  disruption at our logistics providers would adversely impact our business.",N/A
"If global economic and market conditions, or economic conditions in the United States or other key markets, remain uncertain or persist, spread, or deteriorate further, we may experience material impacts on our business, operating results, and financial condition in a number of ways including negatively affecting our profitability and causing our stock price to decline.Our products, services, and systems rely on software that is highly technical, and if it contains errors or viruses, our business could be adversely affected.Our products, services, and systems rely on software, including software developed or maintained internally and/or by third parties, that is highly technical and complex.In addition, our products, services, and systems depend on the ability of such software to transfer, store, retrieve, process, and manage large amounts of data.The software on which we rely has contained, and may now or in the future contain, undetected errors, bugs, or vulnerabilities.",N/A
"An agreement with the Transport Workers Union for the flight attendant group was approved in 2017 and became amendable in  2022.We reached a tentative agreement with this union, but the tentative agreement was rejected by the flight attendants in July  2023 by a 39 percent to 61 percent vote.As such, we continue to negotiate with this work group.We also have agreements with the International Brotherhood of Teamsters for the flight dispatchers and for maintenance  technicians.In 2023, we entered into agreements with both groups to increase pay rates and extend all other terms of the  agreement by two years, until 2026 for our flight dispatchers and until 2028 for maintenance technicians.",N/A
"We expect to incur  significant losses for the foreseeable future to further develop and commercialize our lead drug candidate, nomlabofusp.We expect that our expenses will increase substantially if and as we: • continue clinical development efforts for nomlabofusp; • seek regulatory and marketing approvals in the United States and in foreign jurisdictions for our product candidates that successfully complete  clinical trials, if any; • establish sales, marketing, distribution and other commercial infrastructure to commercialize various products for which we may obtain  marketing approval, if any; • contract for the manufacture of larger quantities of product candidates for clinical development and potentially commercialization; • maintain, expand and protect our intellectual property portfolio; • hire and retain additional personnel, such as clinical, manufacturing, quality control, regulatory and finance personnel; and;  • experience any delays or encounter issues with any of the above.We currently have no sales, marketing or medical affairs infrastructure and have no experience in the sales, marketing, or distribution of  pharmaceutical products.Assuming nomlabofusp ultimately is approved for marketing in the US and elsewhere, we will need to establish commercial  capabilities as well as customer service and support, logistics, and other related functions, or make arrangements with third parties to perform these  services.Net losses and negative cash flows have had, and will continue to have, an adverse effect on our liquidity and potentially the ability for us to raise  capital due to our unfavorable operating results.",N/A
"Because of our gift shop,  which have a lower product turnover than our restaurants, we carry larger inventories than many other companies in  the restaurant industry.Retail inventories are generally financed through trade credit at terms of 60 days or less.These various trade terms are aided by rapid product turnover of the restaurant inventory.Employees generally are  paid on weekly or semi-monthly schedules in arrears of hours worked except for bonuses that are paid either quarterly  or annually in arrears.Many other operating expenses have normal trade terms and certain expenses, such as  certain taxes and some benefits, are deferred for longer periods of time.",N/A
"If we cannot generate sufficient revenues to operate profitably, we may be forced to cease, limit or suspend operations, or we may be required to raise capital or incur additional debt to maintain or grow our operations.There is no assurance that we will be able to raise such capital and if so on terms that are not onerous and dilutive to the Company and its shareholders.While we believe that our existing cash resources are sufficient to support our business, there can be no assurances that we will be successful.Our OEM distribution business remains highly concentrated in our diabetic products line.If our diabetic products line were to suffer the loss of a principal customer or a material decline in revenues from any such large customer, our business would be materially and adversely affected.",N/A
"Currently, on a consolidated basis, our operating subsidiaries own or control the rights to multiple patent portfolios, which include U.S. patents and certain foreign counterparts, covering technologies used in a variety of industries.We generate revenues and related cash flows from the granting of IP rights for the use of patented technologies that our operating subsidiaries control or own.We have established a proven track record of licensing and enforcement success with over 1,600 license agreements executed as of December 31, 2023, across nearly 200 patent portfolio licensing and enforcement programs.As of December 31, 2023, we have generated gross licensing revenue of approximately $1.8 billion, and have returned $865.2 million to our patent partners.During the past five calendar years ending on December 31, 2023, we generated gross licensing revenue of approximately $225.7 million and returned approximately $84.9 million to our patent partners.",N/A
"“Risk Factors” and elsewhere in this report: Risks Related to Our Business, Operations and Strategy - Current or worsening economic conditions, including inflation, rising interest rates or a recession, could adversely affect our business and financial condition.If we are unable to achieve and maintain adequate levels of coverage or reimbursement for our products, our business and results of operations will be adversely affected.- Changes to the level of Medicare coverage or coverage criteria for our products could have an adverse effect on our business and results of operations.We utilize third-party, single-source suppliers for some components and materials used in our products, and the loss of any of these suppliers could have an adverse impact on our business.Our revenue is primarily generated from our lymphedema products and we are therefore highly dependent on these products.",N/A
"We focus on rare metabolic disorders,  with our lead program, labafenogene marselecobac (SYNB1934), studied in Synpheny-3, a global, pivotal Phase 3 study for patients with phenylketonuria  (PKU), and SYNB1353, a potential treatment for homocystinuria (HCU).Both PKU and HCU are caused by inborn errors of metabolism, and present  significant need for innovation due to limitations of both efficacy and safety in the currently available medical treatment options.In February 2024, we made the decision to discontinue Synpheny-3, our pivotal study of our lead product candidate, labafenogene marselecobac  (SYNB1934), as a potential treatment for PKU.The decision to end Synpheny-3 is based on results of an internal review in advance of an upcoming  independent Data Monitoring Committee (DMC) assessment, which indicated the trial was unlikely to meet its primary endpoint.The decision was not  based on concerns regarding safety or tolerability.",N/A
"Our asset-based lending and factoring products may expose us to an increased risk of fraud.We rely on the structural features embedded in our asset-based lending and factoring products to mitigate the credit risk associated with such products.With respect to our asset-based loans, we limit our lending to a percentage of the customer's borrowing base assets that we believe can be readily liquidated in the event of financial distress of the borrower.With respect to our factoring products, we purchase the underlying invoices of our customers and become the direct payee under such invoices, thus transferring the credit risk in such transactions from our customers to the underlying account debtors on such invoices.In the event one or more of our customers fraudulently represents the existence or valuation of borrowing base assets in the case of an asset- based loan, or the existence or validity of an invoice we purchase in the case of a factoring transaction, we may advance more funds to such customer than we otherwise would and lose the benefit of the structural protections 24 of our products with respect to such advances.",N/A
"No  regulatory agency has made a determination that any of our product candidates are safe or effective for use by the general public for any  indication.We face significant competition from entities that have developed or may develop product candidates for the treatment of diseases that we are  initially targeting, including companies developing novel treatments and technology platforms.If our competitors develop and market products  that are more effective, safer or less expensive than our product candidates, our commercial opportunities will be negatively impacted.The manufacturing of our product candidates is complex.We and our third-party manufacturers have encountered and may continue to encounter  difficulties in the production of our product candidates, and supply chain shortages have limited and may continue to limit our access to raw  materials and other supplies.",N/A
"The market for our products is characterized by rapid technological advancements, changes in customer requirements, frequent new product introductions and enhancements, and changing industry standards.The general availability of generative AI starting in the second half of 2022, via large language models, has accelerated the pace of technology adoption and the ability of new market entrants to automate medical documentation.To maintain our growth strategy, we must adapt and respond to technological advances and new requirements of our customers.Our future success will depend on our ability to: enhance our current products; introduce new products in order to keep pace with products offered by our competitors and the evolving needs of our customers; enhance capabilities, including efforts to increase operating efficiency through improvements to our automation tools; increase the performance of our internal systems, particularly our systems that meet our customers' requirements and integration with their EHR systems; and adapt to technological advancements and changing industry and regulatory standards for privacy and the management of EHR systems.We continue to make significant investments related to the development of new technology.",N/A
"● We are subject to inspection and market surveillance by the FDA to determine compliance with regulatory requirements.● Treatment with The Vivos Method has only been available for a relatively limited time, and we do not know whether there will be significant post-treatment regression or relapse.● Our Medical Integration Division business line may implicate federal and state laws involving the practice of medicine and related anti-kickback and similar laws.Risks Related to Our Securities Generally● The market for our common stock is relatively new and may not develop to provide investors with adequate liquidity.",N/A
"Our MA and Medicare Part D plans are also subject to risks associated with increased medical or pharmaceutical costs.Business models for market participants involved in the financing and supply of pharmaceutical products rely on certain benchmarks and 22 practices (e.g., pricing based on Average Wholesale Price, or the use of Maximum Allowable Cost lists).It is uncertain how these business models will evolve and whether other pricing benchmarks will be introduced and widely adopted.Legislation may also lead to changes in the pricing for the Medicare Advantage program.While we believe we have adequately reviewed our assumptions and estimates regarding these complex and wide-ranging programs under Medicare Advantage and Medicare Part D, including those related to collectability of receivables and establishment of liabilities, actual results may be materially different from our assumptions and estimates and could have a material adverse effect on our business, financial condition, and results of operations.",N/A
"Risks Related to Our Diagnostic Tests● If our tests do not perform as expected, our operating results, reputation, and business will suffer.● We may experience delays in development, introduction, or marketing of enhanced or new tests.● If clinical testing does not yield successful results, we will be unable to commercialize that test or product candidate.● Even if our tests or products receive marketing approval, they may fail to achieve market acceptance.",N/A
"We also earn interest on loans held for sale while they are awaiting delivery to our investors.Mortgage banking income declined $16.4 million, or 52.6%, in 2023 due to a $444.7 million, or 43.4%, decrease in mortgage loan production in 2023.As a result of the current higher interest rate environment, our originations of mortgage loans may continue to decrease, resulting in fewer loans that are available to be sold to investors.This would result in a decrease in mortgage banking revenues.In addition, to being affected by interest rates, the secondary mortgage markets are also subject to investor demand for single-family mortgage loans and potentially increased investor yield requirements for those loans.",N/A
"If we seek additional financing to fund our business activities in the future and there remains substantial doubt about our ability to continue as a going concern, investors or other financing sources may be unwilling to provide funding to us on commercially reasonable terms, if at all.We have incurred substantial losses, expect to continue to incur substantial losses for the foreseeable future and may never generate significant revenue or achieve profitability.We have incurred significant annual net operating losses in every year since our inception.We expect to continue to incur significant and increasing net operating losses for at least the next several years.Our net loss was $47.4 million for the year ended December 31, 2023.",N/A
"Any failure to prevent or mitigate security breaches and improper access to or disclosure of our data or our customers' data or their users' data, including personal information from users, or of the other third party information and materials in our possession or control, including pre- release mobile devices in our custody, could result in the loss, modification, disclosure, destruction, or other misuse of such data or materials, which could harm our business and reputation, subject us to material liability and diminish our competitive position.In addition, computer malware, viruses, and general hacking have become more prevalent and may occur on our systems or on the third-party systems that we use.Such breaches and attacks may cause interruptions to the services we provide, degrade the user experience, cause our customers and their users to lose confidence and trust in our products and services, impair our internal systems or the third-party systems that we use, and result in financial harm to us.If we are unable to protect, or our customers and mobile device manufacturer partners perceive that we are unable to protect, the security and privacy of information, data and materials in our care, our growth could be materially adversely affected, and we could be subject to material liability.A security or privacy breach may: • cause our customers to lose confidence in our solutions; • cause our mobile device manufacturer partners to cease doing business with us; • harm our reputation; • expose us to material liability; and • increase our expense from potential remediation costs.",N/A
"Our failure to innovate, maintain technological advantage, or respond effectively and timely to transformational changes in technology could have a material adverse effect on our business, financial condition, and results of operations.Inability to effectively and rapidly adopt AI/GenAI into our offerings could materially impact our ability to compete, while its use may result in reputational harm and liabilityThe pressure on ‘speed to market' for AI and GenAI deployment presents risks and challenges to the business.The rapid evolution of AI/GenAI require us to expend resources to develop new service offerings and implement controls that allow us to utilize GenAI effectively, including investing in processes and professionals with the skills necessary to execute our AI strategy.If we are too slow to market or are otherwise unable to deploy AI and GenAI quickly and effectively into our offerings, we could fall behind our competitors and our ability to win and retain business could be materially impacted, negatively affecting our results of operations and our reputation as innovators.",N/A
"The FDA may disagree with our regulatory plan and we may fail to obtain regulatory approval of any product candidate.• Obtaining and maintaining regulatory approval of a product candidate in one jurisdiction does not mean that we will be successful in obtaining regulatory approval of such product candidate in other jurisdictions.• Even if we obtain regulatory approval of a product candidate, the product may not gain market acceptance among physicians, patients, hospitals, cancer treatment centers and others in the medical community.• Coverage and reimbursement may be limited or unavailable in certain market segments for a product candidate, which could make it difficult for us to sell such product candidate, if approved, profitably.Risks Related to Intellectual Property • Patents and patent applications involve highly complex legal and factual questions, which, if determined adversely to us, could negatively impact our business position.",N/A
"Competition for highly qualified people is intense and there is no assurance that we will be successful in attracting or retaining replacements to fill vacant positions, successors to fill retirements or employees moving to new positions, or other highly qualified personnel.Furthermore, the search for our new chief executive officer may take longer than expected, which could negatively impact our business development.Our executive officers have other business interests which may limit the amount of time they can devote to our Company and create conflicts of interest.Our executive officers have other business interests, meaning they may not have enough time to devote to our business operations.While our officers presently possess adequate time to attend to our interests, it is possible that the demands on them from their other obligations could increase with the result that they would no longer be able to devote sufficient time to the management of our business.",N/A
"However, there can be no assurance that we will be able to locate and purchase suitable acquisitions.In addition, the success of any acquisition, including the ability to realize anticipated cost synergies, depends in part on our ability to integrate the acquired company.The process of integrating acquired businesses may involve unforeseen difficulties and may require a disproportionate amount of our management's attention and our financial and other resources.If management is not able to effectively manage the integration process, or if any significant business activities are interrupted as a result of the integration process, we may not be able to realize anticipated cost synergies resulting from acquisitions and our business could suffer.Although we conduct due diligence investigations prior to each acquisition, there can be no assurance that we will discover or adequately protect against all material liabilities of an acquired business for which we may be responsible as a successor owner or operator.",N/A
"If the market share of our customers declines, our sales and earnings may decline.Our sales can be adversely affected in the event that our direct and indirect customers do not successfully compete in the markets in which they operate.In the event that the sales of one of our major customers decline for any reason, regardless of whether it is related to us or to our products, our sales to that customer may also decline, which could reduce our overall sales and our earnings.Our financial condition, results of operations, and cash flows in fiscal 2020 and 2021 were adversely affected by the COVID-19 pandemic.In December 2019, COVID-19 was first identified in Wuhan, China.",N/A
"We believe our low-cost, flexible model allows  us to access both large and small markets more economically than many of our peers.We maintain a disciplined approach to new store development and perform comprehensive market research before selecting a new site, including partnering  with specialized, third-party local real estate firms.We select sites using technology to create models and evaluate thousands of data points, including criteria  such as local demographics, traffic patterns, density of hunting and fishing license holders in the area, abundance of hunting and fishing game and outdoor  recreation activities, store visibility and accessibility, purchase data from our existing customer database and availability of attractive lease terms.We have  established productive relationships with well-regarded commercial real estate firms and believe that we are a sought-after tenant, given the strength of the  Sportsman's  7Warehouse brand, the high volume of customers that visit our stores and our strong financial performance since becoming a public company.",N/A
"We recognize the value of environmental stewardship and seek opportunities to reduce our carbon footprint and incorporate energy efficiency products into business operations.We have implemented company-wide recycling programs and have converted exterior lighting to LED at 64 offices.Further reducing our environmental impact, our office model design is reduced from an average 5,500 square feet to 3,300 square feet.As we renovate or build new facilities, we employ energy efficient equipment such as HVAC systems and lighting controls in offices.In 2022, we made a commitment for a $7 million investment in SOLCAP 2022-1, LLC and, in 2023, we made a commitment for a $7 million investment in SOLCAP 2023-1, LLC.",N/A
"We experience attrition in merchant credit and debit card processing volume resulting from several factors, including business closures, transfers of merchant accounts to our competitors, unsuccessful contract renewal negotiations and account closures that we initiate for various reasons such as heightened credit risks or contract breaches by merchants.Our referral partners are a significant source of new business.If a referral partner or an ISO switches to another processor, terminates our services, internalizes payment processing that we perform, merges with or is acquired by one of our competitors, or shuts down or becomes insolvent, we may no longer receive new merchant referrals from such referral partner, and we risk losing existing merchants that were originally enrolled by the referral partner or ISO.We cannot predict the level of attrition in the future and it could increase.Higher than expected attrition could negatively affect our results, which could have a material adverse effect on our business, financial condition, results of operations and cash flows.",N/A
"For our fixed-price contracts, we include the full remaining portion of the contract in our calculation  of backlog.A customer's intention to award us work under a fixed-price contract is not included in backlog unless there is an  actual award and contract to perform a specific scope of work at specific terms and pricing.For many of our unit-price, time-and- equipment, time-and-materials and cost-plus contracts, we only include projected revenue for a three-month period in the  calculation of backlog, although these types of contracts are generally awarded as part of MSAs that typically have a one- to  three-year duration from execution.Given the duration of our contracts and MSAs and our method of calculating backlog, our  backlog at any point in time may not accurately represent the revenue we expect to realize during any period and our backlog as  of the end of a fiscal year may not be indicative of the revenue we expect to generate in the following fiscal year and should not  be viewed or relied upon as a stand-alone indicator.Our backlog includes projects that have a written award, a letter of intent, a  notice to proceed or an agreed upon work order to perform work on mutually accepted terms and conditions.",N/A
"We are only in the preliminary stages of most of these activities and all of our product candidates are in early stage development.We may never succeed in these activities and, even if we do, may never generate any revenue or revenue that is significant enough to achieve profitability.Even if we achieve profitability, we may not be able to sustain or increase profitability on a quarterly or annual basis.Our failure to become and remain profitable would depress the value of our company and could impair our ability to raise capital, expand our business, maintain our development efforts, obtain product approvals, diversify our offerings or continue our operations.A decline in the value of our company could also cause you to lose all or part of your investment.",N/A
"Our main licensed brands include ARMANI EXCHANGE, DIESEL, DKNY, EMPORIO ARMANI, KATE SPADE NEW YORK, MICHAEL KORS, and TORY BURCH.As a result of our vertical integration, we are uniquely positioned to launch an accessory category, such as watches, in partnership with a licensor in a timely and consistent manner.All of our major licensing relationships are exclusive for the brands we license and include traditional watches, and for certain other brands, smartwatches and/or jewelry.We design, develop, market and distribute accessories across a variety of product categories: traditional watches, jewelry, handbags, small leather goods, belts and sunglasses.Additionally, we manufacture and/or distribute private label brands, as well as branded products purchased for resale in certain of our other branded retail stores.",N/A
"Because all of our product candidates are derived from our platform  technologies, a clinical failure of one of our product candidates may also increase the actual or perceived likelihood that our other product candidates will  experience similar failures.Of the large number of products in development, only a small percentage successfully complete the FDA, the European Commission's or comparable  foreign regulatory authorities' approval processes and are commercialized.The lengthy approval process as well as the unpredictability of future clinical trial  results may result in our failing to obtain regulatory approval to market our product candidates, which would significantly harm our business, financial  condition, results of operations and prospects.Even if we eventually complete clinical testing and receive approval of a BLA or foreign marketing application for our product candidates, the FDA, the  European Commission or the comparable foreign regulatory authorities may grant approval contingent on the performance of costly additional clinical trials,  including post-market clinical trials.The FDA, the European Commission or the comparable foreign regulatory authorities also may approve a product  candidate for a more limited indication or patient population than we originally request, and the FDA, the European Commission or comparable foreign  regulatory authorities may not approve the labeling that we believe is necessary or desirable for the successful commercialization of a product candidate.",N/A
"We face substantial competition, which may result in others discovering, developing, or commercializing products before, or more successfully than, we do.Because we have multiple programs and drug candidates in our development pipeline and are pursuing a variety of target indications and treatment modalities, we may expend our limited resources to pursue a particular drug candidate and fail to capitalize on development opportunities or drug candidates that may be more profitable or for which there is a greater likelihood of success.Risks Related to Our Platform and Data ◦We have invested, and expect to continue to invest, in research and development efforts to further enhance our drug discovery platform, which is central to our mission.If the return on these investments is lower or develops more slowly than we expect, our business and operating results may suffer.",N/A
"For short-term purposes, we may borrow from our MOB Warehouse Facility and our Fannie Mae Master Credit Facilities, which include a secured credit facility with KeyBank National Association (the “KeyBank Facility”) and a secured credit facility with Capital One Multifamily Finance, LLC, an affiliate of Capital One, National Association (the “Capital One Facility”).The KeyBank Facility and Capital One Facility are referred to herein together as the “Fannie Mae Master Credit Facilities”.We may seek and even replace current borrowings with longer-term capital such as senior secured or unsecured notes or other forms of long-term financing.We may invest in properties subject to existing mortgage indebtedness, which we assume as part of the acquisition.In addition, we may obtain financing secured by previously unencumbered properties in which we have invested or may refinance properties acquired on a leveraged basis.",N/A
"We cannot assure you that we will be able to obtain and maintain the gaming licenses and related approvals necessary to conduct our gaming operations.Any failure to maintain or renew our existing licenses, registrations, permits or approvals could have a material adverse effect on our business, financial condition, results of operations and prospects.Our directors, officers and key employees are also subject to a variety of regulatory requirements and must be approved by certain gaming authorities.If any gaming authority with jurisdiction over our business were to find an officer, director or key employee of ours unsuitable for licensing or unsuitable to continue having a relationship with us, we would be required to sever our relationship with that person.Furthermore, such gaming authorities may require us to terminate the employment of any person who refuses to file appropriate applications.",N/A
"Due to the lack of  BCVA ≥15-letter loss results for SYFOVRE®, we may experience difficulties in conducting the ARROW trial, including powering for statistical  significance, potential delays in enrollment, emerging safety data for SYFOVRE®, and potential inability to timely obtain SYFOVRE®, which may result  in substantial delays in the development of ANX007.There is no assurance that in a head-to-head study, ANX007 will result in statistically significant  clinical superiority over SYFOVRE® or that the overall results will be sufficient to support marketing approval.Our results of operations may fluctuate significantly, which makes our future results of operations difficult to predict and could cause our results of  operations to fall below expectations.Our quarterly and annual results of operations may fluctuate significantly, which makes it difficult for us to predict our future results of operations.These fluctuations may occur due to a variety of factors, many of which are outside of our control and may be difficult to predict, including:  • the timing and cost of, and level of investment in, research, development and, if approved, commercialization activities relating to our  product candidates, which may change from time to time;  • the timing and status of enrollment for our clinical trials;  • the cost of manufacturing our product candidates, as well as building out our supply chain, which may vary depending on the quantity of  production and the terms of our agreements with manufacturers;  • expenditures that we may incur to acquire, develop or commercialize additional product candidates and technologies;  • timing and amount of any milestone, royalty or other payments due under any collaboration or license agreement;  • future accounting pronouncements or changes in our accounting policies;  • the timing and success or failure of preclinical studies and clinical trials for our product candidates or competing product candidates, or any  other change in the competitive landscape of our industry, including consolidation among our competitors or partners;  • the timing of receipt of approvals for our product candidates from regulatory authorities in the United States and internationally;  • coverage and reimbursement policies with respect to our product candidates, if approved, and potential future drugs that compete with our  products; and  • the level of demand for our product candidates, if approved, which may vary significantly over time.",N/A
"Available Information Our website address is www.virtu.com.The information on our website is not, and shall not be deemed to be, a part of this Annual Report on Form 10- K or incorporated into any other filings we make with the SEC.Our Annual Reports on Form 10-K, Quarterly Reports on Form 10-Q, Current Reports on Form 8-K and amendments to those reports filed or furnished pursuant to Section 13(a) or 15(d) of the Securities Exchange Act of 1934, as amended (the “Exchange Act”) are available free of charge on our website as soon as possible after we electronically file them with, or furnish them to, the SEC.Our Investor Relations Department can be contacted at Virtu Financial, Inc., 1633 Broadway, New York, NY, 10019, Attn: Investor Relations, e-mail: investor_relations@virtu.com.16 From time to time, we use our website, public conference calls, and social media channels, including our Twitter account (twitter.com/virtufinancial), our LinkedIn account (linkedin.com/company/virtu-financial), and our Instagram account (instagram.com/virtu.financial), as additional means of disclosing public information to investors, the media and others interested in us.",N/A
"During 2023, commodity prices declined from near record highs experienced in 2022.The  outlook is for commodity prices to continue to decline modestly over the next few years before stabilizing, but are subject to  global economic and market conditions.The agricultural economy in the Midwest, including Kansas, has been stable over the previous several years.A  prolonged period of weakness in the agricultural economy could result in a decrease in demand for loans or other products  and services offered by us, an increase in agricultural loan delinquencies and defaults, an increase in impaired assets and  foreclosures, a decline in the value of our loans secured by real estate, and an inability to sell foreclosed assets.The effects  of a prolonged period of a weakened agricultural economy could have a material adverse effect on our business, financial  condition and results of operations.",N/A
"Local zoning authorities and community organizations are often  opposed to construction in their communities and these regulations can delay, prevent or increase the cost of new  distribution system construction and modifications, thereby limiting our ability to respond to customer demands and  requirements.Existing regulatory policies may materially and adversely affect the associated timing or cost of such  projects and additional regulations (including, but not limited to, regulations related to public health and safety matters  similar to ones adopted in recent years to prevent the spread of COVID-19, like travel restrictions, stay at home policies,  temporary business closures, social distancing and vaccination requirements) may be adopted which increase delays or  result in additional costs to us, or that prevent such projects in certain locations.These factors could materially and  adversely affect our business, results of operations or financial condition.For more information regarding the regulations  we are subject to, please see the section entitled “Business – Government Regulation, Licensing and Enforcement.”We have identified a material weakness in our internal control over financial reporting which could, if not remediated,  result in material misstatements in our financial statements.",N/A
"We may be unsuccessful in launching a newly acquired product line in new markets which requires  management of new suppliers, potential new customers and new business models.Our management may not have the experience of selling in these new markets  and we may not be able to grow our business as planned.For example, in August 2018, we acquired Meural Inc., a leader in digital platforms for visual art, to  enhance our Connected Home product and service offerings.If we are unable to effectively and successfully further develop these new product lines, we may not  be able to increase or maintain our sales and our gross margins may be adversely affected.Accordingly, if we cannot properly drive customer and business demand, manage future introductions and transitions of products and services, this could  result in:  • loss of or delay in revenue and loss of market share;  • negative publicity and damage to our reputation and brand;  • a decline in the average selling price of our products;  • adverse reactions in our sales channels, such as reduced shelf space, reduced channel inventory levels, reduced online product visibility, or loss of  sales channels; and • increased levels of product returns.",N/A
"The Company's operating results may fluctuate, and this fluctuation could cause financial results to be below expectations.The Company's operating results may fluctuate from period to period for a number of reasons.In budgeting the Company's  operating expenses for the foreseeable future, the Company makes assumptions regarding revenue trends; however, some of  the Company's operating expenses are fixed in the short term.Sales of the Company's products are seasonal, concentrated  in the fourth calendar quarter, due to the Thanksgiving and Christmas-time holidays, and the second calendar quarter, due to  Mother's Day and Administrative Professionals'In anticipation of increased sales activity during these periods, the  Company hires a significant number of temporary employees to supplement its permanent staff and the Company increases  its inventory levels.",N/A
"The FDA may place additional clinical holds on our  current or currently contemplated clinical programs or otherwise limit our ability to proceed with other clinical programs in our pipeline, which will harm  our business, financial condition, results of operations and may force us to cease our operations.We expect to explore partnership and licensing opportunities to support the future development of EryDex and other drug candidates.We may  also encounter other unforeseen expenses, difficulties, complications, delays and other known and unknown challenges as we pursue our current strategic  direction.There are numerous risks and uncertainties, we are unable to accurately predict the timing or amount of increased expenses or when, or if, we  will be able to generate revenues or achieve profitability.If we do achieve profitability, we may not be able to sustain or increase profitability on a quarterly  or annual basis and we will continue to incur substantial research and development and other expenditures to develop and market additional drug  candidates.",N/A
"Three pending patent applications in the United States; b. Fourteen pending patent applications outside the United States; and c. Pending claims covering, inter alia, methods for reducing the volume of a tumor using LSTA1 in combination with at least one anti-cancer agent or therapy; methods of treating pancreatic cancer using LSTA1 in combination with gemcitabine and/or nab-paclitaxel and treating tumors with iRGD and a cytokine.Product Opportunity for Pancreatic ductal adenocarcinoma (PDAC)In the United States, there are approximately 64,000 new cases of pancreatic cancer diagnosed annually.Outside of the United States, there are an additional 434,000 annual pancreatic cancer diagnoses.PDAC accounts for more than 80% of all pancreatic cancer cases, so worldwide, nearly 397,000 annual incidences of PDAC are diagnosed.",N/A
"There are a number of payment service providers that offer global payment services, including global treasury banks that serve  large corporate accounts; small local banks that focus on serving local SMBs; FX companies that focus on serving SMB importers and  exporters; global digital payment platforms like PayPal, Ant Group or Wise; global card networks; Neobanks; SMB-focused  business- to-business (“B2B”) payment providers like Bill.com; mass payout service providers that specialize in providing services to  enterprises and marketplaces, SMB AP/AR SaaS providers; merchant service providers that sell services to marketplaces like Adyen,  Braintree and Stripe; and local payment service providers that focus on enabling SMBs in one or more local markets to sell on digital  marketplaces globally.In addition, in certain locations, such as China, we face competition from a number of local payment providers.We are also facing competitive pressure from non-traditional payment service providers and other parties entering the payments  industry, such as Google, Apple, Alibaba, Amazon and Facebook, who compete in one or more of the functions performed on our  payment platform.These companies have significant financial resources and robust networks and are highly regarded by consumers.If  these companies gain a greater share of total e-commerce payment transactions or if we are unable to successfully react to changes in  the industry spurred by the entry of these new market participants, it could have a material adverse effect on our business, financial  condition and results of operations.",N/A
"The process required by the FDA before a new drug or biologic may be marketed in the United States generally involves satisfactorily completing each of the following steps:• preclinical laboratory tests, animal studies and formulation studies all performed in accordance with the FDA's Good Laboratory Practice regulations;• submission to the FDA of an initial new drug, or IND, application for human clinical testing, which must become effective before human clinical trials may begin;• approval by an independent review board, or IRB, representing each clinical site before each clinical trial may be initiated;• performance of adequate and well-controlled clinical trials to establish the safety and efficacy of the product candidate for each proposed indication for use and conducted in accordance with Good Clinical Practice, or GCP, requirements;",N/A
"Risks Related to the Proposed Transaction •The proposed transaction may not be completed on the terms or timeline currently contemplated, or at all, and failure to complete the proposed  transaction may result in material adverse consequences to our business and operations.• Each of TechTarget and the Informa Tech business will be subject to business uncertainties and contractual restrictions while the proposed  transaction is pending that could adversely affect each of them.• Ownership interests will not be adjusted if there is a change in our value or the value of the Informa Tech business and their respective assets  before the proposed transaction is completed.The Transaction Agreement contains provisions that may discourage other companies from trying to acquire us.",N/A
"You should therefore not rely on these forward-looking statements as  representing our views as of any date subsequent to the date of this Annual Report on Form 10-K.As used in this Annual Report on Form 10-K, unless otherwise stated or the context requires otherwise, references to “scPharmaceuticals  Inc.,” the “Company,” “we,” “us,” and “our,” refer to scPharmaceuticals Inc. and its subsidiary on a consolidated basis.We are a pharmaceutical company focused on developing and commercializing products that have the potential to optimize the delivery of  infused therapies, advance patient care and reduce healthcare costs.Our strategy is designed to enable the subcutaneous administration of  therapies that have previously been limited to intravenous, or IV, delivery.By moving delivery away from the high-cost healthcare settings  typically required for IV administration, we believe our technology has the potential to reduce overall healthcare costs and advance the  quality and convenience of care.",N/A
"• the scope, progress, results and costs of researching and developing any of our future product candidates, and conducting preclinical research and clinical trials;• the timing of, and the costs involved in, obtaining regulatory approvals for any future product candidates we develop;• the cost of future commercialization activities for our product candidates and the cost of commercializing any future products approved for sale;• the cost of manufacturing our future products; and• the costs involved in preparing, filing, prosecuting, maintaining, defending and enforcing patents, including litigation costs and the outcome of any such litigation.",N/A
"Delays in introducing new products and  enhancements, the failure to choose correctly among technical alternatives or the failure to offer innovative products or enhancements at competitive prices  may cause customers to forego purchases of our products and purchase our competitors' products.We may not have adequate resources available to us or  may not adequately keep pace with appropriate requirements in order to effectively compete in the marketplace.Our software products may have errors, defects or bugs, which could result in delayed or lost revenue, expensive correction, liability to our customers,  and claims against us.Despite testing, complex software products such as ours may contain errors, defects, or bugs, which may only be discovered after they have been installed  and used by our customers.Defects in the products that we develop and sell to our customers could require expensive corrections and result in delayed or  lost revenue, adverse customer reaction and negative publicity about us or our products and services.",N/A
"Certain of our competitors are subsidiaries of larger and more diversified corporations that may have access to greater  amounts of capital and financial resources, or a lower cost of capital than we do.Some may have better financial strength ratings  than we have.As a result, they may be better positioned to compete in and outside of the traditional MI market, including when  the GSEs pursue alternative forms of credit enhancement or credit risk transfer other than private MI, such as their IMAGIN and  EPMI programs that were suspended in 2021, but could be relaunched in the same or alternative form in the future.Our financial strength ratings are important for our customers to maintain confidence in our products and our competitive  position.PMIERs require all approved insurers, except newly-approved insurers, to maintain at least one rating with a rating  agency acceptable to the GSEs.",N/A
"As a result, it  may be more difficult for you to assess our future viability than it could be if we had a longer operating history.We have incurred significant losses to date.Our ability to generate product revenue sufficient to achieve profitability will depend on the successful development  and eventual commercialization of one or more of our current and future product candidates.Our net losses were $123.5 million and $106.5 million for the years ended  December 31, 2023 and 2022, respectively.As of December 31, 2023, we had an accumulated deficit of $416.3 million.",N/A
"Our operations have consumed substantial amounts of cash since inception.Identifying and acquiring potential new product candidates, conducting preclinical testing and clinical trials and developing manufacturing operations for our product candidates is a time-consuming, expensive and uncertain process that takes years to complete, and we may never generate the necessary data or results required to obtain regulatory approval and achieve product sales.We expect to continue to incur significant expenses and operating losses over the next several years as we conduct clinical trials of our product candidates, initiate future clinical trials of our product candidates, advance our preclinical programs, build our manufacturing capabilities, seek marketing approval for any product candidates that successfully complete clinical trials and advance any of our other product candidates we may develop or otherwise acquire.In addition, our product candidates, if approved, may not achieve commercial success.Our revenue, if any, will be derived from sales of products that we do not expect to be commercially available for a number of years, if at all.",N/A
"At any time, United States federal tax laws or the administrative interpretations of those laws may be changed.As a result, changes in United States federal tax laws could negatively impact our operating results, financial condition and business operations, and adversely impact the Company's shareholders.At any time, tax laws in the Company's other jurisdictions, Canada, Germany, Puerto Rico and Serbia, may also change.These tax law changes may have a material impact on the Company's income tax expense.Workers' Compensation and Employee Medical Insurance",N/A
"Our long-term prospects depend in part upon discovering, developing and commercializing product candidates,  which may fail in development or suffer delays that adversely affect their commercial viability.Our approach to the discovery and development of product candidates is unproven, and we may not be successful  in our efforts to use and expand our platform and capabilities to build a pipeline of product candidates with  commercial value.We have never commercialized a product candidate before and may lack the necessary expertise, personnel and  resources to successfully commercialize any products on our own or together with suitable collaborators.We face significant competition, and if our competitors develop and market technologies or products more  rapidly than we do or that are more effective, safer or less expensive than the product candidates we develop, our  commercial opportunities will be negatively impacted.Table of Contents 5 • We substantially rely, and expect to continue to rely, on third parties, including independent clinical investigators  and contract research organizations (""CROs""), to conduct certain aspects of our preclinical studies and our  clinical trials.",N/A
"Business Overview Kaiser Aluminum Corporation, a Delaware corporation, manufactures and sells semi-fabricated specialty aluminum mill products for the following end  market applications: (i) Aero/HS Products; (ii) Packaging; (iii) GE Products; (iv) Automotive Extrusions; and (v) Other products.Our fabricated aluminum mill  products include flat-rolled (plate, sheet, and coil), extruded (rod, bar, hollows, and shapes), drawn (rod, bar, pipe, tube and wire) and certain cast aluminum  products.The sophistication of our products is due to the metallurgy and physical properties of the metal and the special characteristics that are required for  particular end uses.We strategically choose to serve technically challenging applications for which we can deploy our core metallurgical and process  technology capabilities to produce highly engineered mill products with differentiated characteristics that present opportunities for us to receive premium  pricing and to create long-term profitable growth.A fundamental part of our business model is to remain neutral to the impact from fluctuations in the market  price for aluminum and certain alloys, thereby earning profit predominantly from the conversion of aluminum into  4",N/A
"He also holds a bachelor's degree in Mechanical Engineering from the College of Engineering, Guindy  (Chennai), India.Brian Haglund, an employee of NTIC since 2018, is currently serving as Vice President of Operations – North America.Prior to joining NTIC, Mr. Haglund held various leadership roles within Textron, a Fortune 500 industrial  conglomerate.During his tenure with Textron, Mr. Haglund led various global operations and manufacturing facilities  across the US, in China, and in Germany focusing on aerospace and industrial manufacturing.Mr. Haglund received an  M.B.A. degree with a concentration in Finance from The Miller College of Business through Ball State University.",N/A
"Customers meet with a dedicated jewelry specialist in a fun, relaxing, and educational environment that fosters lasting connections and propels strong engagement and conversion across channels.Digitally Native, Tech-Driven and Customer-ObsessedWe are digitally native, and take a tech-driven, analytical approach to deliver our exceptional customer experience.The customer is at the forefront of our decision making, and we closely track their feedback and satisfaction across all our channels.We then use this data to create a personalized, premium experience however or wherever our customer chooses to shop.",N/A
"We could be adversely impacted by decreased customer demand for our products due to (i) the impact of current or future economic conditions on our customers, (ii) our customers' loss of market share to their competitors that do not use our products, and (iii) our loss of market share with our customers.We could lose market share with our customers to our competitors or to our customers themselves, should they decide to become more vertically integrated and produce the products that we currently provide.In addition, even if our customers continue to do business with us, we could be adversely affected by a number of other potential developments with our customers.●The inability or failure of our customers to meet their contractual obligations could have a material adverse effect on our business, financial position and results of operations and in the event of a dispute, these customers may have more significant resources than we do, which could result in protracted litigation and the incurrence of material costs.●Certain customer contracts provide the customer with the opportunity to cancel a substantial portion of its volume obligation by providing us with notice of such election prior to commencement of production.",N/A
"For example, in the past we have secured design wins for customer products that were never commercially released by our customer or  did not sell in volumes initially forecast by the customer, as a result of factors beyond our control.If products incorporating our SoC solutions are not  commercially successful or experience rapid decline, our revenue and business will suffer.Similarly, if an OEM designs one of our SoC solutions into its  product, we are not assured that we will receive or continue to receive new design wins from that OEM, which could negatively impact our business.If we fail to penetrate new markets, including the automotive OEM and ADAS market, our revenue and financial condition could be harmed.We believe that our future revenue growth, if any, significantly depends on our ability to expand within the Internet of Things, or IoT, camera  markets with our new artificial intelligence, or AI, computer vision SoC solutions, and the OEM automotive, robotics and industrial markets.",N/A
"In addition, many of the factors that may cause, or lead to, a delay in the clinical trials may also ultimately lead to denial of regulatory approval of a product candidate.The commencement of clinical trials can be delayed for a variety of reasons, including delays in: ● demonstrating sufficient safety and efficacy to obtain regulatory approval to commence a clinical trial; ● reaching agreement on acceptable terms with prospective CROs and study sites; ● developing a stable formulation of a product candidate; ● manufacturing sufficient quantities of a product candidate; and ● obtaining institutional review board (“IRB”) approval or ethic committee opinions to conduct a clinical trial at a prospective site.Once a clinical trial has begun, it may be delayed, suspended or terminated by us or the FDA or other comparable foreign regulatory authorities due to a number of factors, including: ● ongoing discussions with the FDA or other comparable foreign regulatory authorities regarding the scope or design of our clinical trials; ● failure to conduct clinical trials in accordance with regulatory requirements; ● lower than anticipated recruitment or retention rate of patients in clinical trials; ● inspection of the clinical trial operations or study sites by the FDA or other comparable foreign regulatory authorities resulting in the imposition of a clinical hold; ● lack of adequate funding to continue clinical trials; ● negative results of clinical trials; ● investigational drug product out-of-specification; or ● nonclinical or clinical safety observations, including adverse events and SAEs.If clinical trials are unsuccessful, and we are not able to obtain regulatory approvals for our product candidates under development, we will not be able to commercialize these products, and therefore may not be able to generate sufficient revenues to support our business.The disorders we seek to treat have low prevalence and it may be diﬃcult to identify patients with these disorders, which may lead to delays in enrollment for our trials or slower commercial revenue if approved, and we may also face enrollment challenges as a result of other factors.",N/A
"•  Goodwill impairment and related charges, as well as other accounting charges or adjustments could  negatively impact our operating results.We depend upon the sale of our Very Fast SRAMs for most of our revenues and the market for Very Fast  SRAMs is highly competitive.If we do not successfully implement certain cost reduction initiatives, we may suffer adverse impacts on  our business and operations.We are dependent on a number of single source suppliers.If we do not successfully develop and introduce the new in-place associative computing products, which  entails certain significant risks, our business will be harmed.",N/A
"• Failure to comply with data protection requirements or privacy laws could increase our costs.Risks Relating to the Economy, Company Financial Results, Investments, Credit Facilities and Need for Financing •The Company has experienced losses in the past and may not be able to again achieve and maintain profitable operations.Risks Relating to the Company's Common Stock • The Company's stock price could continue to be volatile.General Risk Factors • Cybersecurity incidents and other disruptions could compromise the company's information, expose it to liability and harm its reputation and business.",N/A
