Risky Sentences,T/F
"WaveSmart® optical components are integrated for signal coupling, splitting, termination, multiplexing, demultiplexing and attenuation for a seamless integration within our fiber management platform.The products are built and tested for harsh environments to meet the strictest industry standards ensuring customers trouble-free performance in extreme outside plant conditions.Active Cabinets using our FiberFlex product lines feature either fully integrated, fully engineered cabinets equipped with specific active electronics configurations or universal cabinets ready for mounting other electronic equipment.This product line features Clearfield's fiber management solutions housing the Clearview Cassette.The FieldSmart® FiberFlex product line of outdoor active cabinets feature multiple sizes for universal configurations of electronic equipment.",N/A
"In addition, marketing campaigns, which we have not historically utilized, can be expensive and may not result in the acquisition of customers in a cost-effective manner, if at all.Further, as our brand becomes more widely known, future marketing campaigns or brand content may not attract new customers at the same rate as past campaigns or brand content.If we are unable to attract new customers, our business, financial condition and results of operations will be harmed.Any setbacks we may experience during commercial satellite launches and other demonstration and commercial missions could have a material adverse effect on our business, financial condition and results of operation, and could harm our reputation.The success of our launch and satellite services business will depend on our ability to successfully and regularly deliver customer satellites into orbit.",N/A
"The  marketability of the underlying property also may be adversely affected in a rising interest rate environment.In addition, although adjustable-rate loans help  make our asset base more responsive to changes in interest rates, the extent of this interest sensitivity is limited by the annual and lifetime interest rate  adjustment limits.We may be required to repurchase loans we have sold or indemnify loan purchasers under the terms of the sale agreements, which could adversely  affect our liquidity, results of operations and financial condition.When we sell a mortgage loan, we may agree to repurchase or substitute a mortgage loan if we are later found to have breached any representation or warranty  we made about the loan or if the borrower is later found to have committed fraud in connection with the origination of the loan.While we have underwriting  policies and procedures designed to avoid breaches of representations and warranties as well as borrower fraud, there can be no assurance that no breach or  fraud will ever occur.",N/A
"We will also require a significant  amount of capital for the further development of our product candidates, and if any of such product candidates are approved, to commercialize any  approved products.As of December 31, 2023, we had cash, cash equivalents, and marketable securities of $548.9 million.In January 2024, we announced the closing of  an underwritten public offering and the net proceeds from the offering were approximately $71.1 million.Our cash, cash equivalents and marketable  securities as of December 31, 2023 plus the net proceeds from the offering total $620.0 million, which we anticipate provides runway through 2026.Our  estimate as to how long we expect our existing cash, cash equivalents, and marketable securities to be available to fund our operations is based on  assumptions that may prove to be inaccurate, and we could use our available capital resources sooner than we currently expect.",N/A
"Given these percentages, the success of  our business depends to a certain extent on our relationship with our largest customers and our failure to maintain our business with these customers could have  an adverse effect on our business and revenue.Furthermore, our contractual arrangements with our major customers generally are on a multi-year basis and  pertain to the management of only certain forms of materials.These contractual arrangements typically have a term of two to three years and they do not  typically provide us with firm, long-term volume commitments.As a result, our customers are able to cancel, reduce, or delay our services to them at any time  which could cause our revenue to decline.The terms of these contractual arrangements with our major customers or with a significant number of our other  customers are also subject to change and such changes could have an adverse effect on our company.",N/A
"One incorporates these Tenable products: • Tenable Vulnerability Management: our cloud-delivered software-as-a-service, or SaaS, vulnerability management offering that provides organizations with a risk-based view of traditional and modern attack surfaces.Tenable Vulnerability Management is designed with views, workflows and dashboards to deliver a complete and continuous view of all assets, both known and previously unknown, and any associated vulnerabilities, internal and regulatory compliance violations, misconfigurations and other cybersecurity issues, prioritize 6 these issues for remediation based on risk assessment and predictive analytics, and provide insightful remediation guidance.• Tenable Cloud Security: Built on innovative cloud-native application protection platform (CNAPP) technology, and leading cloud infrastructure entitlement management (CIEM) acquired with Ermetic in October 2023, Tenable Cloud Security enables security teams to continuously assess the security posture of their cloud environments by maintaining a current view of cloud assets and identities to minimize exposure and enforce a least privilege approach at scale.Tenable Cloud Security provides cloud security teams the tools they need to apply security and compliance policies, prioritize security gaps and remediate risks that matter most across multi-cloud environments.• Tenable Identity Exposure: our solution to secure Active Directory environments by enabling users to find and fix existing weaknesses before they are exploited and detect and respond to ongoing attacks in real time without the need to deploy agents or use privileged accounts.",N/A
"We also have generated minimal revenues from collaboration and licensing agreements and no revenues from product sales to date and continue to incur significant research and development and other expenses.As a result, we have not been profitable and have incurred significant operating losses in every reporting period since our inception.We have incurred an accumulated deficit of $252.6 million from our inception through December 31, 2023.For the foreseeable future, we expect to continue to incur losses, which will increase significantly from historical levels as we expand our drug development activities, seek partnering and/or regulatory approvals for our product candidates and begin to commercialize them if they are approved by the FDA, the EMA or comparable foreign authorities.Even if we succeed in developing and commercializing one or more product candidates, we may never become profitable.",N/A
"We have a limited operating history and may encounter unforeseen expenses, difficulties, complications, delays and  other known and unknown obstacles.We launched our first core commercial product, the Cytek Aurora system, in June  2017.Our limited commercial and operating history makes it difficult to evaluate our current business and predict our  future performance.Although we have experienced significant revenue growth in prior periods, any assessment of our  future revenue, profitability or prediction about our future success or viability is subject to significant uncertainty.We have  encountered in the past, and will encounter in the future, risks and uncertainties frequently experienced by growing  companies with limited operating histories in emerging and rapidly changing industries, including scaling up our  infrastructure and headcount.",N/A
"Our cash position is expected to be sufficient for at least the next 12 months, including the remaining costs of our ongoing Phase 2 clinical trial and other current development projects, from the date hereof as we continue to determine how to proceed with the current development programs.While we anticipate our current cash resources on hand will be sufficient to sustain operations and to fund our current, follow-on clinical trial, we do not have sufficient capital to complete such planned follow-on or all necessary clinical trials in order to have a product approvable for commercial sale.As a result, we will need to raise additional capital and/or obtain a strategic partner to facilitate our development program and bringing a product to market.Our operating plans and capital requirements are subject to change based on how we determine to proceed with respect to our current development programs for Bryostatin-1.We are currently reviewing our operating plans, and we will require additional capital in the future.",N/A
"We are attempting to expand and diversify our customer base and reduce the dependence on one or a few customers, through the addition of sales representatives and other potential sales channels, but we cannot provide any assurance that our efforts will be successful.We anticipate that a limited number of customers could continue to comprise a substantial portion of our revenue for the foreseeable future.If we continue to do business with our significant customers, our concentration can cause variability in our results because we cannot control the timing or amounts of their purchases.A significant customer could cease to do or drastically reduce its business with us with little or no notice, which could adversely affect our results of operations and cash flows in particular periods.Historically, we have experienced long sales-cycles, as well as slow ramp-up by new customers to purchase large amounts of LED products from us.",N/A
"Partnering with Acacia represents an opportunity for business leaders, entrepreneurs and founders to grow their business without the constraints of a private equity fund.Public Market Acquisitions Acacia is focused on acquiring businesses across the public market landscape.We believe we are uniquely positioned to catalyze change within companies where we have developed, alongside our industry advisors, a differentiated view of the value creation opportunity within a given business.We evaluate public companies as currently constructed today, free of historical strategic decisions made with regard to the target in question.Where appropriate, this empowers us to unlock value through, but not limited to, identifying opportunities for improved execution, identifying opportunities where the sum-of-the- parts may be greater than the whole, and acquiring non-core strategic assets.",N/A
"The Company's home infusion services include medication and supplies for administration and use  at home or within one of its ambulatory infusion suites, consultation and education regarding the patient's condition and the  prescribed medication nursing support, clinical monitoring and assistance in monitoring potential side effects, and assistance in  obtaining reimbursement.The Company administers a wide variety of therapies and services, including the following:  •  Anti-Infectives Infusion.The Company provides comprehensive home infusion services to combat serious infections  in patients of all ages.The Company's anti-infective therapy and services help avoid hospitalizations for many  infections that can be safely treated at home.The Company delivers comprehensive nutrition support across pediatric, adult, and geriatric  patients.",N/A
"For example, the COVID-19 pandemic adversely affected workforces,  economies and financial markets globally, leading to a reduction in the ability of, or the inability of, customers, partners,  suppliers, vendors or other parties to meet their contractual obligations, and for a period of time, a reduction in customer  spending on technology, and such conditions may reoccur in the future.The war in Ukraine and the related political and  economic responses imposed on Russia such as sanctions, may also exacerbate these issues and trends especially in Europe.More recently, in response to persistently high inflation, the U.S. Federal Reserve has increased interest rates, which may  reduce economic growth and cause companies to decrease spending on information technology.These types of unfavorable  conditions could disrupt the timing of and attendance at key industry events, which we rely upon in part to generate sales of our  products.If those events are disrupted, our marketing investments, sales pipeline and ability to generate new customers and  sales of our products could be negatively and adversely affected.",N/A
"Our operations depend upon the continued contributions of our key management, marketing, technical, financial, accounting, product development engineers, salespeople and operations personnel.We also believe that our continued success will depend upon our ability to attract, retain and develop highly skilled managerial and technical resources and direct labor resources within our highly competitive industries.Not being able to attract or retain these employees could have a material adverse effect on net sales and earnings.In addition, the cost of attracting and retaining direct and indirect labor may continue to increase, which will increase our operating costs and may reduce our profitability.Our engineering net sales depend on our ability to deliver quality value-added engineering services required by our customers.",N/A
"We have a finite amount of production capacity, and to the extent customer demand exceeds our capacity, we may lose customers and potential revenues.In periods during which demand for our foundry services exceeds our capacity and manufacturing capabilities, we may be unable to fulfill customer demand, in whole or in part, in a timely manner or at all; assure production of customers' next-generation products; or provide additional capacity through transfer of process technologies, or ensure successful implementation, which could result in the loss of one or more of our current or potential customers, which may adversely affect our revenues, profitability, and business.We currently have limited or no redundancy in certain of our manufacturing tooling and infrastructure equipment, and we may lose revenue and be unable to maintain our customer relationships if we lose our production capacity.If our foundries become incapable of manufacturing products for any reason, including as a result of manufacturing tooling or infrastructure equipment failure, we may be unable to meet production requirements, lose revenue, and not be able to maintain our relationships with our customers.Without full production capacity at our foundries, we would have no other means of manufacturing products until we were able to restore the manufacturing capability at these facilities or develop one or more alternative manufacturing facilities.",N/A
"LUM-201 stimulates the release of GH and is referred to as a GH secretagogue.5 Table of Contents Overview of PGHDThe PGHD population consists of patients diagnosed with organic PGHD (a more severe GH deficiency) and idiopathic PGHD (a less severe GH deficiency).LUM-201 has been observed to stimulate endogenous GH secretion in patients who have a functional but reduced hypothalamic pituitary GH axis, also known as moderate or idiopathic PGHD patients.We believe that patients with idiopathic PGHD (i.e., those who have a functional but reduced hypothalamic pituitary GH axis) represent approximately 60% of PGHD patients and are expected to respond to LUM-201.",N/A
"This may also result in unsatisfactory patient outcomes, patient injury, negative publicity or lawsuits against us, any of which could have a significant adverse effect on our business, financial condition and results of operations.Surgeons, dentists and hospitals may be hesitant to use and accept our products and solutions for the following reasons, among others: • lack of experience with newer less invasive surgical products and procedures; • lack or perceived lack of evidence supporting additional patient benefits; • perceived liability risks generally associated with the use of new products and procedures; 16 • existing relationships with competitors; • limited or lack of availability of coverage and reimbursement within healthcare payment systems; • higher pricing associated with new products and procedures; • increased competition in procedural offerings and solutions; • lack or perceived lack of differentiation among procedures; • costs associated with the purchase of new products and equipment; and • the time commitment that may be required for training.If we are not able to effectively demonstrate to surgeons, dentists and hospitals the value proposition of our products and procedural solutions, or if surgeons, dentists and hospitals adopt competing products, our sales could significantly decrease or fail to increase, which could adversely impact our results of operations and cash flow.In addition, we believe recommendations and support of our offerings by influential surgeons, dentists and other key opinion leaders are essential for market acceptance and adoption.If we are not successful in obtaining such support, surgeons, dentists and hospitals may not use our products and solutions, and we may not achieve expected results of operations.",N/A
"As a result, in addition to the revenues we generate from our business and our existing cash balances, we may need to engage in additional equity or debt  financings to provide the funds required for these and other business endeavors.If we raise additional funds through future issuances of equity or convertible debt securities, our  existing stockholders could suffer significant dilution, and any new equity securities we issue could have rights, preferences and privileges superior to those of holders of our  common stock.Any debt financing that we may secure in the future could involve restrictive covenants relating to our capital raising activities and other financial and  operational matters, which may make it more difficult for us to obtain additional capital and to pursue business opportunities, including potential acquisitions.We may not be  able to obtain such additional financing on terms favorable to us, if at all.If we are unable to obtain adequate financing or financing on terms satisfactory to us when we require  it, our ability to continue to support our business growth and to respond to business challenges could be significantly impaired, and our business may be adversely affected.",N/A
"Our operating plan may change as a result of many factors currently unknown to us, and we may need to seek additional funds  sooner than planned.Raising funds in the future may present additional challenges and future financing may not be available in  sufficient amounts or on terms acceptable to us, if at all.If we are unable to raise additional capital in sufficient amounts or on terms  acceptable to us, we may have to significantly delay, reduce or terminate our product development programs or plans for  commercialization.We may allocate our limited resources to pursue a particular product candidate or indication and fail to capitalize on other  product candidates or indications that may be more profitable or for which there is a greater likelihood of success.Because we have limited financial and management resources, we focus on a limited number of research programs and product  candidates.",N/A
"Defendants  in any litigation we may commence to enforce our patents may attempt to establish that our patents are invalid or are unenforceable.Thus, any patent litigation we commence could lead to a determination that one or more of our patents are invalid or unenforceable.If  a third party succeeds in invalidating one or more of our patents, that party and others could compete more effectively against us.Our  ability to derive licensing revenues from products or technologies covered by these patents would also be adversely affected.Whether our customers are defending the assertion of third-party intellectual property rights against their businesses arising as a  result of the use of our technology, or we are asserting our own intellectual property rights against others, such litigation can be complex,  costly, protracted and highly disruptive to our or our customers' business operations by diverting the attention and energies of  management and key technical personnel.",N/A
"We plan to introduce new tests going forward as well, including in MRD as a result of our acquisition of C2i.There  can be no assurance that we will be successful in our launch or commercialization of new tests, nor that physicians will request  our new tests be performed in sufficient volumes for our revenue to meet our projections.Additionally, we anticipate expanding  the reach of our tests to international markets; if our products are not widely adopted internationally, our business and results of  operations may be adversely affected.We depend on a few payers for a significant portion of our revenue; if one or more significant payers stops providing  reimbursement or decreases the amount of reimbursement for our tests, our revenue could decline.Federal Medicare funding and state budgets are limited and have been placed under tremendous strain in recent years,  which is likely to be further exacerbated as a result of macroeconomic uncertainty.",N/A
"We may not be able to sustain our revenue growth rate or achieve profitability in the future.Our historical growth rate should not be considered indicative of our future performance and may decline in  the future.Our revenue growth rate has fluctuated in prior periods and, in future periods, our revenue could grow  more slowly than in recent periods or decline for a number of reasons, including any reduction in demand for our  products, increase in competition, limited ability to, or our decision not to, increase pricing, contraction of our overall  market, a slower than anticipated adoption of or migration to our Cloud offerings, or our failure to capitalize on  growth opportunities.For example, beginning in the first quarter of fiscal year 2023, we have seen growth from  existing customers moderate, which we believe is due to customers being impacted by weakening economic  conditions.Additionally, beginning in February 2021, we ceased sales of new perpetual licenses for our products,  and beginning in February 2022, we ceased sales of upgrades to these on-premises versions of our products.",N/A
"Compliance with reviews and audits and applicable laws, regulations, standards or policies may impose significant burdens and a failure to comply could result in substantial financial penalties, severe restrictions on or closure of our operations, loss of federal and state financial aid funding for our students, or loss of authorization to operate our institutions.If the Department denies, or significantly conditions, recertification of either of our institutions to participate in Title IV Programs, that institution could not conduct its business as it is currently conducted.Under the provisions of the Higher Education Act, an institution must apply to the Department for continued certification to participate in Title IV Programs at least every six years or whenever it undergoes a change of control.Generally, the recertification process includes a review by the Department of an institution's educational programs and locations, administrative capability, financial responsibility, and other regulatory oversight categories.Both AIUS and CTU are currently in the recertification process with the Department.",N/A
"If the U.S. government terminates  any or all of these agreements, we would lose a significant portion of our revenue.Further, operational control of our contracts has been moved from the Defense Information Systems Agency to the U.S. Space  Force.In connection with this operational shift, changes in internal pricing and cost recovery have resulted in reduced  subscribers under the EMSS contract.Lower subscriber use may negatively affect our ability to negotiate a renewal of the  EMSS contract on favorable terms in 2026.If we fail to comply with the terms of our U.S. government contracts, including applicable federal acquisition regulations,  we may be subject to contract price adjustments, civil or criminal penalties, or debarment from future U.S. government  contracts.",N/A
"We may never receive regulatory approval for any of  our product candidates, which would prevent us from marketing, promoting, or selling any of our product candidates and generating revenue.The successful development of our product candidates will depend on or be affected by numerous factors, including the following:  • our successful and timely completion of preclinical studies and clinical trials for which the FDA and any comparable foreign regulatory  authorities agree with the design, endpoints, and implementation;  • the sufficiency of our financial and other resources to complete the necessary preclinical studies and clinical trials;  • the timely receipt of regulatory approvals or authorizations to conduct clinical trials;  • our ability to timely and successfully initiate, enroll patients in, and complete clinical trials;  • our ability to demonstrate to the satisfaction of the FDA or any comparable foreign regulatory authority that the applicable product candidate  meets the FDA's or such comparable foreign regulatory authority's legal standards with respect to safety, purity, and potency, or efficacy,  which may include, among other things, demonstrating that the benefits of the product candidate outweigh its known risks for the intended  patient population, and that such product candidate can be manufactured in accordance with applicable legal requirements;  • the timely receipt of marketing approvals for our product candidates from applicable regulatory authorities, including the impact of any  changes to the FDA's Accelerated Approval Program;  • our ability to address any potential interruptions or delays resulting from external factors, including those related to the current global geo- political, business, and economic environment;  • the extent of any clinical or regulatory setbacks experienced by other companies developing similar products or within adjacent fields,  including autologous and allogeneic cell-based therapies and the fields of gene editing and gene therapy, which could negatively impact the  perceptions of the value and risk of our product candidates and technologies;   • the extent of any post-marketing approval commitments we may be required to make to applicable regulatory authorities, including the  conduct of any post-marketing approval clinical studies, and our ability to comply with any such commitments; and  • our ability to establish, scale up, and scale out, either alone or with CDMOs, manufacturing capabilities for clinical supply of our product  candidates for our clinical trials and, if any of our product candidates are approved, commercial supply (including licensure) of such product  candidates.If we experience issues or delays with respect to any one or more of these factors, we could experience significant delays or be unable to  successfully develop and commercialize our product candidates, which would materially adversely affect our business, financial condition, and results of  operations.We may not realize the benefits of technologies that we have acquired or in-licensed or will acquire or in-license in the future.A key component of our strategy is to acquire and in-license technologies to support our mission of using engineered cells as medicines.",N/A
"Our ability to be profitable in the future depends upon continued demand for our products from existing and new customers.Further adoption of our products depends upon our ability to improve the quality of our products, enhance clinician and physician satisfaction, and increase efficiency and productivity.In addition, our profitability will be affected by, among other things, our ability to execute on our business strategy, the timing and size of customer contracts, the pricing and costs of our products, competitive offerings, macroeconomic conditions affecting the healthcare industry, our ability to improve automation and more efficiently deliver our services, and the extent to which we invest in sales and marketing, research and development and general and administrative resources.We may not have sufficient cash available to make interest or principal payments on our indebtedness when due, and we may be unable to find additional sources of capital to fund our operations.In May 2022, we entered into a $25.0 million senior term loan and accounts receivable line of credit facility under a Loan and Security Agreement with Silicon Valley Bank, which was subsequently amended on June 13, 2023 (the “Senior Secured Credit Facility Agreement”).",N/A
"We incur significant accounting and other control costs that impact our financial condition.As a publicly traded corporation, we incur certain costs to comply with regulatory requirements.If regulatory  requirements were to become more stringent or if controls thought to be effective later fail, we may be forced to make  additional expenditures, the amounts of which could be material.Some of our competitors are privately owned, so their  accounting and control costs could create a competitive advantage over us.Should our sales decline or if we are  unsuccessful at increasing prices to cover higher expenditures for internal controls and audits, our costs associated with  regulatory compliance will rise as a percentage of sales.",N/A
"This makes us vulnerable to a downturn in the local economy and real estate markets.Adverse conditions in the local economy such as unemployment, recession, a catastrophic event or other factors beyond our control could impact the ability of our borrowers to repay their loans, which could impact our net interest income, level of non-performing loans, and the allowance for credit losses on loans.Decreases in local real estate values caused by economic conditions or other events could adversely affect the value of the property used as collateral for our loans, which could cause us to realize a loss in the event of a foreclosure.For more information about our market area, see “—Market Area” and “—Competition.”Table of Contents 22 Interest rate increases in the secondary mortgage market may continue to reduce our mortgage banking revenues, which would negatively impact our non-interest income.",N/A
"If we fail to develop and introduce new or enhanced solutions that meet market requirements on a timely basis, our ability to attract and retain  customers could be impaired and our competitive position could be harmed.• Shortages in, or increased costs of, wafers and materials could adversely impact our gross margins and lead to reduced revenues.Our primary inventory warehouse is located in Hong Kong and may be affected by political, social and economic conditions in Hong Kong.Our target markets may not grow or develop as we currently expect and are subject to market risks, any of which could harm our business,  revenue and operating results.Our customers may cancel their orders, change production quantities or delay production.",N/A
"Moreover, we face competition from our own customers as they may choose to invest in developing their own internal solutions.Some of our existing competitors and potential new competitors have longer operating histories, greater name recognition, less debt, more established customer bases and significantly greater financial, technical, research and development, marketing and other resources than we do.As a result, our competitors may be able to respond more quickly and effectively than we can to new or changing opportunities, technologies, standards or customer requirements.In some cases, our competitors may be better positioned to initiate or withstand substantial price competition, and we may have to reduce our pricing to retain existing business or obtain new business.If we are not able to maintain favorable pricing for our solutions, our profit margin and profitability could suffer.",N/A
"In addition, ART26.12 may have broad applications as a cancer therapeutic, a treatment for pain and inflammation, and potential use in anxiety-related disorders, including post-traumatic stress disorder.We are also developing our own invention ART12.11 (the “CBD cocrystal”).ART12.11 is our patented solid-state composition of cannabidiol (“CBD”) and tetramethylpyrazine (“TMP”).TMP serves as the coformer in the CBD cocrystal.ART12.11 may be considered by the regulatory authorities as a fixed drug combination instead of a new chemical entity (“NCE”).",N/A
"●We are highly dependent on one supplier for our products, and a loss of that supplier may adversely impact our ability to sell products to our customers.●We derive a significant portion of our revenues from a small number of customers and a loss of one or both of those customers would have a material adverse impact on our business.●Our ability to grow our business may be constrained by our inability to find suitable new pharmacy locations at acceptable prices.●Our ability to grow our business may be constrained by our inability to obtain adequate permits and licensing for new locations, business lines, and market territories.●Product liability, product recall or personal injury issues could damage our reputation and have a significant adverse effect on our businesses, operating results, cash flows and/or financial condition.",N/A
"In the Asia  Pacific region, we also sell our products in partnership with other companies, including Astellas Pharma Inc., BeiGene, Takeda  Pharmaceutical Company Limited, Daiichi Sankyo Co., Ltd. and Kyowa Kirin.Our product sales to three large wholesalers, McKesson Corporation, Cencora, Inc. (formerly AmerisourceBergen) and  Cardinal Health, Inc., each individually accounted for more than 10% of total revenues for each of the years 2023, 2022 and  2021.On a combined basis, these wholesalers accounted for 79%, 82% and 82% of worldwide gross revenues for 2023, 2022  and 2021, respectively.We monitor the financial condition of our larger customers and limit our credit exposure by setting  credit limits and, in certain circumstances, by requiring letters of credit or obtaining credit insurance.2 Our products are marketed around the world, with the United States as our largest market.",N/A
"We face significant competition, and if we are unable to compete effectively, we may not be able to achieve or maintain significant market  penetration or improve our results of operations.• Global economic, political and market conditions, including downgrades of the U.S. credit rating, may adversely affect our business, results  of operations and financial condition, including our revenue growth and profitability.We currently maintain all of our cash, cash equivalents and short-term investments in one financial institution and, therefore, our cash, cash  equivalents and short-term investments could be adversely affected if the financial institution in which we hold our cash, cash equivalents  and short-term investments fails.Risks related to intellectual property: • If we are unable to obtain, maintain, protect and enforce patent and other intellectual property protection for our technology and products, or  if the scope of the patent and other intellectual property protection obtained is not sufficiently broad, we may not be able to compete  effectively in our markets.If we are unable to protect the confidentiality of our trade secrets and other proprietary information, our business and competitive position  may be harmed.",N/A
"We announced positive topline data in September 2022,  and we plan to submit an sNDA in the second half of 2024.Beyond ZORYVE, we are developing ARQ-255, a deep-penetrating topical formulation of ivarmacitinib, a  potent and highly selective topical Janus kinase type 1 (""JAK1"") inhibitor, designed to preferentially deliver the drug  deep into the hair follicle, the site of inflammation in alopecia areata, in order to potentially develop the first topical  treatment for this disease.In December 2022, we announced that the first subject had been enrolled in a Phase 1b  study evaluating ARQ-255 for the treatment of alopecia areata.The first subject in the alopecia areata cohort  enrolled in the second quarter of 2023.In September 2022, we acquired Ducentis BioTherapeutics LTD (""Ducentis"") and its lead asset, DS-234  (now ARQ-234), a fusion protein that is a potent and highly selective checkpoint agonist of the CD200 Receptor  (CD200R).",N/A
"Raising additional capital may cause dilution to our existing shareholders, restrict our operations or require us to relinquish  rights to our technologies or product candidates.We expect our expenses to increase in connection with our planned operations.Unless and until we can generate a substantial  amount of revenue from any approved product candidates, we expect to finance our future cash needs through public or private equity  offerings, debt financings, royalty-based financing, collaborations, licensing arrangements or other sources, or any combination of the  foregoing.In addition, we may seek additional capital due to favorable market conditions or strategic considerations, even if we  believe that we have sufficient funds for our current or future operating plans.The terms of any financing arrangements we enter into may adversely affect the holdings or the rights of our shareholders and  the issuance of additional securities, whether equity or debt, by us, or the possibility of such issuance, may cause the market price of  our common shares to decline.",N/A
"Any successful cybersecurity attack or other unauthorized access to AdaptHealth's, AdaptHealth's third-party vendors', or any of its or their acquisition targets' systems, facilities or patient health information also could result in negative publicity, which could damage AdaptHealth's reputation or brand with its patients, referral sources, payors or other third parties and could subject AdaptHealth to substantial penalties under HIPAA and other federal and state data protection laws, in addition to costs and potential damages associated with private litigation related to those affected.Failure to maintain the security and functionality of AdaptHealth's information systems and related software or to contract with third parties which do, or a failure to defend a cybersecurity attack or other attempt to gain unauthorized access to AdaptHealth's, AdaptHealth's third-party vendors', or any of its or their acquisition targets' systems, facilities or patient health information, could expose AdaptHealth to a number of adverse consequences, the vast majority of which are not insurable, including, but not limited to, disruptions in AdaptHealth's operations, regulatory and other civil and criminal penalties, fines, investigations and enforcement actions (including, but not limited to, those arising from the SEC, FTC, the Office of Inspector General or state attorneys general), private litigation with those affected by the data breach, loss of 14 Table of Contents customers, disputes with payors and increased operating expense, all or any of which could adversely impact AdaptHealth's financial condition and results of operations.AdaptHealth's financial performance is affected by continuing efforts by private third-party payors to control their costs, and if AdaptHealth agrees to lower its reimbursement rates due to pricing pressures from such private third-party payors, AdaptHealth's financial condition and results of operations would likely deteriorate.AdaptHealth derived approximately 60% and 61% of its net revenue for the years ended December 31, 2023 and 2022, respectively, from third-party private payors.Such payors continually seek to control the cost of providing healthcare services through direct contracts with healthcare providers, increased oversight and greater enrollment of patients in managed care programs and preferred provider organizations.",N/A
"We expect to continue to spend significant resources to fund research and development of, and seek regulatory approvals for, our vaccine  candidates.We expect to incur substantial and increasing operating losses over the next several years as our research, development, manufacturing,  preclinical testing and clinical trial activities increase.As a result, our accumulated deficit will also increase significantly.We may encounter unforeseen  expenses, difficulties, complications, delays and other unknown factors that may adversely affect our business.The size of our future net losses will  depend, in part, on the rate of future growth of our expenses and our ability to  57",N/A
"The length of this cycle is influenced by many factors, including the difficulty of the technical specification and complexity of the design and the customer's procurement processes.A significant period may elapse between our investment of time and resources in designing and developing a product for a customer and receipt of revenue from sales of that product.The length of this process, combined with unanticipated delays in the development cycles or delays in our ability to demonstrate our products to current and potential customers could materially affect our results of operations and financial conditions.We do not have long-term commitments for significant revenues with most of our customers and may be unable to retain existing customers, attract new customers or replace departing customers with new customers that can provide comparable revenues and profits.Because we generally do not obtain firm, long-term volume purchase commitments from our customers, most of our sales are derived from individual purchase orders.",N/A
"13  Radu Barsan has served as our vice president of technology since January 2013, leading our foundry engineering,  technology development and quality organizations.Prior to joining Power Integrations, Dr. Barsan served as chairman and  CEO at Redfern Integrated Optics, Inc., a supplier of single frequency narrow linewidth lasers, modules, and subsystems,  from 2001 to 2013.Previously, he served in a succession of engineering-management and technology development roles  at Phaethon Communications, Inc., a photonics technology company, Cirrus Logic, Inc., a high-precision analog and  digital signal processing company, Advanced Micro Devices, a semiconductor company, Cypress Semiconductor, Inc., a  semiconductor company and Microelectronica a semiconductor company.Dr. Barsan has more than 40 years of  commercial experience in semiconductor and photonic components development, engineering and operations.Sunil Gupta has served as our vice president of operations since August 2020.",N/A
"We have observed an increasingly competitive labor market.Increased employee turnover, changes in the availability of our workers, or labor shortages in our supply chain could result in increased costs and impact our ability to fully staff our operations, which could negatively affect our financial condition, results of operations, or cash flows.Our Company faces significant competition, and we expect competition levels to increaseWe face an increasingly high degree of competition among a large number of participants operating from physical locations and/or through online or mobile platforms, including destination casinos, riverboat casinos; dockside casinos; land-based casinos; video lottery; iGaming; sports betting; gaming at taverns in certain states, such as Illinois; gaming at truck stops, gas stations, and other establishments in certain states, such as Louisiana, Pennsylvania, Virginia, and Kentucky; historical horse racing in Kentucky; sweepstakes and poker machines not located in casinos; fantasy sports; Native American gaming; and other forms of gaming in the U.S. Furthermore, competition from internet lotteries, sweepstakes, illegal slot machines and skill 17 Form 10-K games, fantasy sports and internet, or mobile-based gaming platforms, which allow their customers to wager on a wide variety of sporting events and/or play Las Vegas-style casino games from home or in non-casino settings could divert customers from our properties and thus adversely affect our financial condition, results of operations, and cash flows.Currently, there are proposals that would legalize internet poker, sports betting, and other varieties of iGaming in a number of states.",N/A
"Today, Wendy's is the second largest quick-service restaurant company in the hamburger sandwich segment in the United States (the “U.S.”) based on traffic and dollar share, and the third largest globally with 7,240 restaurants in the U.S. and 32 foreign countries and U.S. territories as of December 31, 2023.At December 31, 2023, there were 6,030 Wendy's restaurants in operation in the U.S. Of these restaurants, 403 were operated by the Company and 5,627 were operated by a total of 212 franchisees.In addition, at December 31, 2023, there were 1,210 Wendy's restaurants in operation in 32 foreign countries and U.S. territories.Of the international restaurants, 1,198 were operated by a total of 106 franchisees and 12 were operated by the Company in the United Kingdom (the “U.K.”).The Company's principal executive offices are located at One Dave Thomas Blvd., Dublin, Ohio 43017, and its telephone number is (614) 764-3100.",N/A
"From qualitative, impression-driven marketing to analytic, data-driven marketing Growth in Internet marketing enables a more data-driven approach to advertising.The measurability of online marketing allows marketers to collect  a significant amount of detailed data on the performance of their marketing campaigns, including the effectiveness of ad format and placement and user  responses.This data can then be analyzed and used to improve marketing campaign performance and cost-effectiveness on substantially shorter cycle times  than with traditional offline media.From account management-based client relationships to results-based client relationships Marketers are becoming increasingly focused on strategies that deliver specific, measurable results.For example, marketers are attempting to better  understand how their marketing spending produces measurable objectives such as meeting their target marketing cost per new customer.",N/A
"We currently rely on Bosch for our MEMS fabrication, and primarily on TSMC for our analog circuits fabrication, and any disruption in the supply of wafers or any increases in the wafer or materials prices could adversely affect our gross margins and our ability to meet customer demands in a timely manner, or at all, and lead to reduced revenue.In 2021 and the first half of 2022 there were a number of industry-wide supply constraints affecting the supply of analog circuits manufactured by certain foundries, including TSMC, and affecting outsourced semiconductor assembly and test providers (“OSATs”), which limited our ability to fully satisfy an increase in demand for some of our products.Moreover, wafers constitute a large portion of our product cost.If we are unable to negotiate volume discounts or otherwise purchase wafers at favorable prices and in sufficient quantities in a timely manner, our ability to ship our solutions to our customers on time and in the quantity required could be adversely affected, which in turn could cause an unanticipated decline in our sales, harm to our customer relationships, and our gross margins to be adversely affected.To ensure continued wafer supply, we may be required to establish alternative wafer supply sources, which could require significant expenditures and limit our negotiating leverage.",N/A
"providing commercial real estate professionals with the most comprehensive commercial real estate-related tenant information available in our North American markets.CoStar Tenant profiles tenants occupying space in commercial buildings and provides updates on lease expirations - one of the service's key features - as well as occupancy levels, growth rates and numerous other facts.This allows users to target prospective clients quickly through a searchable database that identifies only those tenants meeting certain criteria.• Market Analytics provides owners, investors, brokers, property managers, lenders, appraisers and other commercial real estate professionals the ability to view and report on aggregated market and submarket trends, including leasing, vacancy, rental rates, construction, investment sales activity and overall economic conditions that affect commercial real estate markets.Market Analytics covers all major real estate sectors including office, industrial, retail, multifamily, hospitality and student housing, and provides quantitatively driven and economist curated forecasts of supply, demand, vacancy and rent at the submarket level, and job growth and asset pricing at the market level.",N/A
"We have also developed a product pipeline focused on treating diseases of the CNS.Our production facilities are located in Portage, Indiana, and our corporate headquarters and primary research laboratory facilities are based in Warren, New Jersey.We manufacture licensed products at our facilities and anticipate that our current manufacturing capacity is sufficient for commercial quantities of our licensed products and product candidates currently in development.Our facilities have been inspected by the FDA, TGA, and DEA and are subject to inspection by all applicable health agencies, including ANVISA and EMA.Not all collaborative or licensed products of Aquestive that may be commercially launched in the future will necessarily be manufactured by us, such as the case with KYNMOBI.",N/A
"Our Agility industry platform provides marketing communications and public relations professionals with the ability to target and distribute content to journalists and social media influencers world-wide and to monitor and analyze global news (print, web, radio and TV) and social media.Agility is now ranked by software review site G2 Crowd as meeting the requirements of customers better than its two largest competitors that have combined revenues of over $1 billion.8 Agility operates in the $9.2 billion media intelligence and PR software market.9The Company's operations are presently classified and reported in three reporting segments: Digital Data Solutions (DDS), Synodex and Agility.Competitive Strengths Our Data QualityWe believe we achieve industry-leading data quality by leveraging our technology, our large staff of human experts, and the culture we have built over many years of providing high-quality data to the most demanding customers.",N/A
"The markets for the content distribution business are competitive, evolving and subject to rapid technological and other changes.We expect the intensity of  competition in each of these areas to increase in the future.Companies willing to expend the necessary capital to create facilities and/or capabilities similar to  ours may compete with our business.Increased competition may result in reduced revenues and/or margins and loss of market share, any of which could  seriously harm our business.In order to compete effectively in each of these fields, we must differentiate ourselves from our competitors.",N/A
"We must retain our sales force in order for  HEPLISAV-B to maintain or expand its commercial presence.Moreover, we expect that we will need to divert resources in order to successfully market, sell and distribute  HEPLISAV-B for use with dialysis patients, one of our targeted patient populations.We do not yet have approval to market  the regimen for dialysis.Although the Centers for Disease Control and Prevention (“CDC”) and the CDC's Advisory  Committee on Immunization Practices (“ACIP”) recommend that all adults aged 19-59, including patients on dialysis,  receive hepatitis B vaccinations, our predictions of how many of those patients actually receive HEPLISAV-B may be  inaccurate.In addition to the risks with employing and maintaining our own commercial capabilities and with contracting, other  factors that may inhibit our efforts to successfully commercialize HEPLISAV-B include:  •  whether we are able to continue recruiting and retaining adequate numbers of effective sales and marketing  personnel;  •  whether we are able to access key health care providers to discuss HEPLISAV-B;  •  whether we can continue to compete successfully as a relatively new entrant in established distribution channels  for vaccine products; and  •  whether we will maintain sufficient financial resources to cover the costs and expenses associated with sustaining  a capable sales and marketing organization and related commercial infrastructure.",N/A
"We have experienced periods of losses and financial insecurity.We have incurred significant additional indebtedness during recent periods, which may impair our ability to raise further capital or impact our ability to service our debt.Our credit agreement contains covenants that restrict our business and financing activities.All of our assets secure our obligations under the credit agreement and may be subject to foreclosure.Our failure to comply with the terms of our Credit Agreement could result in an event of default that could materially adversely affect our business, financial condition and results of operations.",N/A
"We have invested significant resources into research and development of our DFI system and Exensio software and if  we fail to successfully carry out these initiatives on the expected timeline or at all, our business, financial condition, or  results of operations could be adversely impacted.As part of the evolution of our business, we have made substantial investments in research and development efforts  to develop our DFI system and Exensio software.New competitors, technological advances in the semiconductor industry  or other competitive factors may require us to further invest significantly greater resources than we anticipate.If we invest  significantly greater resources than anticipated without a corresponding increase in revenue, our operating results could  decline.The technologies and products that we invest in may not result in products that create additional revenue, and we  Table of Contents  19  may not recoup our investments, which could cause our results to suffer.",N/A
"The success of our cardiac diagnosis and monitoring business is dependent upon physicians prescribing and utilizing our solution.The utilization of our solution by physicians for use in the prescription of cardiac monitoring is directly influenced by a number of factors, including: • the ability of the physicians with whom we work to obtain sufficient reimbursement and be paid in a timely manner for the professional services they provide in connection with the use of our monitoring solutions; • establishing ourselves as a cardiac monitoring technology company by publishing peer reviewed publications showing efficacy of our solutions, • our ability to educate physicians regarding the benefits of our cardiac monitoring solutions over alternative diagnostic monitoring solutions, • our demonstrating that our proposed products are reliable and supported by us in the field; • supplying and servicing sufficient quantities of products directly or through marketing alliances; and • pricing our devices and technology service fees in a medical device industry that is becoming increasingly price sensitive.If we are unable to drive physician utilization, our revenues may never materialize or may not meet our projections.We are subject to extensive governmental regulations relating to the manufacturing, labeling, and marketing of our products.Our medical technology products and operations are subject to regulation by the FDA, and other foreign and local governmental authorities.",N/A
"As a result, we could deplete our capital resources sooner than we currently expect.Identifying potential product candidates and conducting preclinical testing and clinical trials is a time-consuming, expensive and uncertain process  that takes years to complete, and we may never generate the necessary data or results required to obtain regulatory approval and achieve product sales.In  addition, our product candidates, if approved, may not achieve commercial success.Commercial revenues, if any, will not be derived unless and until we  can achieve sales of products, which we do not anticipate for several years, if at all.Accordingly, we will need to continue to rely on additional financing to  achieve our business objectives.",N/A
"Cook Biotech is the contract manufacturer for our Axoguard Nerve Cap product, and we are responsible for the regulatory compliance, distribution, and sale of this product.We are the specification developer and authorization holder of the Axoguard HA+ Nerve Protector (HA+) product, which is classified by the FDA as a Class II device.HA+ was cleared for market under 510(k) K223640 on April 7, 2023, and a second 510(k) K231708 regulatory clearance was obtained on October 12th expanding the indication for use of HA+.The products are classified by FDA under 21 CFR 882.5275 (Nerve Cuff, product code: JXI).Cook Biotech is the contract manufacturer, and we are responsible for the regulatory compliance, distribution, and sale of this product.",N/A
"If our future products incorporate technologies that infringe the proprietary rights of third parties, and we do not  secure licenses from them, we could be liable for substantial damages.We are not aware that our current products infringe the intellectual property rights of any third parties.We also are  not aware of any third-party intellectual property rights that may hamper our ability to provide future products and services.However, we recognize that the development of our services or products may require that we acquire intellectual property  licenses from third parties to avoid infringement of those parties' intellectual property rights.These licenses may not be  available at all or may only be available on terms that are not commercially reasonable.",N/A
"As of October 31, 2023, the average age of our concrete pumping equipment was approximately nine years.If the average age of our equipment increases, whether as a result of our inability to access sufficient capital to maintain or replace equipment in a timely manner or otherwise, our investment in the maintenance, parts and repair for individual pieces of equipment may exceed the book value or replacement value of that equipment.We cannot provide assurance that costs of maintenance will not materially increase in the future.Any material increase in such costs could have a material adverse effect on our business, financial condition and results of operations.Additionally, as our equipment ages, it may become less attractive to potential customers, thus decreasing our ability to effectively compete for new business.",N/A
"Providers of vehicle replacement and accessory products that have traditionally sold  only certain categories of such products may decide to expand their product offerings into other categories of vehicle products,  which may further increase competition.Some of our current and potential competitors may have more operational expertise;  greater financial, technical, manufacturing, distribution, and other resources; longer operating histories; lower cost structures;  and better relationships in the insurance and vehicle repair industries or with consumers, than we do.Business transacted on  online marketplaces continues to increase, which presents additional competitive pressures on us; in addition, the owners of  these online marketplaces control access to their platforms and may prohibit us from participating.In North America and Europe, local companies have formed cooperative efforts to compete in our industry.As a result of these  factors, our competitors may be able to provide products that we are unable to supply, provide their products at lower costs, or  supply products to customers that we are unable to serve.",N/A
"We are subject to the requirements of the National Industrial Security Program Operating Manual for our facility  security clearance, which is a prerequisite to our ability to perform on classified contracts for the U.S. Government.We will be subject to DoD CMMC requirements issued by the Pentagon which may limit our ability to bid and win  projects.The cost for the DoD CMMC requirements may be significant.• Cybersecurity events or disruptions of our information technology systems could negatively impact our operations.• Significant adverse changes in inflation and prices in the future could result in material losses.",N/A
"The Company's products and services are offered in highly competitive global markets characterized by aggressive price competition and resulting downward pressure on gross margins, frequent introduction of new products and services, short product life cycles, evolving industry standards, continual improvement in product price and performance characteristics, rapid adoption of technological advancements by competitors, and price sensitivity on the part of consumers and businesses.The Company's ability to compete successfully depends heavily on ensuring the continuing and timely introduction of innovative new products, services and technologies to the marketplace.The Company designs and develops nearly the entire solution for its products, including the hardware, operating system, numerous software applications and related services.As a result, the Company must make significant investments in R&D.There can be no assurance these investments will achieve expected returns, and the Company may not be able to develop and market new products and services successfully.",N/A
"Furthermore, there can be no assurance that new products or technologies developed by others, or the emergence of new industry  standards, will not render our products or technologies or licensees' products incorporating our technologies noncompetitive or  obsolete.Any new technologies that make our performance coatings, medical device platforms or In Vitro Diagnostics technologies  less competitive or obsolete would have a material adverse effect on our business, financial condition and results of operations.Competition in the diagnostics market is highly fragmented, and in the product lines in which we compete, we face an array of  competitors ranging from large manufacturers with multiple business lines to small manufacturers that offer a limited selection of  products.Some of our competitors have substantially more capital resources, marketing experience, sales and R&D resources, and  production facilities than we do.We may not be successful in implementing our vascular intervention product development and commercialization strategy.",N/A
"Our Manager plays a central role in developing and executing operational, finance and business development strategies.On a periodic basis, our Manager discusses the status of our acquired assets with our board of directors.In some situations, we may acquire assets through a joint venture entity or own a minority position in an investment entity.In such circumstances, we will seek to protect our interests through appropriate levels of board representation, minority protections and other structural enhancements.We and our Manager maintain relationships with operators worldwide and, through these relationships, hold direct conversations as to leasing needs and opportunities.",N/A
"We may be unable to obtain the benefits, avoid the difficulties and risks of the joint venture, or it may take us longer than expected to fully realize the anticipated benefits and synergies of the GreenBox joint venture, and those benefits and synergies may ultimately be smaller than anticipated or may not be realized at all, which could adversely affect our business and operating results.The GreenBox joint venture may also require us to issue additional equity securities, spend our cash, or incur debt (and increased interest expense), liabilities, and amortization expenses related to intangible assets or write-offs of goodwill, which could adversely affect our results of operations and dilute the economic and voting rights of our stockholders and the interests of holders of our indebtedness.In addition, we cannot assure you that the GreenBox joint venture will lead to the successful development of new or enhanced products and services or that any new or enhanced products and services, if developed, will achieve market acceptance or prove to be profitable.Further, we may also choose to divest certain businesses or product lines that no longer fit with our strategic objectives.If we decide to sell assets or a business, we may have difficulty obtaining terms acceptable to us in a timely manner, or at all.",N/A
"If we cannot fill customers' orders on time, orders may be cancelled and relationships with customers may suffer, which could have an adverse effect on us, especially if the relationship is with a major customer.Furthermore, if any of our customers experience a significant downturn in their business, or fail to remain committed to our programs or brands, the customer may reduce or discontinue purchases from us, which has happened.The reduction in the amount of our products purchased by customers could have a material adverse effect on our business, results of operations or financial condition.In addition, some of our customers have, from time to time experienced significant changes and difficulties, including consolidation of ownership, increased centralization of buying decisions, buyer turnover, restructurings, bankruptcies and liquidations.A significant adverse change in a customer relationship or in a customer's financial position could cause us to limit or discontinue business with that customer, require us to assume more credit risk relating to that customer's receivables or limit our ability to collect amounts related to previous purchases by that customer, all of which could have a material adverse effect on our business, results of operations or financial condition.",N/A
"The effects of emerging claim and coverage issues on our insurance subsidiaries' business are uncertain.Our insurance subsidiaries' international operations expose them to investment, political and economic risks, including  foreign currency and credit risk.Our insurance subsidiaries' continued growth depends partly on the continued growth of their business's customer base.Our results of operations have in the past varied quarterly and may not be indicative of our long-term prospects.• Adverse economic factors, including recession, inflation, periods of high unemployment or lower economic activity,  could result in the sale of fewer policies than expected or an increase in the frequency of claims and premium defaults,  and even the falsification of claims, or a combination of these effects, which, in turn, could affect our insurance  subsidiaries' growth and profitability.",N/A
"Fuel costs may fluctuate due to a number of factors outside of our control, including government policy and regulation and weather conditions.Additionally, we may be unable to maintain favorable arrangements with respect to the manufacturing costs of our products as a result of the rise in costs of procuring raw materials and transportation by our manufacturers.This may result in increased expenses and negatively affect operations.If we fail to establish and maintain an effective system of internal control, we may not be able to report our financial results accurately or to prevent fraud.Any inability to report and file our financial results accurately and timely could harm our reputation and adversely impact the trading price of our common stock.",N/A
"Accordingly, the forecasts and estimates of market size and growth described in this Report should not be taken as indicative of our future growth.We continue to implement strategic initiatives designed to grow our business.These initiatives may prove more costly than we currently anticipate and we may not succeed in increasing our revenue in an amount sufficient to offset the costs of these initiatives and to achieve and maintain profitability.We continue to make investments and implement initiatives designed to grow our business, including: • sales and marketing efforts to attract new customers in our target end markets; • investing in R&D; • investing in new applications and markets for our products by expanding relationships with existing customers and creating opportunities for new customers; • further enhancing our partnerships with third-parties to develop manufacturing processes; and • investing in legal, accounting, and other administrative functions necessary to support our operations as a public company.These initiatives may prove more expensive than we currently anticipate, and we may not succeed in increasing our revenue, if at all, in an amount sufficient to offset these higher expenses and to achieve and maintain profitability.",N/A
"We may need to expand our organization and may experience difficulties in managing this growth, which could disrupt  our operations.Our employees, principal investigators, consultants, and commercial partners may engage in misconduct or other improper  activities, including non-compliance with regulatory standards and requirements and insider trading which could harm our  business.• Given our commercial relationships outside of the U.S., in particular the EU, a variety of risks associated with  international operations could harm our business.We may fail to realize the anticipated benefits of potential acquisitions or business combinations.• Future formations of strategic alliances or joint ventures with third parties could disrupt our business and harm our financial condition and operating results.",N/A
"Consolidation in the healthcare industry could adversely affect the Company's future revenues and operating income.The medical technology industry has experienced a significant amount of consolidation, resulting in companies with greater market presence.Health care systems and other health care companies are also consolidating, resulting in greater purchasing power for the combined companies.The disruption in the healthcare industry caused by consolidation may lead to further competition among medical device suppliers to provide goods and services, which could adversely affect the Company's future revenues and operating income.Pandemics, natural disasters, global climate change, acts of terrorism and global conflicts may have a negative impact on our business and operations.",N/A
"While we have generated limited revenue to date, we have not yet achieved production level satellite manufacturing, launch and data activities, and it is difficult for us to predict our future operating results.As a result, our losses may be larger than anticipated, and we may not achieve profitability when expected, or at all, and even if we do, we may not be able to maintain or increase profitability.We expect our operating expenses to increase over the next several years as we commence production level satellite manufacturing and satellite launch activities, continue to refine and streamline our design and manufacturing processes, make technical improvements, increase our launch cadence, hire additional employees and initiate research and development efforts relating to new products and technologies, including our space services business.These efforts may be more costly than we expect and may not result in increased revenue or growth in our business.Any failure to increase our revenue sufficiently to keep pace with our investments and other expenses could prevent us from achieving or maintaining profitability or positive cash flow.",N/A
"If we do enter into co-promote or out licensing arrangements with third parties, our  product revenues will be lower than if we directly sold and marketed our products and any revenues received under such  arrangements will depend on the skills and efforts of others.We may not be successful in entering into distribution arrangements and marketing alliances with third parties.Our failure  to enter into these arrangements on favorable terms could delay or impair our ability to commercialize our products and product  candidates, if approved, and could increase our costs of commercialization.Dependence on distribution arrangements and  marketing alliances to commercialize our products and product candidates will subject us to a number of risks, including: • we may not be able to control the amount and timing of resources that our distributors may devote to the  commercialization of our products or product candidates, if approved; • our distributors may experience financial difficulties; • our distributors may experience compliance related issues and associated government investigations; • our distributors may require transfer of the marketing authorization for our products and product candidates, if  approved, and may refuse to relinquish them at the end of the distribution relationship; • our distributors may be out of compliance with applicable anti-bribery and corruption laws with an adverse  effect on operations and expose us to liability; • business combinations or significant changes in a distributor's business strategy may also adversely affect a  distributor's willingness or ability to complete its obligations under any arrangement; and • these arrangements are often terminated or allowed to expire, which could interrupt the marketing and sales of a  product and decrease our revenue.If we are unable to establish and maintain adequate sales, marketing and distribution capabilities, whether independently or  with third parties, we may not be able to generate product revenue at our current guidance, meet our debt obligations, and may  not ever become profitable.",N/A
"Historically, market prices for commodity seeds and grains have fluctuated in response to a number of factors, including changes in U.S. government farm support programs, changes in international agricultural and trading policies and weather conditions during the growing and harvesting seasons.To mitigate our exposure to changes in market prices, we enter into purchase contracts for grains, bird feed and grass seed to cover a limited portion of our purchase requirements for a selling season.Since these contracts cover only a portion of our purchase requirements, as market prices for such products increase, our cost of production increases as well.In contrast, if market prices for such products decrease, we may end up purchasing grains and seeds pursuant to the purchase contracts at prices above market.Fiscal 2022 and 2023 brought historic levels of inflation and reduced supply of certain grains due to the war in Ukraine, which drove up costs for bird feed and grass seed.",N/A
"● subject to receipt of regulatory approval, the costs of commercialization activities for our product candidates, to the extent such costs are not the responsibility of any future collaborators, including the costs and timing of establishing product sales, marketing, distribution and manufacturing capabilities;● subject to receipt of regulatory approval, the amount of revenue, if any, received from commercial sales of our product candidates or any other additional product candidates we may develop and pursue in the future;● the extent to which we in-license or acquire rights to other products, product candidates or technologies;● our ability to establish collaboration arrangements for the development of our product candidates on favorable terms, if at all;● dependent on financing, our headcount growth and associated costs as we expand our research and development and establishes a commercial infrastructure;",N/A
"At June 30, 2023 the  Company does not believe any impairment indicators exist due to current and expected sublease tenants and plans for future operations  but impairment assessment involves the use of considerable judgement and any change in future market or economic conditions could  cause actual results to differ.The Company's success depends on its ability to recruit and retain key employees and highly skilled workers in a competitive  labor market.If the Company is not successful in recruiting and retaining key employees and highly skilled workers or experiences the unexpected  loss of those employees, the operations may be negatively impacted.Additionally, we are and will continue to be dependent upon our senior management team and other key personnel.Losing the services  of one or more key members of our management team or other key personnel could adversely affect our operations.",N/A
"For example, we implemented significant sales price  increases during fiscal years 2022 and 2023 in response to significant increases in our cost of goods sold caused by the  current inflationary environment.Sales price increases may slow sales volume growth or create declines in volume in the  short term as customers and end users adjust to sales price increases or purchase alternative products at lower prices.We  may lose a portion of our consumer base with steep price actions.In addition, the continued prominence and growth of the  online retail sales channel has presented both us and our customers that sell our products online with the challenge of  balancing online and physical store retailing methods.Alternative retail channels could potentially become more prevalent  than the traditional retailers upon whom we rely for the majority of our business and operating profit.",N/A
"Lack of necessary funds may require us, among other things, to delay, scale back or eliminate some or all of our planned clinical trials.These factors among others create a substantial doubt about our ability to continue as a going concern.We have never been profitable, we have no products approved for commercial sale, and to date we have not generated any revenue from product sales.As a result, our ability to reduce our losses and reach profitability is unproven, and we may never achieve or sustain profitability.We have never been profitable and do not expect to be profitable in the foreseeable future.",N/A
"This technology pertains to among other things, the use of vaccines for the treatment or prevention of ovarian cancers which express the anti-Mullerian hormone receptor 2 protein containing an extracellular domain (“AMHR2-ED”).In healthy tissue, this protein regulates growth and development of egg-containing follicles in the ovary.While expression of AMHR2-ED naturally and markedly declines during menopause, this protein is expressed at high levels in the ovaries of postmenopausal women with ovarian cancer.Researchers at Cleveland Clinic believe that a vaccine targeting AMHR2-ED could prevent the occurrence of ovarian cancer.In May 2021, Cleveland Clinic was granted acceptance for our ovarian cancer vaccine technology into the National Cancer Institute's (“NCI”) PREVENT program.",N/A
"We compete with a diverse group of direct-to- consumer companies and retailers, including men's and women's specialty apparel chains, outdoor specialty stores, apparel catalog businesses and online apparel businesses that sell competing lines of merchandise.Our competitors may be able to adopt more aggressive pricing policies, adapt to changes in customers' needs and preferences more quickly, devote greater resources to the design, sourcing, distribution, marketing and sale of their products or generate greater national brand recognition than us.In addition, as our business continues to expand, our competitors may seek to increase efforts to imitate our product designs, which could adversely affect our business and results of operations.An inability to overcome these potential competitive disadvantages or effectively market our products relative to our competitors could have an adverse effect on our business and results of operations.We may engage in strategic transactions that could negatively impact our liquidity, increase our expenses and present significant distractions to management.",N/A
"Consequently, any potential counterparty in a strategic  transaction involving our company may choose not to spend additional resources and continue development of our product candidates and may attribute  little or no value, in such a transaction, to those product candidates.If we are successful in completing a strategic transaction, we may be exposed to other operational and financial risks.Although there can be no assurance that a strategic transaction will result from the process we have undertaken to identify and evaluate  strategic alternatives, the negotiation and consummation of any such transaction will require significant time on the part of our management, and the  diversion of management's attention may disrupt our business.The negotiation and consummation of any such transaction may also require more time or greater cash resources than we anticipate and  expose us to other operational and financial risks, including: • increased near-term and long-term expenditures;  • exposure to unknown liabilities; 31• higher than expected acquisition or integration costs; • incurrence of substantial debt or dilutive issuances of equity securities to fund future operations; • write-downs of assets or goodwill or incurrence of non-recurring, impairment or other charges; • increased amortization expenses; • difficulty and cost in combining the operations and personnel of any acquired business with our operations and personnel; • impairment of relationships with key suppliers or customers of any acquired business due to changes in management and ownership; • inability to retain key employees of our company or any acquired business; and • possibility of future litigation.",N/A
"As of December 31, 2023, we had outstanding borrowings of $79.2 million of which the amount to be paid in the next 12 months is $35.4 million, and other current liabilities of $368.0 million, including accounts payable, notes payable, accrued expenses and other current liabilities.We also had purchase commitments for non-cancelable contractual obligations primarily related to purchases of inventory of $52.6 million as of December 31, 2023.We expect that an additional $150.0 million to $170.0 million of funding will be needed to complete the Clarksville Phase 1A expansion, including payment for certain accounts payable owed to suppliers in relation to assets and services provided for this expansion.As of December 31, 2023, we had made capital commitments mainly in relation to the Clarksville Phase 1A expansion for construction and purchase of property, plant and equipment amounting to $64.7 million, $57.6 million of which is payable within one year, and most of which relates to production equipment to be used in the Clarksville, Tennessee facility.As of December 31, 2023, we had outstanding payables in relation to assets and services provided for the Clarksville Phase 1A capacity expansion amounting to $57.0 million that are currently due to our suppliers, and we have received notice of non-payment from certain of these suppliers with a total amount of $5.5 million.",N/A
"• Exploit off-the-shelf, iPSC-derived CAR NK cells in combination with monoclonal antibody therapy to mount a multi-antigen  targeted attack.NK cells play a major role in the anti-tumor activity of certain tumor-targeting antibodies.NK cells express CD16, an  activating receptor that binds to the Fc domain of IgG antibodies.Once activated through CD16, NK cells are able to destroy antibody-coated  tumor cells and secrete cytokines, such as interferon gamma, to potentiate an adaptive immune response.This mechanism of action, referred  to as antibody-dependent cellular cytotoxicity (ADCC), is believed to be important for the treatment of a wide range of cancers.",N/A
"We are a clinical-stage cell therapy company with a limited operating history upon which you can evaluate our business and prospects.None of our current product candidates are approved for commercial sale and we have not generated any revenue from such product candidates.To date, we have devoted substantially all of our resources and efforts to organizing and staffing our company, business planning, executing partnerships, raising capital, discovering, identifying and developing potential product candidates, securing related intellectual property rights and conducting and planning preclinical studies and clinical trials of our product candidates.In relation to our current product candidates, we have not yet demonstrated our ability to successfully complete any Phase 3 clinical trials, obtain marketing approvals, manufacture a commercial-scale product or arrange for a third party to do so on our behalf, or conduct sales and marketing activities necessary for successful product commercialization.As a result, it may be more difficult for you to accurately predict our future success or viability than it could be if we had a longer operating history or a history of successfully developing and commercializing biopharmaceutical products.",N/A
"4 Mr. Cooper Group Inc. - 2023 Annual Report on Form 10-K Government RegulationThe residential mortgage industry is highly regulated.We are required to comply with a wide array of federal, state and local laws and regulations that regulate, among other things, the manner in which we conduct our servicing, originations and ancillary business and the fees we may charge.These regulations directly impact our business and require constant compliance.Cyclicality and Seasonality The U.S. residential real estate industry is seasonal, cyclical and affected by changes in general economic conditions.",N/A
"While we are encouraged by the activity observed thus far at suboptimal doses in this Phase 2 dose-ranging study, we  plan to continue to evaluate the optimal dose, with topline results from additional dose ranging cohorts anticipated in the fourth quarter of 2024.Assuming  positive results from CAHmelia-204 and CAHptain-205, we plan to meet with the FDA and comparable foreign regulatory authorities to outline the design  of a registrational clinical program in adult and pediatric classic CAH.Additionally, by leveraging our existing Phase 1 program, which includes safety, tolerability, and pharmacokinetics of tildacerfont, we initiated and  completed POWER, a Phase 2 proof-of-concept clinical trial in polycystic ovary syndrome (“PCOS”).The Phase 2 proof-of-concept clinical trial is a  randomized, placebo-controlled, dose escalation trial which will evaluate the safety and efficacy of tildacerfont titrated to 200 mg QD compared to placebo  at 12 weeks of treatment in subjects with PCOS and elevated adrenal androgens as measured by dehydroepiandrosterone sulfate (“DHEAS”) levels at  baseline.In August 2023, we conducted an analysis of interim data from 20 patients (13 on tildacerfont and 7 on placebo) through the 12-week treatment  period for the POWER clinical trial.",N/A
"Biopharmaceutical product development is a highly speculative undertaking and involves a substantial degree of risk.We are a clinical-stage  biopharmaceutical company, and we have only a limited operating history upon which you can evaluate our business and prospects.We currently have no  products approved for commercial sale, have not generated any revenue from sales of products and have incurred losses in each year since our inception in  February 2018.In addition, we have limited experience as a company and have not yet demonstrated an ability to successfully overcome many of the risks  and uncertainties frequently encountered by companies in new and rapidly evolving fields, particularly in the biopharmaceutical industry.Since inception, we have incurred significant net losses.",N/A
"We currently are experiencing an interruption in our Hemopurifier manufacturing due to delays in obtaining necessary regulatory approval of a new manufacturer of GNA.The manufacture of our products may also be impacted by:· availability or contamination of raw materials and components used in the manufacturing process, particularly those for which we have no other source or supplier;· our ability to comply with new regulatory requirements, including our ability to comply with cGMP;· changes in forecasts of future demand for product components;",N/A
"We aim to build a commercial enterprise to maximize our impact on the  treatment of cancer.By pioneering a novel class of localized biologic drug candidates, powered by our PROBODY® therapeutic  technology platform, we lead the field of conditionally activated oncology therapeutics and have established biologics localization as a  strategic area of research and development.Our vision is to transform lives with safer, more effective therapies with the goal of  addressing major unmet needs in oncology.Our proprietary, versatile, multi-modality PROBODY technology platform is designed to enable conditional activation of biologic  therapeutic candidates within the tumor microenvironment while minimizing drug activity in healthy tissues and circulation.Our  platform is built on a strong foundation of tumor biology expertise including deep knowledge of tumor-associated enzymes known as  proteases.",N/A
"Our margins and profitability have in the past been, and may in the future be, adversely affected due to substantial  investments, start-up and production ramp costs in our design services.If we do not effectively manage changes in our operations, our business may be harmed; we have taken substantial  restructuring charges in the past and we may need to take material restructuring charges in the future.• A breach of our IT or physical security systems, or violation of data privacy laws, may cause us to incur significant  legal and financial exposure and disrupt our operations.We are subject to the risk of increased income taxes.We are subject to risks relating to litigation and regulatory investigations and proceedings, which may have a material  adverse effect on our business.",N/A
"We have a limited operating history, which makes it difficult to evaluate our current business and future prospects and may increase the risk of  your investment.• ARCUS is a novel technology, making it difficult to predict the time, cost and potential success of product candidate development.We have not  yet been able to assess the safety and efficacy of most of our product candidates in humans.We are heavily dependent on the successful development and translation of ARCUS, and due to the early stages of our product development  operations, we cannot give any assurance that any product candidates will be successfully developed and commercialized.• Adverse public perception of genome editing may negatively impact the developmental progress or commercial success of products that we  develop alone or with collaborators.",N/A
"These risks include, but are not limited to the following:● We have a limited operating history and have never generated any revenues other than from research grants, which may make it difficult to evaluate the success of our business to date and to assess our future viability.● We have incurred significant operating losses since inception and anticipate that we will continue to incur substantial operating losses for the foreseeable future and may never achieve or maintain profitability.● We will need substantial additional funding, and if we are unable to raise capital when needed, we could be forced to delay, reduce or eliminate our drug development programs or commercialization efforts.● We have limited experience in drug discovery and drug development and may not receive regulatory approval to market our drug candidates.",N/A
"As a result, we may be prevented from completing acquisitions that are accretive to us and our operations during the term of the Loan and Security Agreement in the event that the Lenders do not approve the terms of such acquisition(s) separately in their sole discretion.Our arrangement with Macquarie exposes us to Macquarie-related credit and performance risk as well as potential refinancing risks.In April 2022, we entered into several agreements with Macquarie to support the operations of the Mobile Refinery, including a Supply and Offtake Agreement.Additionally, on May 26, 2023, Vertex Renewables entered into a Supply and Offtake Agreement with Macquarie, pertaining to the supply and financing of renewable biomass feedstocks used for the production of renewable fuels, the offtake and financing of renewable diesel, and the provision of certain financing accommodations with respect to certain agreed environmental attributes at the Mobile Refinery.Pursuant to the Supply and Offtake Agreements, Macquarie has agreed to intermediate crude oil supplies and refined product inventories, and renewable diesel supplies and product inventories, at the Mobile Refinery.",N/A
"These categories were $644.6 million, or approximately 67.9% of our total loan portfolio, as of  December 31, 2023, as compared to $563.8 million, or approximately 66.3% of our total loan portfolio, as of December 31,  2022.The market value of real estate can fluctuate significantly in a short period of time as a result of market conditions in  the geographic area in which the real estate is located.Although a significant portion of commercial real estate and  construction and land loans are secured by a secondary form of collateral, adverse developments affecting real estate values  in one or more of our markets could increase the credit risk associated with our loan portfolio.Additionally, real estate  lending typically involves higher loan principal amounts, and the repayment of the loans generally is dependent, in large part,  on sufficient income from the properties securing the loans to cover operating expenses and debt service.Economic events  or governmental regulations outside of the control of the borrower or lender could negatively impact the future cash flow and  market values of the affected properties, including (i) declines in the rents or decreases in occupancy and, therefore, in the  cash flows generated by those real properties on which the borrowers depend to fund their loan payments to us, (ii) decreases  in the values of those real properties, which make it more difficult for the borrowers to sell those real properties for amounts  sufficient to repay their loans in full, and (iii) job losses of residential home buyers, which makes it more difficult for these  borrowers to fund their loan payments.",N/A
"• Commercial loans, including those secured by commercial real estate, are generally riskier than other types of loans and constitute a significant portion of our loan and lease portfolio.We face significant legal and regulatory risks, both from regulatory investigations and proceedings and from private actions brought against us.• Operational risk and losses can result from factors such as internal and external fraud; errors by employees or third parties; failure to document transactions properly or to obtain proper authorization; failure to comply with applicable regulatory requirements and conduct of business rules; equipment failures, including those caused by natural disasters or utility outages; business continuity and data security system failures, including those encountered while implementing major new computer systems or upgrades to existing systems; or the inadequacy or failure of systems and controls, including those of our suppliers or counterparties.We may be adversely affected by weaknesses in financial institutions, the financial markets and economic conditions in the United States, market changes, or changes in equity markets.We are subject to capital and liquidity standards that may change from time to time, and we may be unable to raise additional capital if needed on terms that are acceptable to us, or at all.",N/A
"In the longer term, our ability to become profitable in the future will depend on our ability not only to effectively manage our capital expenditures and control costs on a timely basis, but also to sell in quantities and at prices sufficient to achieve our expected margins.If we are unable to appropriately price and cost-efficiently design, manufacture, market, sell, distribute and service our vehicles, our margins, profitability and prospects will be materially and adversely affected.24 Reservations and orders for our vehicles are cancellable.Delays in customer deliveries, delays in the availability of options, potential changes in customer preferences, competitive developments and other factors could result in significant customer cancellations or cause delays in conversions of reservations to orders.Increases in interest rates could make financing unaffordable for segments of our customer base, resulting in cancellations.",N/A
"Adequate additional financing may not be available to us on acceptable terms, or at all.Our failure to raise capital as and when needed or on acceptable  terms would have a negative impact on our financial condition and our ability to pursue our business strategy, and we may have to delay, reduce the scope  of, suspend or eliminate one or more of our research-stage programs, clinical trials or future commercialization efforts.Our business depends entirely on the success of our product candidates and we cannot guarantee that any or all of our product candidates will  successfully complete development, receive regulatory approval, or be successfully commercialized.If we are unable to develop, receive regulatory  approval for, and ultimately successfully commercialize our product candidates, or experience significant delays in doing so, our business will be  materially harmed.We currently have no products approved for commercial sale or for which regulatory approval to market has been sought.",N/A
"• Providing CROs creates a risk of liability.• New technologies may be developed, validated and increasingly used in biomedical research that could reduce demand for some of our products and services.Our non-U.S. locations account for a significant percentage of our revenues, exposing us to risks associated with operating internationally.• Some of our clients and contracts depend on government funding of research and development and a reduction in that funding may adversely affect our business.We have and may further expand our business through acquisitions, which exposes us to various risks.",N/A
"In light of these risks and uncertainties, we may not be able to establish or maintain the market share of these businesses or take full advantage of businesses we may acquire in the future related to either of these businesses.There can be no assurance that we will recover our investments in SmartSense by Digi or Ventus or that we will realize ongoing and consistent profits from these businesses.Also, there can be no assurance that diverting our management's attention to these businesses will not have a material adverse effect on our other existing businesses, any of which may have a material adverse effect on our results of operations, financial condition and prospects.From time to time, we are subject to claims and litigation regarding intellectual property rights or other claims pertaining to our business, which could seriously harm us and require us to incur significant costs.The communications technology industry is characterized by frequent litigation regarding patent and other intellectual property rights.",N/A
"If we do not achieve or sustain profitability, it will be more difficult for us to finance our business and accomplish our strategic objectives, either of which would have a material adverse effect on our business, financial condition and results of operations and may cause the market price of our common stock to decline.Our indebtedness may limit our flexibility in operating our business and adversely affect our financial health and competitive position.As of December 31, 2023, we had $40.0 million of indebtedness outstanding under our credit facility with MidCap Financial Trust (“MidCap”) that matures in May 2027.To service this indebtedness and any additional indebtedness we may incur in the future, we need to generate cash from our operating activities.Our ability to generate cash is subject, in part, to our ability to successfully execute our business strategy, as well as general economic, financial, competitive, regulatory, and other factors beyond our control.",N/A
"Security breaches have become more common across many industries.Cyber incidents have been increasing in sophistication and can include third parties gaining access to employee or customer data using stolen or inferred credentials, computer malware, viruses, spamming, phishing attacks, ransomware, card skimming code, and other deliberate attacks and attempts to gain unauthorized access.The occurrence of these types of incidents in our computer networks, databases or facilities could lead to the inappropriate use or disclosure of personal information, including sensitive personal information of customers and employees, which could harm our business and reputation, adversely affect consumers' confidence in our business and products, result in inquiries and fines or penalties from regulatory or governmental authorities, cause a loss of customers, pose increased risks of lawsuits and subject us to potential financial losses.Additionally, it is possible that unauthorized access to sensitive customer and business data may be obtained through inadequate use of security controls by our customers, suppliers or other vendors.We have administrative, technical, and physical security measures in place, and we have policies and procedures in place to both evaluate the security protocols and practices of our vendors and to contractually require 24 service providers to whom we disclose data to implement and maintain reasonable privacy and security measures.",N/A
"Due to the concentration of customers in the industrial machinery and equipment industry, a decline in production levels in that industry could result in lower sales, gross profits and profitability.Our business is dependent on transportation and labor.Increases in the cost or availability of transportation or labor could adversely affect our business and operations, as we may be unable to pass cost increases on to our customers.We ship products throughout the United States via our truck fleet, our dedicated carrier fleet or by third-party trucking firms.Our business depends on the daily transportation of a large number of products.",N/A
"• Incorporating artificial intelligence into our products, services, and operations may result in legal and regulatory risks  or reputational harm or have other adverse consequences to our business, financial condition, or results of operations.We may incur losses associated with currency fluctuations and may not be able to effectively hedge our exposure.If we do not successfully manage our collaboration, licensing, joint venture, strategic alliance, or partnership  arrangements with third parties, we may not realize the expected benefits from such arrangements, which may have a  material adverse effect on our business, financial condition, or results of operations.If we fail to successfully acquire or integrate new businesses, products, and technology, we may not realize expected  benefits, or our business may be harmed.5 • We are exposed to credit risk and fluctuations in the market value of our investments.",N/A
