Risky Sentences,T/F
"Our IV Compounding Service offers a comprehensive service that is intended to help optimize IV robotic compounding operations, which combines advanced IV robotics, clinical data that may be used to support extended expiration dates and reduce medication waste, and remote and onsite experts to operate the IV robotic equipment.Our IV Compounding Service is designed to assist customers in their goals of enhanced patient safety, reduced medication expense from outsourcing facilities and operating room medication waste, and improved supply chain control.Specialty Pharmacy and 340B Our Specialty Pharmacy Services offering includes a comprehensive set of technology, services, and expertise to provide a fully managed in-house specialty pharmacy delivered through a value-based commercial model.This solution is intended for health systems, federally qualified health centers, and provider groups to support on-site management of specialty pharmacy services, including payer contracting, staffing, assistance with licensing, 340B Program administration, and to assist with obtaining access to specialty medication and limited distribution drugs.This offering is designed to increase specialty growth and improve cost savings, improve access to limited distribution drugs, and increase physician utilization for targeted disease states.",N/A
"The Mundipharma Collaboration Agreement requires, among other things, that we complete the rezafungin development program.On March 31, 2021, we entered into an exclusive, worldwide license and collaboration agreement, or the Janssen Collaboration Agreement, with Janssen Pharmaceuticals, Inc., or Janssen, one of the Janssen Pharmaceutical Companies of Johnson & Johnson, to develop and commercialize our Cloudbreak drug-Fc conjugates, or DFCs, for the prevention and treatment of seasonal and pandemic influenza.Under the collaboration, we will be responsible for the development and manufacturing of the first influenza DFC, CD388, into the clinic and through Phase 2 clinical development, and Janssen will be responsible for late-stage development, manufacturing, registration and global commercialization.We received an upfront payment of $27.0 million.Janssen will fund all future research, development, manufacturing and commercialization for CD388, of which Janssen has funded $44.5 million as of December 31, 2023.",N/A
"We also may rely on third parties to administer  our drug price reporting and rebate payments and contracting obligations under federal programs.Despite our reliance on third  parties, we have responsibilities for compliance with the applicable legal and program requirements.By example, in certain  states, we are required to hold licenses to distribute our products in these states and must comply with the associated state laws.Moreover, if these third-party service providers fail to meet expected deadlines, or otherwise do not carry out their contractual  duties to us or encounter physical damage or a natural disaster at their facilities, our ability to deliver products to meet  commercial demand would be significantly impaired.In addition, we may use third parties to perform various other services for  us relating to regulatory monitoring, including adverse event reporting, safety database management and other product  maintenance services.",N/A
"For example, we rely on third party temporary staffing agencies to  support certain of our production operations.If, for any reason, we are unable to source sufficient resources from these staffing  agencies to support our production expectations, it could result in an inability to meet consumer demand for certain of our  products and have a material adverse effect on our business.In addition, pandemics and similar public health emergencies,  natural disasters, terrorist activity, cyber attacks, geopolitical events or other unforeseen events could interrupt production or  distribution and have a material adverse effect on our business, results of operations, financial condition and cash flows,  including the potential for long-term loss of product placement with our customers.Labor shortages, increased labor costs, and increased labor turnover could adversely impact our business, results of  operations, financial condition, and cash flows.We have recently experienced labor shortages, increased labor costs and increased employee turnover, which were due in  part to the COVID-19 pandemic and the related policies and mandates and exacerbated by inflationary costs.",N/A
"When potential improvements are identified, we weigh the costs and benefits of such improvements (including against other potential improvements) and, if selected, the improvements are added to a roadmap for possible implementation.Additionally, we have incurred and expect to continue to incur significant costs implementing additional security measures to protect against existing and emerging cybersecurity threats.We also have access to sensitive, confidential or personal data or information that is subject to privacy and security laws, regulations or customer-imposed controls.Despite our implementation of certain controls to protect our systems and sensitive, confidential or personal data or information, we may be vulnerable to material security breaches, theft, misplaced, lost or corrupted data, employee errors and/or malfeasance (including misappropriation by departing employees) that could potentially lead to the compromising of sensitive, confidential or personal data or information, improper use of our systems, software solutions or networks, unauthorized access, use, disclosure, modification or destruction of information, defective products, production downtimes and operational disruptions.In addition, a cyber-related attack could result in other negative consequences, including damage to our reputation or competitiveness, remediation or increased protection costs, litigation or regulatory action.",N/A
"Consequently, predictions about our future success or viability are highly uncertain and may not be as accurate as they could be if we had a longer operating history or a company history of successfully developing and commercializing products.In addition, as a business with a limited operating history, we may encounter unforeseen expenses, difficulties, complications, delays and other known and unknown obstacles.We are transitioning from a company that previously had a sole focus on research and development to a company capable of supporting commercial activities and we may not be successful in such a transition.We have encountered in the past, and we expect to encounter in the future, risks and uncertainties frequently experienced by growing companies with limited operating histories in emerging and rapidly changing industries.If our assumptions regarding these risks and uncertainties, which we use to plan and operate our business, are incorrect or change, or if we do not address these risks successfully, our results of operations could differ materially from our expectations, and our business, financial condition, results of operations and cash flows could be adversely affected.",N/A
"Such developments may include changes to the other product's safety or efficacy profile, changes to the  availability of the approved product, quality, manufacturing and supply issues, and changes to the standard of care.In the event that Merck, GSK or any other collaborator or supplier cannot continue to supply their products on commercially reasonable  terms, we would need to identify alternatives for accessing such products.Additionally, should the supply of products from Merck, GSK or  any other collaborator or supplier be interrupted, delayed or otherwise be unavailable to us, our clinical trials may be delayed.In the event we  are unable to source an alternative supply, or are unable to do so on commercially reasonable terms, our business, financial condition,  results of operations, stock price and prospects may be materially harmed.We may expend our limited resources to pursue a particular product candidate or indication and fail to capitalize on product  candidates or indications that may be more profitable or for which there is a greater likelihood of success.",N/A
"If we fail to obtain necessary additional funding to conduct our planned research and development efforts, we could be  forced to delay, reduce, or eliminate our product development programs or commercial development efforts.We have never generated any revenue from product sales and may never be profitable.We may encounter substantial delays in commencement, enrollment or completion of our clinical trials or may fail to  demonstrate safety and efficacy to the satisfaction of applicable regulatory authorities, which could prevent us from  commercializing our current and future product candidates on a timely basis, if at all.If we have difficulty enrolling a sufficient number of patients to conduct our clinical trials as planned, we may need to  delay, limit, or terminate planned clinical trials, the occurrence of any of which would harm our business, financial  condition, results of operations and prospects.• Preliminary, interim or topline results in our ongoing clinical studies may not be indicative of results obtained when these  studies are completed and success in early clinical studies may not be indicative of results obtained in later studies.",N/A
"Our efforts to grow our business may be more costly than we expect and we may not be able to increase our revenue enough to offset higher  operating expenses.We may not be able to achieve or sustain profitability in subsequent periods and we may incur significant losses in the future for a  number of reasons, including the foregoing as well as unforeseen expenses, difficulties, complications and delays, the other risks described in this Annual  Report and other unknown events.The amount of any future net losses will depend, in part, on the growth of our future expenses and our ability to generate  revenue.If we incur losses in the future, any such future losses will have an adverse effect on our stockholders' equity and working capital.If we are unable  to achieve or sustain profitability, the market price of our Class A Common Stock may significantly decrease and our ability to raise capital, expand our  business or continue our operations may be impaired.",N/A
"We fund operations primarily through the collection of accounts receivable, but there is a delay between the time that we provide services and the  time that we receive reimbursement or payment for these services.These delays may result from such factors as changes by payors to data submission  requirements, requests by fiscal intermediaries for additional data or documentation, other Medicare or Medicaid issues, or information system problems.Further, many of the states in which we operate are operating with budget deficits for the 2023 fiscal year and fiscal year 2024 state budgets could be  impacted to the extent economic conditions in the United States are challenging in 2024.Various states may in the future delay reimbursement, which  would adversely affect our liquidity.In addition, from time to time, procedural issues require us to resubmit claims before payment is remitted, which  contributes to our aged receivables.",N/A
"• being permitted to provide only two years of audited financial statements, in addition to any required unaudited interim  financial statements, with correspondingly reduced “Management's Discussion and Analysis of Financial Condition and  Results of Operations” disclosure;  • not being required to comply with the requirement of auditor attestation of our internal controls over financial reporting;  • not being required to comply with any requirement that may be adopted by the Public Company Accounting Oversight Board  (""PCAOB"") regarding mandatory audit firm rotation or a supplement to the auditor's report providing additional information  about the audit and the financial statements;  • reduced disclosure obligations regarding executive compensation; and  • not being required to hold a nonbinding advisory vote on executive compensation and shareholder approval of any golden  parachute payments not previously approved.Additionally, as an emerging growth company and smaller reporting company our status as such carries various unique risks such as  the risk that our financial statements may not be comparable to those of other public companies, and the risk that we will not be  required to provide an assessment of the effectiveness of our internal controls over financial reporting until our second annual report  following our initial public offering.For as long as we continue to be an emerging growth company, we expect that we will take advantage of the reduced disclosure  obligations available to us as a result of that classification.We have taken advantage of certain of those reduced reporting burdens in  these financial statements.Accordingly, the information contained herein may be different than the information you receive from  other public companies in which you hold stock.",N/A
"TheFork has become an urban, gastronomic guide with a strong community that offers approximately 20 million restaurant reviews.The COVID-19 pandemic had a significant negative impact on the travel and hospitality industries and, consequently, adversely and materially  affected our business, results of operations, liquidity and financial condition through the first quarter of 2022.Overall, in 2022, we generally experienced a  travel demand recovery fueled by the continued easing of government restrictions globally and increasing consumer travel demand.During 2023, we  continued to experience strong consumer demand for our offerings, particularly for our experiences offerings across our Viator and Brand Tripadvisor  segments.We believe that consumers will continue to seek connection with others, discover new places, and experience new things through travel.",N/A
"The regulatory landscape that will apply to development of therapeutic product candidates by us or our collaborators is rigorous, complex,  uncertain and subject to change, which could result in delays or termination of development of such product candidates or unexpected costs in  obtaining regulatory approvals.• Clinical trials are difficult to design and implement, expensive, time-consuming and involve an uncertain outcome, and the inability to  successfully and timely conduct clinical trials and obtain regulatory approval for our product candidates would substantially harm our business.Any product candidates that we or our collaborators or other licensees may develop will be novel and may be complex and difficult to  manufacture, and if we experience manufacturing problems, it could result in delays in development and commercialization of such product  candidates or otherwise harm our business.• Even if we obtain regulatory approval for any products that we develop alone or with collaborators, such products will remain subject to ongoing  regulatory requirements, which may result in significant additional expense.• Even if any product we develop alone or with collaborators receives marketing approval, such product may fail to achieve the degree of market  acceptance by physicians, patients, healthcare payors and others in the medical community necessary for commercial success.",N/A
"The following risks, which are discussed more fully in “Item 1A.Risk Factors”, and all of the  other information contained in this Annual Report on Form 10-K should be considered carefully before investing in our common stock.These risks  include, but are not limited to, the following: • that we continue to incur losses; • our ability to attract, train and retain key personnel; • our existing and any future indebtedness, including our ability to comply with affirmative and negative covenants under our credit agreements  to which we will remain subject until maturity; • the fluctuation of our financial results from quarter to quarter; • our need to raise additional funding and our ability to obtain it on favorable terms, or at all; • our ability to use net operating losses and research and development credit carryforwards; • our dependence on the success of the Organ Care System, or OCSTM; • our ability to expand access to the OCS through our National OCS Program, or NOP; • our ability to scale our manufacturing and sterilization capabilities to meet increasing demand for our products; • the rate and degree of market acceptance of the OCS; • our ability to educate patients, surgeons, transplant centers and private and public payors on the benefits offered by the OCS; • our ability to improve the OCS platform and develop the next generation of the OCS products; • our dependence on a limited number of customers for a significant portion of our revenue; • our ability to maintain regulatory approvals or clearances for our OCS products in the United States, the European Union and other select  jurisdictions worldwide; • our ability to adequately respond to the Food and Drug Administration, or FDA, or other competent authorities, follow-up inquiries in a timely  manner; 1• the performance of our third-party suppliers and manufacturers;  • our use of third parties to transport donor organs and medical personnel for our NOP and our ability to maintain and grow our logistics  capabilities to support our NOP to reduce dependence on third party transportation, including by means of the acquisition of fixed-wing aircraft  for our aviation transportation services or other acquisitions, joint ventures or strategic investments; • our ability to maintain Federal Aviation Administration, or FAA, or other regulatory licenses or approvals for our aircraft transportation  services; • price increases of the components of our products and maintenance, parts and fuel for our aircraft; • the timing or results of post-approval studies and any clinical trials for the OCS; • our manufacturing, sales, marketing and clinical support capabilities and strategy; • attacks against our information technology infrastructure; • the economic, political and other risks associated with our foreign operations; • our ability to protect, defend, maintain and enforce our intellectual property rights relating to the OCS and avoid allegations that our products  infringe, misappropriate or otherwise violate the intellectual property rights of third parties; • the pricing of the OCS, as well as the reimbursement coverage for the OCS in the United States and internationally; • regulatory developments in the United States, European Union and other jurisdictions; • the extent and success of competing products or procedures that are or may become available; • our ability to service our 1.50% convertible senior notes, due 2028; • the impact of any product recalls or improper use of our products; and  • our estimates regarding revenue, expenses and needs for additional financing.Except where the context otherwise requires or where otherwise indicated, the terms “TransMedics,” “we,” “us,” “our,” “our company,”  “the company,” and “our business” refer to TransMedics Group, Inc. and its consolidated subsidiaries.",N/A
"Although we have security measures in place to protect regulated and personal data, and to prevent data loss and other security breaches, these measures could be breached because of third-party action, employee error, third-party or employee malfeasance, or otherwise.Because the techniques used to obtain unauthorized access to or to sabotage systems change frequently, we may not be able to anticipate these techniques and implement adequate preventative or protective measures, including in a timely manner.While we currently maintain a cyber-liability insurance policy, our cyber liability insurance coverage may be inadequate or may not continue to be available in the future on acceptable terms, or at all.In addition, our cyber liability insurance policy may not cover all claims made against us, and defending a suit, regardless of its merit, could be costly and divert management's attention from our business and operations.We have experienced data security incidents in the past, and expect to experience additional incidents in the future, however, to date no such incidents have been material to our business, operating results or financial condition.",N/A
We have not developed a strong Customer base and we have not generated sustainable revenue since inception.There can be no assurance that we will be able to do so in the future.We will incur significant losses in launching products and we may not realize sufficient subscriptions or profits in order to sustain our business.We have not yet developed a strong Customer base and we have not generated sustainable revenue since inception.We are subject to the substantial risk of failure facing businesses seeking to develop and commercialize new products and technologies.,N/A
"Over any defined period of time, our interest-earning assets may be more sensitive to  changes in market interest rates than our interest-bearing liabilities, or vice-versa.In addition, the individual market interest  rates underlying our loan and lease and deposit products may not change to the same degree over a given time period.If market  interest rates should move contrary to our position, earnings may be negatively affected.In addition, loan and lease volume and  quality and deposit volume and mix can be affected by market interest rates as can the businesses of our clients.Changes in  levels of market interest rates could have a material adverse effect on our net interest spread, asset quality, origination volume,  and overall profitability.",N/A
"We intend to rely on contract research organizations, or CROs, and other third parties to conduct, supervise and monitor a significant portion of our research and nonclinical testing and clinical trials for sabirnetug and any future product candidates, and if those third parties do not successfully carry out their contractual duties, comply with regulatory requirements or otherwise perform satisfactorily, we may not be able to obtain regulatory approval or commercialize our product candidates, or such approval or commercialization may be delayed, and our business may be substantially harmed.We face significant competition in an environment of rapid technological and scientific change, and there is a possibility that our competitors may achieve regulatory approval before us or develop therapies that are safer or more effective than ours.If we are unable to enter into a commercial collaboration or, alternatively, establish internal sales, marketing and distribution capabilities for sabirnetug or any other product candidate that may receive regulatory approval, we may not be successful in commercializing those product candidates if and when they are approved.If we are unable to obtain and maintain sufficient intellectual property protection for sabirnetug and any future product candidate, and other proprietary technologies we develop, or if the scope of the intellectual property protection obtained is not sufficiently broad, our competitors could develop and commercialize products similar or identical to ours, and our ability to successfully commercialize our product candidate, and other proprietary technologies if approved, may be adversely affected.iv Table of Contents PART I Item 1. Business.",N/A
"Additionally, on May 26, 2023, Vertex Renewables entered into a Supply and Offtake Agreement with Macquarie, pertaining to the supply and financing of renewable biomass feedstocks used for the production of renewable fuels, the offtake and financing of renewable diesel, and the provision of certain financing accommodations with respect to certain agreed environmental attributes at the Mobile Refinery.Pursuant to the Supply and Offtake Agreements, Macquarie has agreed to intermediate crude oil supplies and refined product inventories, and renewable diesel supplies and product inventories, at the Mobile Refinery.Macquarie will own all of the crude oil and renewable diesel in our tanks and substantially all of our refined and finished product inventories prior to our sale of the inventories.Should Macquarie terminate the Supply and Offtake Agreements with 180 days written notice, we would need to seek alternative sources of financing, including the requirement upon termination to repurchase the inventory at then current market prices.In addition, the cost of repurchasing the inventory may be at higher prices than we sold the inventory.",N/A
"• Strict data privacy and protection policies are maintained for personal information of customers and employees.• Introduction of any significant new products, services and business lines are subject to approval by the Board.The Company has significant operations in Mexico, where the majority of its employees and customers reside.Accordingly, the Company has focused significant time and resources on corporate and social responsibility initiatives in supporting disadvantaged people who live and work in this market.The Company is certified in Mexico as an Empresa Socialmente Responsable (“ESR”), or a socially responsible company under the XII Latin American Meeting of Corporate Social Responsibility Framework.",N/A
"Family Dollar primarily serves a lower-than-average income customer in urban and rural locations,  offering great values on everyday items.We are committed to growing our business through new store openings, expanded geographies, improved product offerings, store  renovations and remodeling, investments in our workforce and other initiatives to modernize and optimize our stores, our supply chain  and distribution network and our technology.These initiatives are discussed further below and in “Item 7.Management's Discussion  and Analysis of Financial Condition and Results of Operations.”Corporate Culture At Dollar Tree and Family Dollar our core values drive how we treat our customers and each other to support a welcoming  shopping experience and an engaging work environment.",N/A
"For some government clients, we may face a  difficult choice: turn down (or stop) work due to budget uncertainty with the risk of damaging a valuable client relationship or perform work with the risk  of not being paid in a timely fashion or perhaps at all.Federal, state and local government, and/or international government elections could also affect  spending priorities and budgets at all levels of government.In addition, increased government deficits and debt, both domestic and international, may lead  to reduced spending by agencies and departments on projects or programs we support.RISKS RELATED TO THE CHANGING BUSINESS ENVIRONMENT IN WHICH WE OPERATEAs we develop new services, clients and practices, enter new lines of business, and focus more of our business on providing a full range of client  solutions, our operating risks increase.",N/A
"Our business relies on certain licensing rights from MHKDG and RCT that can be terminated in certain circumstances.If we breach those agreements, or if we are unable to satisfy our diligence obligations under which we license rights to SLK from MHKDG, we could lose the ability to develop and commercialize SLK.We have incurred losses since inception, and we expect to incur significant losses for the foreseeable future and may not be able to achieve or sustain profitability in the future.We have not generated any revenue from SLK and may never generate revenue or become profitable.We have a limited operating history and have no products approved for commercial sale.",N/A
"Our merchant team thoughtfully curates the assortment each  season to ensure we maintain a healthy SKU count and a cohesive style point of view.Daily review of sales and product margin information helps us to maximize the productivity of successful  products and categories and minimize the accumulation of slow-moving inventory.We regularly monitor the sell- through of our merchandise; therefore, the number and make-up of our active items is continuously changing based  on changes in selling trends.The composition of our merchandise assortment is relatively consistent across our store  base with an extended assortment online.We continually strive to increase the perceived value of Kirkland's products to our customers through our  thoughtfully curated assortments and inspirational visual presentations.",N/A
"Specialty Pharmacy and 340B Our Specialty Pharmacy Services offering includes a comprehensive set of technology, services, and expertise to provide a fully managed in-house specialty pharmacy delivered through a value-based commercial model.This solution is intended for health systems, federally qualified health centers, and provider groups to support on-site management of specialty pharmacy services, including payer contracting, staffing, assistance with licensing, 340B Program administration, and to assist with obtaining access to specialty medication and limited distribution drugs.This offering is designed to increase specialty growth and improve cost savings, improve access to limited distribution drugs, and increase physician utilization for targeted disease states.Inventory Optimization Our Inventory Optimization Service (formerly known as Omnicell OneTM), offers a comprehensive service that includes advanced software, robust benchmarking, predictive and prescriptive analytics, and clinical experts meant to help identify and execute on inventory optimization opportunities.Our Inventory Optimization Service is designed to provide greater medication inventory visibility as well as reduce medication waste and expirations, stockouts and shortages.",N/A
"We have a limited history of manufacturing and assembling our products in commercial quantities.Any additional capital required to finance our planned operations may not be available to us on acceptable terms or at all.We compete against other companies, which may prevent us from achieving increased market penetration and improved operating results.Any termination or loss of significant rights under the License Agreement would materially and adversely affect our development and commercialization of our rechargeable SNM system.If we are not successful in converting physicians and patients to our products, our business will not succeed.",N/A
"In particular, the Dravet syndrome mouse model is more severe than the human disease and provides a shorter post- symptomatic observation period.Trial designs and results from early-phase trials are not necessarily predictive of future clinical trial designs or results, and  initial positive results we may observe may not be confirmed in later-phase clinical trials.For example, although we recently reported end of study data  from our Phase 1/2a open-label studies of STK-001 demonstrating a reduction in median convulsive seizure frequency compared to baseline, these results  were based on pooling data from the Phase 1/2a open-label studies of STK-001 in the United States (MONARCH) and in the United Kingdom  (ADMIRAL) and additional trials may not confirm these results.Our product candidates may also fail to show the desired safety and efficacy in later stages  of clinical development even if they successfully advance through initial clinical trials, and preliminary interim data readouts of ongoing trials may show  results that change when such trials are completed.We may not be able to demonstrate a disease-modifying effect of STK-001 in our clinical trials in  Dravet syndrome patients, even if we are able to demonstrate efficacy on seizure reduction, and we may be similarly unable to demonstrate the efficacy of  STK-002 in our ADOA program or other future programs.",N/A
"Discovery Services • Analytical Method Development and Validation: Analytical methods are developed and validated in a manner designed to ensure that data generated are accurate, precise, reproducible and reliable and are used consistently throughout the drug development process and in later product support.Both early-stage, fit-for-purpose discovery methods and fully Good Laboratory Practice (“GLP”)-validated methods are generated to provide appropriate and timely responses to the client's situation.• In Vivo Pharmacology: We provide preclinical in vivo efficacy services.In vivo pharmacology is strengthened by the combination of our genetically- modified rodent production capability which provides animals with specific genetic modifications necessary for evaluation of new molecular targets.• Exploratory Pharmacokinetics and Toxicology:",N/A
"It is costly to establish, develop, and maintain international operations and stores, and  promote our brand internationally.Our international operations may not become profitable on a sustained basis.In addition to risks described elsewhere in this section, our international sales and operations are subject to a number of  risks, including: • local economic and political conditions; • government regulation (such as regulation of our product and service offerings and of competition); restrictive  governmental actions (such as trade protection measures, including export duties and quotas and custom duties and  tariffs, and restrictions around the import and export of certain products, technologies, and components);  nationalization; and restrictions on foreign ownership; • restrictions on sales or distribution of certain products or services and uncertainty regarding liability for products,  services, and content, including uncertainty as a result of less internet-friendly legal systems, local laws, lack of legal  precedent, and varying rules, regulations, and practices regarding the physical and digital distribution of media  products and enforcement of intellectual property rights; • business licensing or certification requirements, such as for imports, exports, web services, and electronic devices; • limitations on the repatriation and investment of funds and foreign currency exchange restrictions; • limited fulfillment and technology infrastructure; • shorter payable and longer receivable cycles and the resultant negative impact on cash flow; • laws and regulations regarding privacy, data use, data protection, data security, data localization, network security,  consumer protection, payments, advertising, and restrictions on pricing or discounts; • lower levels of use of the internet; • lower levels of consumer spending and fewer opportunities for growth compared to the U.S.; • lower levels of credit card usage and increased payment risk; • difficulty in staffing, developing, and managing foreign operations as a result of distance, language, and cultural  differences; • different employee/employer relationships and the existence of works councils and labor unions; • compliance with the U.S. Foreign Corrupt Practices Act and other applicable U.S. and foreign laws prohibiting  corrupt payments to government officials and other third parties; • laws and policies of the U.S. and other jurisdictions affecting trade, foreign investment, loans, and taxes; and • geopolitical events, including war and terrorism.As international physical, e-commerce, and omnichannel retail, cloud services, and other services grow, competition will  intensify, including through adoption of evolving business models.Local companies may have a substantial competitive  advantage because of their greater understanding of, and focus on, the local customer, as well as their more established local  brand names.",N/A
"Such financing may dilute our shareholders or the failure to obtain such financing may restrict our operating activities.To the extent that we raise additional capital through the sale of equity or convertible debt securities, your ownership interest will be diluted, and the terms may include liquidation or other preferences and anti-dilution protections that adversely affect your rights as a shareholder.Debt financing may result in the imposition of debt covenants, increased fixed payment obligations or other restrictions that may affect our business.If we raise additional funds through upfront payments or milestone payments pursuant to future collaborations with third parties, we may have to relinquish valuable rights to SLK, or grant licenses on terms that are not favorable to us.Our ability to raise additional capital may be adversely impacted by potential worsening global economic conditions and the recent disruptions to and volatility in the credit and financial markets in the United States and worldwide.",N/A
"Given the uncertainties associated with the COVID-19 pandemic, including the uncertainty surrounding the remaining duration and outcome, COVID-19 variants and vaccine efficacy, the Company is unable to estimate the full impact of the COVID-19 pandemic on its business, financial condition, results of operations, and/or cash flows; however, the impact could be material.Marketing of the Company's COVID-19 Tests and Collection Kits Under EUAs from the FDA Is Subject To Certain Limitations and the Company Is Required To Maintain Compliance with the Terms of the EUA, Among Other Things, and the Continuance of the EUAs Is Subject To Government Discretion.On February 4, 2020, the HHS issued a declaration that the threat to public health posed by COVID-19 justifies the emergency use of unapproved in vitro diagnostics for the detection or diagnosis of SARS-CoV-2.Under Section 564 of the FDCA, because HHS has issued this declaration, the FDA Commissioner is authorized to issue EUAs to permit certain developers of SARS-CoV-2 diagnostics to begin offering the tests for detection and diagnosis of COVID-19 without having completed the normally applicable FDA review and clearance or approval process for marketing authorization (with the related standards that would apply to demonstrate safety and effectiveness).The issuance of an EUA reflects an FDA conclusion that based on the totality of scientific evidence available to the FDA, it is reasonable to believe that the product may be effective in diagnosing COVID-19, the known potential benefits of the product outweigh the known and potential risks, and there is no adequate, approved, and available alternative to the emergency use of the product.",N/A
"Among the factors that could adversely affect our business are:  • changes in fiscal policies or decreases in available government funding,  • changes in government funding priorities;  • changes in government programs or applicable requirements;  8• the adoption of new laws or regulations or changes to existing laws or regulations relating to the provision of biometrics services or the use of  biometric data;  • changes in political or social attitudes with respect to security and defense issues;  • changes in audit policies and procedures of government entities;  • potential delays or changes in the government appropriations process; and  • delays in the payment of our invoices by government payment offices.These and other factors could cause government customers or our channel partners to reduce purchases of products and services from us, which would have  a material adverse effect on our business, financial condition and operating results.We derive a significant portion of our revenue from third party channel partners.Our future results depend upon the continued successful distribution of our products through a channel of systems integrators and OEM partners.",N/A
"Circumstances may cause us to consume or require capital more rapidly than we currently anticipate.As an example, our cash position in the past has caused us to prioritize product candidates for development, out-license certain product candidates and to defer the development of other candidates.We will need to raise additional funds or otherwise obtain funding through collaborations to complete the development of any of our product candidates and to continue our operations.Additional fundraising efforts may divert our management from our day‑to‑day activities, which may adversely affect our ability to develop and commercialize our product candidates.In addition, we cannot guarantee that future financing will be available in sufficient amounts or on terms acceptable to us, if at all.",N/A
"During this phase, we plan to provide early access program partners with broad-scale analysis and profiling of samples analyzed in our facility and shared via a cloud platform.We anticipate early access engagements and associated revenue in 2025.We expect this second phase to lead into the third phase of broad commercialization and launch of our proteome analysis platform in 2025.Voice of customer studies have suggested that there is market demand for a proteomics platform with specifications that are initially lower than what we have previously disclosed, for example, around characteristics such as sample input and proteome coverage.Consequently, as we balance our time to market goals with our evolving view of 41 customer requirements, we are refining our initial launch specifications.",N/A
"Key product brands include R&D Systems, Tocris Biosciences and Novus Biologicals.Our combined chemical and biological reagents portfolio provides high quality tools that customers can use in solving complex biological pathways and glean knowledge that may lead to a more complete understanding of biological processes, and, ultimately, to the development of novel therapeutic strategies to address different pathologies.In recent years, we have made several acquisitions and investments that have expanded our product offerings for the cell and gene therapy market.These include a significant investment in state-of-the art facilities for production of both proteins and small molecules in large quantities manufactured in accordance with cGMP, as well as a 19.9% investment in – and eventual acquisition of – Wilson Wolf, which is a leading provider of cell culture devices for cell therapy.Through a collaborative marketing venture with Wilson Wolf and another company, we have leveraged the products we have or are developing to provide a more complete offering for the cell and gene therapy market.",N/A
"We cannot guarantee that our stock repurchase program will be fully implemented or that it will enhance long-term  stockholder value.• Failure to comply with anti-corruption, economic and trade sanctions, and anti-money laundering laws and regulations could  have an adverse effect on our business.• Disruptions at our Global Operating Center and other operational sites could adversely impact our business.We are not guaranteed exclusivity or volumes in our contracts with our customers and our customers may experience major  business changes that impact our current or future revenue streams.• Disruptions with our technology and network infrastructure, including our data centers, servers, and third-party cloud and  internet providers, and our migration to the cloud, could have an adverse impact on our business.",N/A
"Clinical trials may fail to meet their primary or secondary endpoints, raise safety concerns or generate mixed results.Differences in trial design between early-stage clinical trials and later-stage clinical trials make it difficult to extrapolate the results of earlier clinical trials to later clinical trials.Clinical data may not be sufficient to apply for and obtain regulatory approval on the timelines we expect or at all.Other decisions or actions of regulatory agencies may affect our plans, progress or results.We also may experience numerous unforeseen events during, or as a result of, any clinical trials in process or any future clinical trials that we conduct that could delay or prevent our ability to receive marketing approval or commercialize apitegromab, SRK-181, SRK-439, or any future product candidates, including: ● delay or inability to reach agreement with the FDA or comparable foreign regulatory authorities on acceptable clinical trial design, conduct or statistical analysis plan; ● regulators, Institutional Review Boards (“IRBs”) or ethics committees may not authorize us or our investigators to commence a clinical trial or conduct a clinical trial at a prospective trial site; ● we may experience delays in reaching, or fail to reach, agreement on acceptable terms with prospective trial sites and prospective CROs, the terms of which can be subject to extensive negotiation and may vary significantly among different CROs and trial sites; ● failure by our collaborators to provide us with an adequate and timely supply of product that complies with the applicable quality and regulatory requirements for a combination trial; ● collaborators may provide insufficient funding for a clinical trial program, delay or stop a clinical trial, abandon a product candidate or clinical trial program, repeat or conduct new clinical trials or require a new formulation of a drug candidate for clinical testing; ● clinical trials of any product candidates may fail to show safety and effectiveness, or produce negative or inconclusive results and we may decide, or regulators may require us, to conduct additional preclinical studies or clinical trials or we may decide to abandon product development programs; ● the number of subjects required for clinical trials of any product candidates may be larger than we anticipate, enrollment in these clinical trials may be slower or more challenging than we anticipate or subjects may drop out of these clinical trials or fail to return for post treatment follow-up at a higher rate than we anticipate; ● challenges in identifying or recruiting sufficient study sites or investigators for clinical trials; Table of Contents 59 ● our third-party contractors may fail to comply with regulatory requirements or meet their contractual obligations to us in a timely manner, or at all; ● clinical study sites or clinical investigators may deviate from the clinical trial protocol or drop out of the trial, which may require that we add new clinical trial sites or investigators; ● we may elect to, or regulators, IRBs or ethics committees may require that we or our investigators, suspend or terminate clinical research or trials for various reasons, including noncompliance with regulatory requirements or a finding that the participants are being exposed to unacceptable health risks; ● limitations on our or our CROs' ability to access and verify clinical trial data captured at clinical study sites through monitoring and source document verification; ● the cost of clinical trials of a product candidate may be greater than we anticipate; ● the supply or quality of our product candidates or other materials necessary to conduct clinical trials of our product candidates may be insufficient or inadequate to initiate or complete a given clinical trial; ● our product candidates may have undesirable side effects or other unexpected characteristics, causing us or our investigators, regulators, IRBs or ethics committees to suspend or terminate the trials, or reports from clinical testing of other therapies may raise safety or efficacy concerns about our product candidates; ● our product candidates may have undesirable side effects or other unexpected characteristics when used in a new disease indication or with products in a different class which may raise safety, efficacy or other concerns about our product candidate as a potential therapy in that new disease indication or other indications or its use with products in a different class; ● our failure to establish an appropriate safety profile for a product candidate based on clinical or preclinical data for such product candidate and/or data emerging from other molecules in the same class as our product candidate; ● the FDA, EMA or other regulatory authorities may require us to submit additional data such as long-term toxicology studies, or change or impose other requirements before permitting us to initiate a clinical trial; ● evolution in the standard of care or changes in applicable governmental regulations or policies during the development of a product candidate that require amendments to ongoing clinical trials and/or the conduct of additional preclinical studies or clinical trials; and ● lack of adequate funding to complete a clinical trial.",N/A
"Furthermore, there are a number of factors that may affect our future capital requirements and further accelerate our need for additional working capital, many of which are outside our control, including the following: • unanticipated costs in our research and development program; • the timing and cost of obtaining regulatory approvals for emavusertib and maintaining compliance with regulatory requirements; • the timing and amount of milestone payments, royalties and other payments, including payments due to licensors, including Aurigene, for patent rights and technology used in our drug development program; • unplanned costs to prepare, file, prosecute, defend, and enforce patent claims and other patent-related costs, including litigation costs and technology license fees; • the costs of commercialization activities for emavusertib if it receives marketing approval, to the extent such costs are our responsibility, including the costs and timing of establishing drug sales, marketing, distribution and manufacturing capabilities; • unexpected losses in our cash investments or an inability to otherwise liquidate or access our cash investments due to unfavorable conditions in the capital markets, including volatility and instability in the capital markets; and • our ability to continue as a going concern.The alleged events of default, or any future allegations of an event of default, under the Oberland Purchase Agreement could have a material adverse effect on our business, financial condition and stock price, including our ability to continue as a going concern.Pursuant to the Oberland Purchase Agreement, the Purchasers acquired the rights to a portion of certain royalty and royalty related payments excluding a portion of non-U.S. royalties retained by Curis Royalty, referred to as the Purchased Receivables, owed by Genentech under our collaboration agreement with Genentech.In connection with entering into the Oberland Purchase Agreement, Curis Royalty and the Agent entered into a security agreement and Curis and the Purchasers entered into a pledge agreement.Following an event of default under the security agreement entered into between Curis Royalty and the Agent, the Agent has the right to stop all allocations of payments that would have otherwise been allocated to Curis Royalty pursuant to the Oberland Purchase Agreement and instead retain all such payments.",N/A
"The document of compliance and safety management certificate are renewed as required.Regulation II-1/3-10 of the SOLAS Convention governs ship construction and stipulates that ships over 150 meters in length must have adequate strength, integrity and stability to minimize risk of loss or pollution.Goal-based standards amendments in SOLAS regulation II-1/3-10 entered into force in 2012, with July 1, 2016 set for application to new oil tankers and bulk carriers.The SOLAS Convention regulation II-1/3-10 on goal-based ship construction standards for bulk carriers and oil tankers, which entered into force on January 1, 2012, requires that all oil tankers and bulk carriers of 150 meters in length and above, for which the building contract is placed on or after July 1, 2016, satisfy applicable structural requirements conforming to the functional requirements of the International Goal-based Ship Construction Standards for Bulk Carriers and Oil Tankers (“GBS Standards”).Amendments to the SOLAS Convention Chapter VII apply to vessels transporting dangerous goods and require those vessels be in compliance with the International Maritime Dangerous Goods Code (“IMDG Code”).",N/A
"We are only in the preliminary stages of most of these activities.We may never succeed in these activities and, even if we do, may never generate  revenues that are significant enough to achieve profitability.We completed a Phase 1 clinical trial for our first product candidate, PGN-EDO51 and initiated  a Phase 2 clinical trial for PGN-EDO51 as well as a Phase 1 clinical trial for PGN-EDODM1.Because of the numerous risks and uncertainties associated  with product development, we are unable to accurately estimate or know the nature, timing or costs of the efforts that will be necessary to complete the  preclinical and clinical development and commercialization of our product candidates or when, or if, we will be able to generate revenues or achieve  profitability.If we are successful in obtaining regulatory approval to market one or more of our product candidates, our revenue will be dependent, in part, upon  the size of the markets in the territories for which we gain regulatory approval, the accepted price for the product, the ability to obtain coverage and  reimbursement, and whether we own the commercial rights for that territory.",N/A
"As a result of these recent events, we face the potential for  reputational risk, deposit outflows and increased credit risk which, individually or in the aggregate, could have a material  adverse effect on our business, financial condition and results of operations and liquidity.Furthermore, if such levels of financial market and economic disruption and volatility continue, if actual events or concerns  or rumors involving limited liquidity, defaults, or other adverse developments, or if other banks and financial institutions enter  receivership or become insolvent in the future in response to financial conditions affecting the banking system and financial  markets, our ability to access our existing cash, cash equivalents and investments may be threatened due to market-wide  liquidity problems.While we maintain liquidity primarily through customer deposits and through access to other short-term  funding sources, including advances from the Federal Home Loan Bank (FHLB), our efforts to monitor and manage liquidity  risk may not be successful or sufficient to deal with dramatic or unanticipated increase or reductions in our liquidity,  particularly in light of the impact of increased interest rates on the market value of investment securities.This situation could  have a material adverse impact on our results of operations and financial condition.Additionally, regulatory pressures and additional regulation of financial institutions as a result of the industry  developments could have material adverse effects on our business, results of operations, financial condition and growth  prospects.",N/A
"In April 2021, we announced an agreement with Samsung for all PodcastOne distributed content to be available via the Listen tab on Samsung TV.PodcastOne and its roster of top performing hosts are also able to integrate unique visual elements into the podcasts they produce and distribute them via YouTube, with PodcastOne becoming the first podcast network to utilize Adori, a pioneering interface technology.Adori's unique YouTube integration technology allows podcast hosts and networks to seamlessly import episodes from RSS feeds, enhance them with visual elements and upload enriched assets directly to YouTube.Adori's patented technology embeds contextual visuals, multi-format ads, augmented reality (“AR”) experiences, buy buttons, polls, and other “call to action” features in the audio creating a more enhanced and richer listener experience.In creating visually enhanced podcasts, Adori's YouTube product provides additional monetization avenues for PodcastOne's slate of original programming, increased discoverability and search engine optimization presence.",N/A
"It took over a decade of  preceding product development before we received marketing approval for VAZKEPA in March 2021 from the European  Commission, or the EC.Likewise, if we seek to diversify our development programs or product offerings through licensing or acquisitions, such  transactions are also time consuming, may be dilutive to existing shareholdings, and may be initially disruptive to operations.These  transactions may not be available on favorable terms, or at all.These dynamics can restrict our ability to respond rapidly to adverse  business conditions for VASCEPA.If development of, or demand for, VASCEPA does not meet expectations, we may not have the  ability to effectively shift our resources to the development of alternative products, or do so in a timely manner, without suffering  material adverse effects on our business.",N/A
"The purpose of  the Phase 1C open label SAD study was to confirm, with human data, the DM199 blood concentration levels achieved with  the IV dose and further evaluate safety and tolerability.We also included a cohort of hypertensive patients being treated  with angiotensin-converting-enzyme inhibitors (ACEi) prior to enrolling.All ACEi patients received the full IV dose at the  0.5 µg/kg level with no instances of hypotension.We believe that these results provide further assurance to potential  investigators that ACEi patients may be safely included in the ReMEDy2 trial.4  Following in-depth discussions of the ReMEDy2 Phase 2/3 protocol design with global stroke experts, the scientific  advisory board and current investigators, we made several important amendments to the protocol subsequent to the June  2023 lifting of the clinical hold.",N/A
"Our scientific and technical expertise and expansive intellectual  property estate have enabled us to develop our industry-leading, pioneering OMEGA platform.We plan to continue to invest in  expanding our knowledge of IGD biology and epigenetics in order to identify new DNA-sequence-based epigenomic targets, the  EpiZips, further our capacity to innovate and engineer proprietary ECs, expand our technologies, broaden our delivery  capabilities, and enhance our institutionalized knowledge to further solidify our position as a leading digital and data-driven  epigenomic medicines company.We plan to build additional computational, big-data, and advanced-analytic capabilities to  maintain our leadership position.We plan to expand and strengthen our position as leaders in developing mRNA therapeutics for  epigenomic control.• Establish ECs as a new class of programmable epigenomic mRNA medicines.",N/A
"Revisions to our existing academic programs and the  development of new programs may not be accepted by existing or prospective students or employers in all  instances.If we cannot respond effectively to market changes, our business may be materially adversely affected.Even if we are able to develop acceptable new programs, we may not be able to introduce these new programs as  quickly as students or employers require or as quickly as our competitors are able to introduce competing  programs.Our efforts to introduce a new academic program may be conditioned or delayed by requirements to  obtain foreign, federal, state and accrediting agency approvals.The development of new programs and courses,  both conventional and online, is subject to requirements and limitations imposed by the governmental regulatory  bodies of the various countries in which our institutions are located.",N/A
"In order to manage such growth effectively, the Company must implement effective operational systems, procedures  and internal controls.Failure to implement these systems, procedures and controls on a timely basis could materially and adversely affect the Company's results of  operation or financial condition.Further, the Company's continued expansion of its business may include entering new lines of business or introducing new products and  services.We cannot assure you that the Company will be successful in such expansion efforts and any failure could materially and adversely affect the Company's results  of operation or financial condition.The merger with Partners Bancorp and any future acquisitions could disrupt the Company's business and adversely affect our results of operations, financial  condition and cash flows.",N/A
"Additionally, we recognize that if the effectiveness of our business plan is not forthcoming, we will not be able to continue business operations.If we are unsuccessful in addressing these risks, our business will most likely fail.We require significant funding to develop, manufacture and market our Ubiquitor wireless sensor.We may ultimately require up to $20 million to fund the development, manufacturing, assembly and marketing strategy for the Ubiquitor.Once we achieve this fund-raising goal, we intend to position ourselves in the small device market, establishing the price at below a few hundred dollars.",N/A
"These quarterly fluctuations create uncertainty as to the volume of sales that we may achieve in a given period.As a result, comparing our operating results on a period-to-period basis might not be meaningful.You should not rely on our past results as an indication of our future performance.Our operating results could be disproportionately affected by a reduction in revenue because a proportionately smaller amount of our expenses varies with our revenue.As a result, our quarterly operating results are difficult to predict, even in the near term.",N/A
"Changes in tax law may adversely affect our business or financial condition.The Tax Cuts and Jobs Act of 2017, commonly referred to as the TCJA, as amended by the Coronavirus Aid, Relief, and Economic Security Act, or CARES Act, significantly revises the U.S. Internal Revenue Code of 1986, as amended, or the Code.The TCJA contains, among other things, significant changes to corporate taxation, including a reduction of the corporate tax rate from a top marginal rate of 35% to a flat rate of 21% and the limitation of the deduction for net operating losses to 80% of current-year taxable income for losses arising in taxable years beginning after December 31, 2017 (though any such net operating losses may be carried forward indefinitely).In addition, beginning in 2022, the TCJA eliminates the option to deduct research and development expenditures currently and requires corporations to capitalize and amortize them over five years or 15 years (for expenditures attributable to foreign research).In addition to the CARES Act, as part of Congress's response to the COVID-19 pandemic, economic relief legislation was enacted in 2020 and 2021 containing tax provisions.",N/A
"These systems and our business needs will continue to evolve and require upgrading and maintenance over time, consequently requiring significant future commitments of resources and capital.We cannot provide assurance, however, that the measures we take to secure and enhance these systems will be sufficient to protect our information technology systems and prevent cyber-attacks, system failures or data or information loss.Cyber-attacks, malicious internet-based activity and online and offline fraud are prevalent and continue to increase.In addition to traditional computer “hackers,” threat actors, personnel (such as through theft or misuse), sophisticated nation-states and nation-state supported actors now engage in attacks.We continue to be subject to a variety of evolving threats, including but not limited to social engineering, such as phishing, malicious code (such as viruses and worms), malware (including as a result of advanced persistent threat intrusions), denial-of-service attacks (such as credential stuffing), personnel misconduct or error, supply-chain attacks, software bugs, server malfunctions and large-scale, complex automated attacks that can evade detection for long periods of time.",N/A
"We expect to continue to incur significant  expenses and operating losses for the foreseeable future as we continue to research, develop and seek regulatory approvals for our product candidates and any additional product  candidates we may acquire, in-license or develop.We may encounter unforeseen expenses, difficulties, complications, delays and other unknown factors that may adversely  affect our business.The size of our future net losses will depend, in part, on the rate of change of our expenses and our ability to generate revenues.If any of our product  candidates fails in clinical studies or does not gain regulatory approval, or if approved, fails to achieve market acceptance, we may never become profitable.Even if we achieve  profitability in the future, we may not be able to sustain profitability in subsequent periods.",N/A
"Furthermore, we have expanded over time to include more asset-intensive offerings such as our network of Light  Vehicles and Flexdrive.These offerings and programs require significant capital investments and recurring costs, including debt  payments, maintenance, depreciation, asset life and asset replacement costs, and if we are not able to maintain sufficient levels of  utilization of such assets, such offerings are otherwise not successful or we decide to shut down any such offerings, our investments  may not generate sufficient returns and our financial condition may be adversely affected.In addition to the above, a determination in,  resolution of, or settlement of, any legal proceeding related to driver classification matters may require us to significantly alter our  existing business model and operations (including potentially suspending or ceasing operations in impacted jurisdictions), increase our  costs and impact our ability to add qualified drivers to our platform and grow our business, which could have an adverse effect on our  business, financial condition and results of operations, and our ability to achieve or maintain profitability in the future.Additionally,  stock-based compensation expense related to RSUs and other equity awards is expected to continue to be a significant expense for the  foreseeable future, and as of December 31, 2023, we had $203.1 million of unrecognized stock-based compensation expense related to  all unvested awards, net of estimated forfeitures, that will be recognized over a weighted-average period of approximately 1.2 years.Any failure to increase our revenue sufficiently to keep pace with our investments and other expenses could prevent us from achieving  or maintaining profitability or positive cash flow on a consistent basis.",N/A
"There are also other REITs with asset acquisition objectives similar to ours, and others may be organized in the future.Some of these competitors, including larger REITs, have substantially greater marketing and financial resources than we have and generally may be able to accept more risk than we can prudently manage, including risks with respect to the creditworthiness of tenants.In addition, these same entities seek financing through similar channels.8 Table of Contents OverviewThe healthcare industry is one of the most regulated industries in the United States and is currently experiencing rapid regulatory change and uncertainty.",N/A
"In addition, we will need to further develop our financial controls and reporting systems  to accommodate our growth.This could require us to incur expenses for hiring additional qualified personnel, retaining professionals to assist in developing  the appropriate control systems and expanding our information technology infrastructure.Our inability to effectively manage growth could have a material  adverse effect on our financial results.Previously completed or future acquisitions, or growth initiatives, may be unsuccessful and could expose us to unforeseen liabilities.Our growth strategy includes potential geographical expansion into new markets and the addition of new services in existing markets through the  acquisition of local service providers.",N/A
"The integration of new personnel will continue to result in some disruption to ongoing operations.The ability to effectively manage growth in a rapidly evolving market requires effective planning and management processes.We will need to continue to improve operational, financial, and managerial controls, reporting systems and procedures, and will need to continue to expand, train and manage our workforce.There can be no assurance that we would be able to accomplish such an expansion on a timely basis.If we are unable to effect any required expansion and are unable to perform our contracts on a timely and satisfactory basis, our reputation and eligibility to secure additional contracts in the future could be damaged.",N/A
"These initiatives have costs associated with them, and we  cannot assure you that they ultimately will prove successful, or result in, an increase to our revenues or profitability.We could be negatively impacted by COVID-19, or other similar pandemics.As a result of the COVID-19 pandemic, or other similar pandemics, we may in the future experience disruptions  that could severely impact our business, including government shutdowns, stay-at-home orders, travel restrictions, business  closures, cancellations of public gatherings, and other measures.While many of the original restrictions levied by  governments in 2020 have been removed, additional variants, or similar pandemics in the future, could cause governments  to reinstitute some or all of the previously implemented restrictive measures.Such restrictions could lead to the  cancellation of industry events which could limit our ability to meet with existing and potential new customers.",N/A
"Management's Discussion and Analysis of Financial Condition and Results of Operations — Risk Management.”Our allowance for loan losses may not be adequate to cover actual losses.Like all financial institutions, we maintain an allowance for loan losses to provide for probable incurred losses due to loan defaults, non-performance, and other qualitative factors.Our allowance for loan losses is based on our historical loss experience as well as an evaluation of the risks associated with our loan portfolio, including the size and composition of the loan portfolio, loan portfolio performance, fair value of collateral securing the loans, current economic conditions and geographic concentrations within the portfolio.Our allowance for loan losses may not be adequate to cover actual loan losses, and future provisions for loan losses could materially and adversely affect our earnings and financial condition.",N/A
"• Because our Collaboration Product and any future product candidates developed from our CoStAR platform represent novel approaches to the treatment of disease, there are many uncertainties regarding the development, market acceptance, third-party reimbursement coverage and commercial potential of our product candidates.We do not currently have any active clinical trials.We may derive results for our Collaboration Product from open-label investigator- initiated trials led by our collaborator in China.IITs are conducted by principal investigators; our role in the trials and access to the clinical results and data are limited and there is no assurance that the clinical data from our collaborator-led IITs will be accepted or considered by the FDA, or other comparable regulatory authorities.18 • The regulatory approval processes of the FDA, MHRA, EMA, and comparable foreign authorities are lengthy, time consuming and inherently unpredictable.",N/A
"Our backlog can be significantly affected by the timing of orders for large projects, and the amount of our backlog at March 31, 2023 is not necessarily indicative of future backlog levels or the rate at which backlog will be recognized as sales.Although modifications and terminations of our orders may be partially offset by cancellation fees, customers can, and sometimes do, terminate or modify these orders.We cannot predict whether cancellations will accelerate or diminish in the future.Cancellations of purchase orders, indications that the customers will not perform under their existing purchase orders or contracts or reductions of product quantities in existing contracts could substantially and materially reduce our backlog and, consequently, our future sales.Our failure to replace canceled orders could negatively impact our sales and results of operations.",N/A
"As of December 31, 2023 and 2022, we had an  accumulated deficit of $1,024.9 million and $967.3 million, respectively.To date, we have not generated any product revenue.Substantially all of our  losses have resulted from expenses incurred in connection with our research and development programs and from general and administrative costs  associated with our operations.We are a clinical-stage biotechnology company focused on unlocking the broad potential of RNA medicines (also known as oligonucleotides), or those  targeting ribonucleic acid (RNA), to transform human health.Our RNA medicines platform, PRISMTM, combines multiple modalities, chemistry  innovation and deep insights into human genetics to deliver scientific breakthroughs that treat both rare and prevalent disorders.",N/A
"A dividend of $2,958,048 was declared and paid to its shareholder Zhejiang Meidu Graphene Technology Co., Ltd.For other shareholders, a total dividend of $2,480,944 was declared in January 2020 but remains unpaid as of the date of this report.In March 2018, Hitrans declared a dividend of $1,333,135 for the year ended December 31, 2017, among which $533,254 was paid in July 2018 and the remaining $799,881 was paid in 2019.Except for the above dividends, we and our PRC subsidiaries have not previously declared or paid any cash dividend or dividend in kind, and have no plan to declare or pay any dividends in the near future.We currently intend to retain most, if not all, of our available funds and any future earnings to operate and expand our business.",N/A
"•  A limited number of customers account for a substantial percentage of our net sales.If we cannot continue to develop, manufacture, market and support products and services that meet  customer requirements for innovation and quality, our revenue and gross margin may suffer.If our relationships with our large customers deteriorate, our product development activities could be  adversely affected.We must attract and retain experienced personnel to help support our future growth, and competition for  such personnel in our industry is high.The use of, or failure to properly implement the use of, Artificial Intelligence within Cohu's product  development involves risks and uncertainties that may impact our operational performance and be  subject to legal and/or regulatory action.",N/A
"For more information, refer to the Credit Risk Management subsection of the Risk Management section and the ALLL and Reserve for  Unfunded Commitments subsections of the Critical Accounting Policies section of Management's Discussion and Analysis of Financial  Condition and Results of Operations.Third may have more credit risk and higher credit losses to the extent loans are concentrated by exposure to individual borrowers,  location or industry of the borrowers or collateral.Fifth Third's credit risk and credit losses can increase if its loans are concentrated among individual borrowers, borrowers engaged in the  same or similar activities, industries or geographies or to borrowers who as a group may be uniquely or disproportionately affected by  economic or market conditions.Deterioration in economic conditions, including housing conditions or commodity and real estate values in  certain states or locations could result in materially higher credit losses if loans are concentrated in those locations or by other factors.Fifth  Third has significant exposure to businesses in certain economic sectors such as manufacturing, real estate, financial services, insurance and  healthcare, and weaknesses in those businesses may adversely impact Fifth Third's business, results of operations or financial condition.",N/A
"Furthermore, we expect to continue to incur additional costs associated with operating as a public company.Accordingly, we will  need to obtain substantial additional funding in connection with our continuing operations.We currently do not have a credit facility or any  committed sources of capital.If we are unable to raise capital or obtain adequate funds when needed or on acceptable terms, we may be  forced to delay, limit, reduce or terminate our research and development programs or any future commercialization efforts or grant rights to  develop and market product candidates that we would otherwise prefer to develop and market ourselves.Our future capital requirements will depend on many factors, including:  • the progress, costs and results of our ongoing Phase 1b clinical trial of VERVE-101, our planned Phase 1b clinical trials of VERVE-102  and VERVE-201 and any future clinical development of such product candidates; • the scope, progress, results and costs of discovery, preclinical and clinical development for any product candidates we may develop;  • the costs of developing or acquiring licenses for the delivery modalities that will be used with our future product candidates; • the cost and timing of completion of commercial-scale manufacturing activities;  • the costs and timing of preparing, filing and prosecuting patent applications, maintaining and enforcing our intellectual property and  proprietary rights, and defending intellectual property-related claims, including claims of infringement, misappropriation or other violation  of third-party intellectual property;  • the costs, timing and outcome of regulatory review of the product candidates we may develop;  • the costs of future commercialization activities, either by ourselves or in collaboration with others, including product sales, marketing,  manufacturing, and distribution for any product candidates for which we receive marketing approval;  • the costs of satisfying any post-approval marketing requirements, such as a CVOT;  • the revenue, if any, received from commercial sales of product candidates we may develop for which we receive marketing approval;  • the success of our license agreements and our collaborations;  • our ability to establish and maintain additional collaborations on favorable terms, if at all;  • the achievement of milestones or occurrence of other developments that trigger payments under any collaboration or license agreements  we enter into;  • the extent to which we acquire or in-license products, intellectual property and technologies;  • the costs of operational, financial and management information systems and associated personnel; and  • the costs of operating as a public company.",N/A
"As the regulatory and legal environment evolves, we may become subject to new laws, such as further regulation by the SEC, CFTC, and other agencies, which may affect our  mining and other activities.For additional discussion regarding our belief about the potential risks existing and future regulation pose to our business, see Part I, Item 1A.We have property insurance coverage for our bitcoin miners under an insurance program for a total of $11,896,000 in limits.This insurance coverage covers all the Company's  bitcoin miners with a deductible of $100,000 or 5%, whichever is greater, with a $500,000 minimum and pertains to fire, water damage, water intrusion, named storms, wind, or  hail.We do not maintain business interruption coverage, which is currently not being provided by underwriters to any bitcoin mining companies.",N/A
"If a significant number of existing automotive lenders decide to stop using LPP or to use other competing platforms, thereby reducing their use of LPP, it would have a material adverse effect on our business and results of operations.Our revenue is impacted, to a significant extent, by the economic, political and market conditions as well as the financial performance of automotive lenders.Our business, the consumer financial services industry and automotive lenders' businesses, are sensitive to macroeconomic conditions.Economic factors such as interest rates, inflation, changes in monetary and related policies, market volatility, consumer confidence and unemployment rates are among the most significant factors that impact consumer spending behavior.Weak economic conditions or a significant deterioration in economic conditions reduce the amount of disposable income consumers have, which in turn reduces consumer spending and the willingness of qualified borrowers to take out loans.",N/A
"Additionally, Mr. Cohen and trusts for the benefit of his family are the only beneficial stockholders of C&S Wholesale Grocers.As a result, C&S Wholesale Grocers can be considered an affiliate of Symbotic.C&S Wholesale Grocers is also an important customer that has implemented production Symbotic systems as well as proof of concept and test systems in its facilities.All Symbotic systems purchased under our existing contracts with C&S Wholesale Grocers have been delivered, though we have ongoing software license and maintenance obligations under our contracts with C&S through September 2029.Despite our affiliation with C&S Wholesale Grocers, there is no guarantee that it will continue to be a customer beyond the term of its current contracts with us.",N/A
"We employ our own sales force and attempt to meet the Anti-Kickback  safe harbor for bona fide employment.As noted in the examples above, we have endeavored to structure our business arrangements to fit within applicable  federal Anti-Kickback Statute safe harbors and to otherwise operate in material compliance with the federal Anti-Kickback  Statute and state analogs.Many of our arrangements are structured to provide for compensation that is fair market value for  services actually rendered and in a manner that does not reflect the volume or value of referrals generated between the  parties.In structuring our relationships with providers, including our physician partners, and other healthcare entities, we  endeavor to comply with the regulatory requirements of such safe harbors and exceptions.If any of our business transactions or arrangements, including those described above, were found to violate the federal  Anti-Kickback Statute, we could face, among other things, criminal, civil or administrative sanctions, including possible  exclusion from participation in Medicare, Medicaid and other state and federal healthcare programs and FCA liability.",N/A
"We are, and may in the future become, subject to covenants that limit our operating and financial flexibility and,  if we default under our debt covenants, we may not be able to meet our payment obligations.Risks Related to Ownership of Our Common Stock  •We have incurred and expect to continue to incur significantly increased costs as a result of operating as a public  company, and our management is required to devote substantial time to compliance efforts.Our principal stockholder has substantial control over our business, which may be disadvantageous to other  stockholders.Risk Factors   Operational Risks",N/A
"Resultant data generated in our preclinical programs may be deemed unreliable and our studies and trials may need to be repeated, extended, delayed, or terminated.We may be delayed in or unable to obtain marketing approvals for our product candidates or to successfully commercialize our product candidates.As a result, our results of operations and the commercial prospects for our product candidates would be harmed, our costs could increase and our ability to generate revenues could be delayed.We also rely on third party suppliers and manufacturers to provide us with the facilities, materials, and services to manufacture our DehydraTECH compounds for our research programs and our B2B customers.It is possible that such third parties may not successfully carry out their contractual obligations, meet expected deadlines, adhere to our protocols, or comply with regulatory requirements.",N/A
"The genomics market has been the largest component of the Company's overall molecular sample management solutions business for some time and the major drivers of this market have been the consumer genomics segment, which offers products and services to consumers to provide them with personalized health and genealogical information, and the disease risk management segment which offers genetic testing through physicians for a variety of applications including prenatal testing, risk screening and pharmacogenomics.The ancestry portion of the consumer genomics market may be maturing and the Company's sales to customers with offerings in this market have been volatile.The Company's genomics revenues have also been volatile due to changes in promotional strategies and purchasing patterns by certain customers which serve 23 Table of Contents the consumer ancestry and genetic testing market and cost cutting and de-stocking efforts at some of the Company's disease risk management customers.These trends in the ancestry testing market may continue and revenues in this market may continue to be volatile.In an effort to increase the Company's molecular revenues, it has devoted increasing time and attention to expanding sales of its genomics products both domestically and internationally, with both new and existing accounts, including co-clearances and co-promotions with strategic partners.",N/A
"This seasonality can tend to cause quarterly fluctuations in revenues at the Hotel.Our quarterly earnings may also be  adversely affected by other related factors outside our control, including weather conditions and poor economic conditions.As a result, we may have to enter into short-term  borrowings in certain quarters in order to offset these quarterly fluctuations in our revenues.The hotel industry is heavily regulated and failure to comply with extensive regulatory requirements may result in an adverse effect on our business.The hotel industry is subject to extensive regulation and the Hotel must maintain its licenses and pay taxes and fees to continue operations.",N/A
"Our Vice President of Talent Management and  Belonging is responsible for leading our diversity and inclusion strategy.Among other things, we demonstrate  our commitment to diversity and inclusion through our biennial “All In” initiative, a summit focused on inviting  our employees to think and engage more with ideas such as diversity and inclusion to foster a collaborative  environment.We also embrace diversity on our Board of Directors, where 33% of our independent directors are  female and 17% of our independent directors are ethnically diverse.As part of our commitment to a culture of inclusion, our Contributor Resource Group, or CRG, Program  broadens and enhances company-wide interaction opportunities for our employees.Our CRG Program is open  to all and involves activities for employees whose background is the focus of each CRG and those who are  supportive of the groups that have been formed.",N/A
"During the years ended December 31, 2023, 2022 and 2021, the Company's revenues from two customers exceeded 10%.Each of these customers represented approximately 12% and 14% for 2023, 10% and 11% for 2022, and 12% and 13% for 2021, of the Company's consolidated net revenues.The loss of or disruption in our relationship with one or more of our major customers could have a material adverse effect on our business, operating results, or financial condition.In addition, any consolidation of our customers could reduce the number of customers to whom our services could be sold and increase our revenue concentration.21 Our advertising revenue and operating results may be affected by economic downturns, geopolitical events and other factors outside of our control.",N/A
"In addition, we have not commercialized any products and have never generated any revenue from product sales.We have devoted almost all of our financial resources to research and development, including our preclinical development activities.We expect to continue to incur significant expenses and operating losses over the next several years and for the foreseeable future as we seek to advance product candidates through preclinical and clinical development, expand our research and development activities, develop new product candidates, complete preclinical studies and clinical trials, seek regulatory approval and, if we receive approval from the FDA or foreign regulatory authorities, commercialize our products.Furthermore, the costs of advancing product candidates into each succeeding clinical phase tend to increase substantially over time.The total costs to advance any of our product candidates to marketing approval in even a single jurisdiction is substantial.",N/A
"Our business, financial condition and results of operations could be materially and adversely affected if our clients are not satisfied with our digital banking solutions or our systems and infrastructure fail to meet their needs.Our business depends on our ability to satisfy our clients and meet their digital banking needs.Our clients use a variety of network infrastructure, hardware and software, and our digital banking solutions must support the specific configuration of our clients' existing systems, including in many cases the solutions of third-party providers.Our implementation expenses increase when clients have unexpected data, network infrastructure, hardware or software technology challenges, or complex or unanticipated business or regulatory requirements.In addition, our clients typically require complex acceptance testing related to the implementation of our solutions.",N/A
"However, our operations may not be profitable even if any of our products under development are successfully developed and produced and thereafter commercialized.Even if we achieve profitability in the future, we may not be able to sustain profitability in subsequent periods.Even if we succeed in commercializing one or more of our product candidates, we expect to continue to incur substantial research and development and other expenditures to develop and market additional product candidates.The size of our future net losses will depend, in part, on the rate of future growth of our expenses and our ability to generate revenue.Our prior losses and expected future losses have had and will continue to have an adverse effect on our stockholders' equity and working capital.",N/A
"•  successfully initiating and completing clinical trials of our product candidates;•  obtaining regulatory and marketing approvals for product candidates for which we complete clinical trials;•  maintaining, protecting and expanding our intellectual property portfolio, and avoiding infringing on intellectual property of third parties;•  establishing and maintaining successful licenses, collaborations and alliances with third parties;•  developing a sustainable, scalable, reproducible and transferable manufacturing process for our product candidates;",N/A
"In addition, other macroeconomic factors have resulted  in an inflationary environment that has compounded these impacts and led to further increases in raw material costs,  manufacturing and distribution costs, and other input costs.When there are significant increases in the costs of  components, raw materials, third-party manufacturing fees and other expenses, and we are not able to increase the prices of  our products or achieve other cost savings to an extent that they will offset such cost increases, our gross margin and  operating results will be negatively impacted.In addition, if we increase our sales prices in response to increases in the cost of such raw materials, and those raw material  costs later decline significantly, we may not be able to sustain our sales prices at these higher levels.As component and  raw material costs are the principal contributors to the cost of goods sold for all of our products, any significant fluctuation  in the costs of components and raw materials could have a material impact on the gross margins realized on our products.Sustained increases in the cost of raw materials, components, fees from our third-party contract packagers, transportation  and other necessary supplies or services, or significant volatility in such costs, could have a material adverse effect on our  financial condition and results of operations.",N/A
"We have recently expanded our investment guidelines to deploy capital in attractive lending opportunities secured by commercial real estate.Our expanded investment guidelines now include (i) first and second lien loans secured by mortgages to commercial real estate owners, operators and related businesses that are not related to the cannabis industry, (ii) the ownership of non-cannabis related real property assets, and (iii) mortgage-backed securities, in addition to our prior sole focus on first lien loans secured by mortgages to cannabis operators in states that have legalized medical and/or adult use cannabis.We expect the underwriting and investment process for these investments under our expanded guidelines to be substantially similar to the process we deploy for our loans to cannabis operators.Our objective is to provide attractive risk-adjusted returns over time through cash distributions and capital appreciation primarily by providing loans to real estate developers and state law compliant cannabis companies.The loans we originate are primarily structured as senior loans secured by real estate, equipment, value associated with licenses (where applicable) and/or other assets of the loan parties to the extent permitted by applicable laws and the regulations governing such loan parties.",N/A
"The failure of our product offerings to appeal to our customers could have a material adverse effect on our business strategy, results of operations and financial condition.If we are unsuccessful in competing with our retail apparel competitors, our market share could decline or our growth could be impaired and, as a result, our business strategy, financial condition and results of operations could be negatively impacted.The retail apparel and home fashion businesses are highly competitive with few barriers to entry.We compete against a diverse group of retailers, including national chains, mass merchants, smaller discount retail chains that sell only women's products and general merchandise discount stores that offer a variety of products, including apparel, home fashions and other merchandise we sell for the value-conscious consumer.We also compete against local specialty retail stores, regional retail chains, traditional department stores, web-based retail stores and other direct retailers.",N/A
"Our quarterly results of operations, including the levels of our revenues, gross margin, profitability, cash flow, and deferred revenue, may vary significantly in the future and, accordingly, period-to-period comparisons of our results of operations may not be meaningful.Thus, the results of any one quarter should not be relied upon as an indication of future performance.Our quarterly financial results may fluctuate as a result of a variety of factors, many of which are outside of our control, and may not fully or accurately reflect the underlying performance of our business.For example, purchases of our Paycheck Protection Program (""PPP"") solution during the COVID pandemic may have had the effect of accelerating demand that might have otherwise materialized as new business in later periods as well as accelerating the activation of the licenses and recognition of subscription revenues associated with the PPP solution.Further, while subscriptions with our customers generally include multi-year non-cancellable terms, in a limited number of contracts, customers have an option to buy out of the contract for a specified termination fee.",N/A
"However, our operations may not be profitable even if one or more of our product candidates under development are  successfully developed, approved and thereafter commercialized.We will need to obtain substantial additional financing for the development and any commercialization of our product candidates, and a failure to  obtain this necessary capital when needed on acceptable terms, or at all, could force us to delay, limit, reduce or terminate our product development  efforts or other operations.Since our inception, we have used substantial amounts of cash to fund our operations and expect our expenses may increase substantially in the foreseeable  future.As of December 31, 2023, we had an accumulated deficit of $419.2 million.Developing our product candidates and conducting clinical trials  requires substantial amounts of capital.",N/A
"Should our local or regional economy weaken, our  asset quality may deteriorate resulting in losses to the Company.Changes in interest rates could hurt our profits.Our profitability, like most financial institutions, depends to a large extent upon our net interest income, which is the difference between interest income on interest-earning assets, such as  loans and securities, and interest expense on interest-bearing liabilities, such as deposits and borrowed funds.Accordingly, our results of operations depend largely on movements in market interest  rates and our ability to manage our interest-rate-sensitive assets and liabilities in response to these movements.Factors such as inflation, recession, and instability in financial markets, among other  factors beyond our control, may affect interest rates.",N/A
"These and other risks may also increase the relative price of our products compared to those manufactured in other countries, thereby reducing the demand for our products in the markets in which we operate, which could have a material adverse effect on our business, prospects, financial condition, results of operations, or cash flows.In addition, we could be adversely affected by violations of the Foreign Corrupt Practices Act (the “FCPA”) and similar worldwide anti-bribery laws, as well as export controls and economic sanction laws.The FCPA and similar anti-bribery laws in other jurisdictions generally prohibit companies and their intermediaries from making improper payments to non-U.S. officials for the purpose of obtaining or retaining business.Our policies mandate compliance with these laws.We operate in many parts of the world that have experienced governmental corruption to some degree and, in certain circumstances, strict compliance with anti-bribery laws may conflict with local customs and practices.",N/A
"Our results of operations could be adversely affected by economic and political conditions globally and the effects of these conditions on our and our franchisees' customers' businesses and levels of business activity.The Russian invasion of Ukraine and the resulting economic sanctions imposed by the United States and other countries, along with certain international organizations, have significantly impacted the global economy, including by exacerbating inflationary pressures created by COVID-related supply chain disruptions, and given rise to potential global security issues that have adversely affected and may continue to adversely affect international business and economic conditions.In addition, the threat of a wider war in the Middle East after the Hamas terrorist attacks on Israel could affect oil prices and have other effects on the global economy.Although we have no operations in Russia or Ukraine or in the Middle East certain of our or our franchisees' customers may have been or may in the future be impacted by these events.The ongoing effects of the hostilities and sanctions are no longer limited to companies from such regions and have spilled over to and negatively impacted other regional and global economic markets.",N/A
"The current outlook for the global economy is uncertain and may result in a decrease in spending on our products and services despite recent growth.12 Table of Contents Uncertainty caused by the recent challenging global political and economic conditions, including the effects of the rise in inflation and interest rates, bank failures, U.S. deficit concerns, the Russian invasion of Ukraine and the conflict in the Middle East, adverse changes to international relationships among countries in which we or our customers operate or do business, protectionist measures or decline in corporate or consumer spending could negatively impact our customers' businesses, reducing the number of new chip designs and their overall research and development spending, including their spending on our products and services, and as a result decrease demand for our products and services.Adverse developments that affect financial institutions, transactional counterparties or other third parties, such as bank failures and protracted U.S. federal debt ceiling negotiations, or concerns or speculation about any similar events or risks, have led and could lead to further credit downgrades and market-wide liquidity problems, which in turn may cause customers and other third parties to become unable to meet their obligations under various types of financial arrangements as well as general disruptions or instability in the financial markets.Public health emergencies, like the COVID-19 pandemic, and reactionary measures by governments and businesses have also had, and could in the future have, the effect of curtailing economic activity and causing substantial volatility and disruption in global markets.Decreased bookings for our products and services, customer bankruptcies, consolidation among our customers, or problems or delays with our hardware suppliers or with the supply or delivery of our hardware products could also adversely affect our ability to grow our business or adversely affect our future revenue and financial results.",N/A
"These dynamics can restrict our ability to respond rapidly to adverse  business conditions for VASCEPA.If development of, or demand for, VASCEPA does not meet expectations, we may not have the  ability to effectively shift our resources to the development of alternative products, or do so in a timely manner, without suffering  material adverse effects on our business.As a result, the lack of alternative markets and products we develop could constrain our  ability to generate revenues and achieve profitability.In the United States, we compete with, and may face increasing competition from, generic drug companies and our revenues  and results of operations could continue to be materially and adversely affected.Following the ANDA litigation rulings against the Company, generic versions of VASCEPA began launching in the United  States in November 2020, and several generic versions are currently available, including for both the 0.5-gram and 1-gram capsules,  and we expect that VASCEPA could face more competition from generic companies in the United States.",N/A
"These additional investments may be limited by our access to capital, as well as restrictions set forth in our credit facilities.Competitive pressures and the accelerated growth of hard surface alternatives have resulted in decreased demand for our soft floorcovering products and in the loss of market share to hard surface products.As a result, competition from providers of other soft surfaces has intensified and may result in lower demand for our products.In addition, we face, and will continue to face, competitive pressures on our sales prices and cost of our products.As a result of any of these factors, there could be a material adverse effect on our sales and profitability.",N/A
"The acquired portfolio consists of  eleven (11) retail and two (2) office properties.Business Objectives and Investment StrategyWe intend to continue to acquire and manage a diversified portfolio of high-quality net leased properties that generates predictable cash flows and capital appreciation over  market cycles.Our properties are generally net leased to a single tenant.Under a net lease, the tenant typically bears the responsibility for most or all property related expenses  such as real estate taxes, insurance, and maintenance costs.",N/A
"Increases in labor costs, including the cost to provide employee-partner related healthcare benefits, minimum wages, labor shortages or shortages of skilled labor, regulations regarding the classification of employees and/or their eligibility for overtime wages, higher material costs for items such as fabrics and textiles, 8 CINTAS CORPORATION the inability to obtain insurance coverage at cost-effective rates, higher interest rates, inflation, global health pandemics such as the COVID-19 pandemic, higher tax rates and other changes in tax laws and other economic factors could increase our costs of rental uniforms and facility services, cost of other services and selling and administrative expenses.As a result, these factors could adversely affect our sales and consolidated results of operations.Increased competition could adversely affect our financial performance.We operate in highly competitive industries and compete with national, regional and local providers.Product, design, price, quality, service and convenience to the customer are the competitive elements in these industries.",N/A
"If those third parties do not  perform as contractually required, fail to satisfy legal or regulatory requirements, miss expected deadlines or terminate the relationship, our  development programs could be delayed, more costly or unsuccessful, and we may never be able to seek or obtain regulatory approval for or  commercialize our product candidates.We rely on third-party manufacturers and suppliers to supply our product candidates.The loss of our third-party manufacturers or suppliers,  or their failure to comply with applicable regulatory requirements or to supply sufficient quantities at acceptable quality levels or prices,  within acceptable timeframes, or at all, would materially and adversely affect our business.We depend on intellectual property licensed from third parties and termination of any of these licenses could result in the loss of significant  rights, which could adversely affect our business, results of operations and financial condition.If we are unable to obtain and maintain sufficient intellectual property protection for our product candidates and any future product  candidates we may develop, or if the scope of the intellectual property protection obtained is not sufficiently broad, our competitors or other  third parties could develop and commercialize products similar or identical to ours, and our ability to successfully develop and commercialize  our product candidates may be adversely affected.",N/A
"We incurred net losses of $95.7 million and $56.8 million for the years  ended December 31, 2023 and December 31, 2022, respectively, and as of December 31, 2023, we had an accumulated deficit of $290.2 million.Our historical losses resulted  principally from costs incurred in connection with research and development activities and general and administrative costs associated with our operations.We intend to  continue to conduct research and development, preclinical testing, clinical trials, regulatory compliance, market access, commercialization and business development activities  that, together with anticipated general and administrative expenses, will result in incurring further significant losses for at least the next several years.Our product candidates are  in various clinical, preclinical, discovery and research stages.As a result, we expect that it will be several years, if ever, before we have a commercialized product and generate  revenue from product sales.",N/A
"We have incurred significant operating losses since our inception.We do not have any products approved for sale and have not generated any  product revenue since our inception.If our therapeutic candidates are not successfully developed and approved, we may never generate any, or any  significant revenue.Our net loss was $82.6 million for the year ended December 31, 2023.As of December 31, 2023, we had an accumulated deficit of  $222.8 million.",N/A
"Each of the Company's Board of  Directors, and AFT's and AIF's board of directors, including all of the respective independent directors, in each case, on the  recommendation of special committees comprised solely of certain independent directors of the Company or AFT and AIF, as  applicable, have approved the applicable Merger Agreement and the transactions contemplated thereby.Consummation of the  Mergers, which is currently anticipated to occur in the first half of 2024, is subject to certain closing conditions, including requisite  approvals of the Company's, AFT's and AIF's stockholders and certain other closing conditions.For more information on the  Mergers, please see “Management's Discussion and Analysis of Financial Condition and Results of Operations - Recent  Developments.”This Annual Report on Form 10-K covers the twelve-month period from January 1, 2023 to December 31, 2023 (the “Annual  Report”).On November 3, 2022, the Company's Board changed the Company's fiscal year end from March 31 to December 31,  effective December 31, 2022.",N/A
"• delays in distributing clinical trial material due to import restrictions or licenses in target countries; • delays due to product candidate recalls as the result of stability failure, excessive product complaints, or other failures of the  product candidate during its use or testing; • invalidation of clinical data caused by premature unblinding or integrity issues; • invalidation of clinical data caused by mixing up of the active drug and placebo through randomization or manufacturing errors; • delays on the part of our CROs, CMOs, and other third-party contractors in developing procedures and protocols or otherwise  conducting activities in accordance with applicable policies and procedures and in accordance with agreed upon timelines; • delays in identifying and hiring or engaging, as applicable, additional employees or consultants to assist in managing clinical  trial-related activities; • delays in recruiting and enrolling individuals to participate in a clinical trial, which historically can be challenging in orphan  diseases; • delays caused by patients dropping out of a clinical trial due to side effects, concurrent disorders, difficulties in adhering to the  trial protocol, unknown issues related to different patient profiles than in previous trials, or otherwise; • delays in having patients complete participation in a clinical trial; • delays resulting from clinical trial sites dropping out of a trial, providing inadequate staff support for the trial, problems with  shipment of trial supplies to clinical sites, or focusing its staff's efforts on enrolling trials that compete for the same patient  population; • suspension of enrollment at a trial site or the imposition of a clinical hold by the FDA or other regulatory authority following an  inspection of clinical trial operations at trial sites or finding of a drug-related serious adverse event; • delays in quality control/quality assurance procedures necessary for trial database lock and analysis of unblinded data; • delays, inconsistencies, or negative results in statistical analyses of clinical trial data; • delays in enrollment and the treatment of patients caused by global health risks; and • delays due to supply chain disruptions as a result of global health risks, international conflict, or other unexpected event.Clinical trials may not begin on time or be completed in the time frames we anticipate and may be costlier than we anticipate for a variety of  reasons, including one or more of those described above.The length of time necessary to successfully complete clinical trials vary  significantly and is difficult to predict accurately.We may make statements regarding anticipated timing for completion of enrollment in and/or  availability of results from our clinical trials, but such predictions are subject to a number of significant assumptions and actual timing may  differ materially for a variety of reasons, including patient enrollment rates, length of time needed to prepare raw trial data for analysis and  then to review and analyze it, and other factors described above.If we experience delays in the completion of a clinical trial, if a clinical trial is  terminated, or if failure to conduct a trial in accordance with regulatory requirements or the trial's protocol leads to deficient safety and/or  efficacy data, the regulatory approval and/or commercial prospects for our product candidate may be harmed, and our ability to generate  product revenue will be delayed.",N/A
"Top-line results of our 76-week Phase 3 study are anticipated approximately  mid-year 2025.Risk is Fundamental to the Drug Development ProcessWe are in the business of new drug discovery and development.Our research and development activities are long, complex, costly  and involve a high degree of risk.Holders of our common stock should carefully read this Annual Report in its entirety, including “Item  1A. Risk Factors”.",N/A
"Further, if the Biote Method or our Biote-branded dietary supplements do not generate sufficient patient demand for the Biote-certified practitioners  or clinics we partner with (“Biote-partnered clinics”), we may be unable to attract or retain contracts with practitioners or clinics to use the Biote Method or  sell our Biote-branded dietary supplements.If we are unable to attract or retain contracts with practitioners or clinics, our business, results of operations and financial condition could be adversely affected.Outsourcing facilities that produce bioidentical hormone pellets that we offer training on in the Biote Method and failure by those parties to adequately  perform their obligations could harm our business.Outsourcing facilities manufacture the products that we recommend as part of our training.The facilities used to compound and distribute  bioidentical hormone pellets, which may be prescribed by Biote-certified practitioners, are registered with the FDA as 503B outsourcing facilities.",N/A
"Our profitability is affected by the rates we may charge and the timeliness of  recovering costs incurred through our rates.Accordingly, our financial condition and results of operations are dependent upon  the satisfactory resolution of any rate proceedings and ancillary matters which may come before the ACC.In addition, the ACC  may reopen prior decisions and modify otherwise final orders under certain circumstances.Decisions made by the ACC could  have a material adverse impact on our financial condition, results of operations and cash flows.Our water and wastewater systems are subject to condemnation by governmental authorities, which may result in the receipt  of less than the fair market value of our assets and a loss of revenue from our operations.",N/A
