Risky Sentences,T/F
"As part of this rulemaking, which concluded in December 2023, the Department is granting itself additional authority to forgive federal student loans.Subsequently, the Department agreed to reconvene a fourth negotiating session to consider adopting additional authority for loan discharge in the case of financial hardship.The Department completed the negotiated rulemaking in December 2023 and is expected to publish proposed regulations for public comment by spring 2024, however it has already 30 announced broad loan forgiveness that relies on these proposed rules.The authority drafted under this rulemaking gives the Department broad discretion to discharge loans under the Higher Education Act and may encourage the Department to take adverse actions against institutions as a means of achieving the administration's stated goals of achieving the largest volume of student loan forgiveness in history.We are unable to determine the potential impact of any future final regulations on our business at this time.",N/A
"Even if not adopted, evaluating and responding to any such proposed rules or regulations could result in increased costs and require significant attention from Tremont.We have a limited operating history investing in mortgage loans and have made a limited number of target investments to date.We have a limited operating history investing in mortgage loans and have made a limited number of target investments to date.Our ability to achieve our investment objectives depends on our ability to make investments that generate attractive, risk adjusted returns, as well as on our ongoing access to capital and financing on terms that permit us to realize net interest income from our investments.In general, the availability of favorable investment opportunities will be affected by the level and volatility of interest rates in the market generally, the availability of adequate short and long term real estate financing and the competition for investment opportunities.",N/A
"On December 15, 2022, the PCAOB issued a report that vacated its December 16, 2021 determination and removed mainland China and Hong Kong from the list of jurisdictions where it is unable to inspect or investigate completely registered public accounting firms.For this reason, we were not identified as a Commission-Identified Issuer after we filed on April 15, 2023 the annual report on Form 10-K for the fiscal year ended December 31, 2022 and do not expect to be identified as a Commission-Identified Issuer under the HFCAA after we file this annual report on Form 10-K.Each year, the PCAOB will determine whether it can inspect and investigate completely audit firms in mainland China and Hong Kong, among other jurisdictions.If PCAOB determines in the future that it no longer has full access to inspect and investigate completely accounting firms in mainland China and Hong Kong and we continue to use an accounting firm headquartered in one of these jurisdictions to issue an audit report on our financial statements filed with the SEC, we would be identified as a Commission-Identified Issuer following the filing of the annual report on Form 10-K for the relevant fiscal year.Our  current auditor, ARK Pro CPA & CO, is headquartered in Hong Kong.",N/A
"For V-Go, we obtain parts from a small number of suppliers, including some parts and components that are purchased from single-source vendors.Depending on a limited number of suppliers exposes us to risks, including limited control over pricing, availability, quality and delivery schedules.In  addition, we do not have long-term supply agreements with most of our suppliers and, in many cases, we make our purchases on a purchase order basis.Under many of our supply agreements, we have no obligation to buy any given quantity of components, and our suppliers have no obligation to  manufacture for us or sell to us any given quantity of components.Because we do not have long-standing relationships with all of our suppliers, we may not be able to convince them to continue to make components  available to us unless there is demand for such components from their other customers.",N/A
"Unresolved Staff Comments 61 Item 1C. Cybersecurity 61 Item 2. Properties 61 Item 3. Legal Proceedings 62 Item 4. Mine Safety Disclosures 62Item 5. Market for Registrant's Common Equity, Related Stockholder Matters and Issuer Purchases of Equity Securities 63 Item 6. [Reserved] 63 Item 7. Management's Discussion and Analysis of Financial Condition and Results of Operations 64 Item 7A.Quantitative and Qualitative Disclosures About Market Risk 76 Item 8. Financial Statements and Supplementary Data 77 Item 9. Changes in and Disagreements with Accountants on Accounting and Financial Disclosure 102 Item 9A.Controls and Procedures 102 Item 9B.Other Information 102 Item 9C.",N/A
"These loans involve larger loan balances to single borrowers or groups of related borrowers compared to one-to-four family residential mortgage loans.Some segments have shown some signs of weakness as rising expenses and debt costs and lower valuations have impacted credit quality metrics.Vacancy rates have risen in the office sector, which is experiencing significant structural shifts that could take several years to fully materialize as new remote work practices normalize.To the extent that borrowers have more than one commercial real estate loan outstanding, an adverse development with respect to one loan or one credit relationship could expose us to a significantly greater risk of loss compared to an adverse development with respect to a one-to-four family residential real estate loan.Moreover, if loans that are collateralized by commercial real estate become troubled and the value of the real estate has deteriorated significantly, then we may not be able to recover the full contractual amount of principal and interest that we anticipated at the time we originated the loan.",N/A
"The continuing global economic and geopolitical volatility, the COVID-19 pandemic, including any  associated economic and social impacts, increased inflation and measures taken in response to these  events, could harm our business and results of operations.The COVID-19 pandemic has negatively impacted the global economy, disrupted global supply chains, and  created significant volatility and disruption of financial markets.Additionally, the Russian invasion of Ukraine in 2022  has led to further economic disruptions.The conflict has increased inflationary pressures and supply chain  constraints, which have negatively impacted the global economy.Inflationary pressure may result in decreased  demand for our products and services, increases in our operating costs (including our labor costs), reduced liquidity,  and limits on our ability to access credit or otherwise raise capital.",N/A
"There are a limited number of suppliers of these raw materials, and we do not have long-term contracts with these suppliers.Any delays or quality problems in connection with significant raw materials, particularly photomask blanks, could cause delays in the shipments of photomasks, which could have a material adverse effect on our business and results of operations.The fluctuation of foreign currency exchange rates, with respect to prices of equipment and raw materials used in manufacturing, could also have a material adverse effect on our business and results of operations.We have been dependent on sales to a limited number of large customers; the loss of any of these customers or a significant reduction in orders from these customers could have a material adverse effect on our revenues and results of operations.Historically, we have sold a significant proportion of photomasks to a limited number of IC and FPD manufacturers.",N/A
"We may find it difficult to enroll patients in our clinical trials.If we experience delays or difficulties in the enrollment of patients in clinical trials, our receipt of necessary marketing approvals could be delayed or prevented.Table of Contents 46 ● If serious adverse or unacceptable side effects are identified during the development of our product candidates or we observe limited efficacy of our product candidates, we may need to abandon or limit the development of one or more of our product candidates.The outcome of preclinical testing and early clinical trials may not be predictive of the success of later clinical trials, interim results of a clinical trial do not necessarily predict final results, and the results of our clinical trials may not satisfy the requirements of the FDA or comparable foreign regulatory authorities.We may expend our limited resources to pursue a particular product candidate or indication and fail to capitalize on product candidates or indications that may be more profitable or for which there is a greater likelihood of success.",N/A
"Increased  competition in the future could adversely affect our revenue, revenue growth rate, margins and market share.We depend on a limited number of customers for a significant portion of our sales revenue and the loss of, or a significant  shortfall in demand from, these customers could have a material adverse effect on our financial condition and operating results.We receive a significant amount of our sales revenue from a limited number of customers, including distributors, HME  providers, our private label partner, resellers, and charitable organizations.For the years ended December 31, 2023, 2022, and 2021,  sales revenue to our top 10 customers accounted for approximately 25.2%, 30.5% and 27.4%, respectively, of our total revenue.Medicare's service reimbursement programs represented more than 10% of our total revenue for the years ended December 31, 2023,  2022 and 2021.",N/A
"These risks include, but are not limited to, the following: Risks Related to Macroeconomic Conditions • Difficult market and political conditions may reduce the value or hamper the performance of the investments made by our investment products and services or impair the ability of our investment products and services to raise or deploy capital.• Inflation may adversely affect the business, results of operations and financial condition of our investment products and services.• Rapidly rising interest rates could have a material adverse effect on our business and that of our investment products and services' portfolio companies.• Changes in market and economic conditions could lower the value of assets on which we earn revenue and could decrease the demand for our investment solutions and services.• Adverse developments affecting the financial services industry, such as actual events or concerns involving liquidity, defaults or non-performance by financial institutions or transactional counterparties, could adversely affect our current and projected business operations and our financial condition and results of operations.",N/A
"Adverse economic and other conditions may cause  the Company's customers to forego or otherwise postpone purchases in favor of repairing existing equipment.In the event of an increase in the global demand for steel, the Company could be adversely affected if it   experiences shortages of raw castings and forgings used in the manufacturing of its products.With the   continued advancement of certain developing economies, in particular China and India, the global demand for steel  has risen significantly in recent years.The Company selects its suppliers based on a number of criteria, and the  Company expects that they will be able to support its needs.However, there can be no assurance that a significant  increase in demand, capacity constraints or other issues experienced by the Company's suppliers will not result in  shortages or delays in their supply of raw materials to the Company.",N/A
"Risks Related to Our Business and Industry  Our business depends upon the success of our CAR NK cell technology platform.Our success depends on our ability to utilize our chimeric antigen receptor natural killer (""CAR NK"") cell technology platform to generate product  candidates, to obtain regulatory approval for product candidates derived from it, and to then commercialize our product candidates addressing one or more  indications.A Phase 1 clinical trial to evaluate our lead CAR NK cell product candidate, NKX019, in humans with certain hematological malignancies is  ongoing, and preparations for an additional Phase 1 clinical trial for NKX019 in patients with lupus nephritis (""LN"") are underway.Although NKX101 has  also been in a Phase 1 clinical trial for certain hematologic malignancies, we have stopped enrolling new patients in that clinical trial.Although we may  explore our options for implementing certain changes in that program, we cannot guarantee that we will pursue any further development of NKX101 in the  near future or at all.",N/A
"Inflation rates may change  frequently and significantly as a result of various factors, including unexpected shifts in the domestic or global economy and changes in economic policies, and  the Company's investments may not keep pace with inflation, which may result in losses to shareholders.If inflation increases, the real value of our shares and  dividends therefore may decline.In addition, during any periods of rising inflation, interest rates of any debt securities issued by the Company would likely  increase, which would tend to further reduce returns to shareholders.Inflation rates may change frequently and significantly as a result of various factors,  including unexpected shifts in the domestic or global economy and changes in economic policies, and our investments may not keep pace with inflation, which  may result in losses to our shareholders.This risk is greater for fixed-income instruments with longer maturities.",N/A
"Our business model includes the licensing of our TFF Platform to other pharmaceutical companies, however, technology licensing in the pharmaceutical industry is a lengthy process and subject to several risks and factors outside of our control, and we cannot forecast our ability to successfully license our technology or the length of time it takes to establish a new licensing relationship.Our business model includes the joint development of dry powder formulations of proprietary drugs owned or licensed by other pharmaceutical companies.As of the date of this report, we are at various stages of feasibility studies of proprietary drugs owned by multiple U.S. and international pharmaceutical companies.Our involvement with these pharmaceuticals companies typically begins with our formulation of dry powder versions of one or more proprietary drugs owned by the pharmaceutical company, followed by a period of feasibility testing and evaluation of the dry powder formulations by our potential licensee.Assuming the feasibility study is successful, and our dry powder formulation appears to provide the expected benefits, our ability to convert the successful test into a commercial license of our TFF platform is dependent on a number of risks and factors, many of which are outside our control, including:",N/A
"Consequently, an adverse development with respect to one loan or one credit relationship may expose us to a greater risk of loss compared to an adverse development with respect to a one- to four-family residential mortgage loan.At September 30, 2023, nonperforming commercial real estate loans totaled $7.9 million.At September 30, 2023 nonperforming commercial business loans totaled $3.0 million.For more information about the credit risk we face, see “Item 7.Management's Discussion and Analysis of Financial Condition and Results of Operations — Risk Management.”",N/A
"If we are unable to enhance our sales or marketing capabilities, we may not be able to effectively sell or market COSELA or generate substantial product revenues.To achieve commercial success for COSELA, we must continue to develop our sales, marketing, managerial, and other non-technical capabilities.Factors that may inhibit our efforts to commercialize COSELA on our own include: • our inability to retain adequate numbers of effective sales and marketing personnel; • the inability of sales personnel to obtain access to physicians or persuade adequate numbers of physicians to prescribe COSELA; • the lack of complementary drugs to be offered by sales personnel, which may put us at a competitive disadvantage relative to companies with more extensive product lines; and • unforeseen costs and expenses associated with creating an independent sales and marketing organization.If we are not successful in commercializing COSELA, either on our own or through collaborations with one or more third parties, our business, results of operations, financial condition and prospects will be materially adversely affected.41 If market opportunities for COSELA are smaller than we estimate or if any FDA approval that we receive for additional indications for COSELA is based on a narrower definition of the patient population, our revenues may be substantially lower than we estimate.",N/A
"We support  digital transformations, infrastructure modernization, and cybersecurity strategies that will establish the new standard for  performance and safety.Leveraging Anterix solutions, critical infrastructure customers can tackle their most impactful  opportunities, unlocking applications from analytics to automation to edge monitoring and artificial intelligence.Together with  Anterix, customers can build solutions that will scale and evolve with business needs.To that end, we are pursuing a two- pronged strategy focused on: 1) converting our nationwide narrowband 900 MHz spectrum position into valuable broadband  spectrum; and 2) offering long-term leasing of broadband spectrum or other creative solutions in complex system areas to  monetize spectrum and platform services and solutions to utility and critical infrastructure enterprises nationwide.Converting our Nationwide Narrowband 900 MHz Spectrum Position to Broadband Converting our spectrum from narrowband to broadband licenses nationwide is a foundational component of our two- pronged strategy as it provides the underpinning for achieving our business strategy.",N/A
"Our efforts and investments in technology innovation may continue to require significant ongoing research and  development costs and implementation costs and may involve new or unforeseen risks and challenges, including  heightened risks for data and information security, privacy, protection, and copyright infringement and, in the case of  generative AI, potential compliance gaps in an emerging but fragmented regulatory environment.The success of our  approach to technology innovation depends on market acceptance of our solutions and a number of other factors, including  our ability to:  •  deploy funds and resources for investment in technology and innovation;   •  achieve the right balance of strategic investments in existing or developing technology and innovation;  •  timely and effectively develop and implement new or enhanced technology, including integration into current  operations and interaction with existing systems;   •  train our employees to operate the technology and/or achieve appropriate customer, carrier or other desired user  adoption of the technology;   •  adequately anticipate challenges and respond to unforeseen challenges;   •  detect and remedy defects in enhanced or new technology; and  •  recover costs of investment through increased business levels, higher prices, improved efficiencies or other  means, such as licensing or disposing of the developed technology.If we do not pursue technological advances or engage in innovation, if we fail to successfully or timely develop and deploy  enhanced or new technology, or if any enhanced or new technology does not yield the results we expect, or is developed  by others, we may be placed at a competitive disadvantage; lose customers; incur higher than anticipated costs, including  the possible impact of asset impairment or the write-off of software development costs; or fail to meet the goals of our  internal growth strategy, any one of which could materially adversely impact our financial condition and results of  operations.Risks Related to Our BusinessThe loss of or reduction in business from one or more large customers, or an overall reduction in our customer  base, could have a material adverse effect on our business, results of operations, financial condition, and cash flows.",N/A
"Since inception in February 2015, we have incurred significant operating losses.Our net loss was $101.9 million, $68.2 million and $54.6 million for the  years ended December 31, 2023, 2022 and 2021, respectively.As of December 31, 2023, we had an accumulated deficit of $350.8 million.We expect to  continue to incur significant expenses and increasing operating losses for the foreseeable future.Since inception, we have devoted substantially all of our  efforts to research and preclinical and clinical development of our product candidates, as well as to expanding our management team and infrastructure.",N/A
"We may not be able to include these additional costs in the prices of the products we sell.As a result, inflation and sustained higher prices may have a material adverse effect on our results of operations and financial condition.Climate change, and governmental regulations aimed at addressing climate-related issues, may affect conditions to which our business is highly sensitive, many of which could materially and adversely harm our business, results of operations and financial condition.Our business is highly sensitive to commodity prices, in particular, the prices of corn and natural gas.Inclement weather from climate change, including extreme temperatures or drought, may adversely affect growing conditions, which may reduce available corn supplies, our primary production input, and other grain substitutes, driving up prices and thereby increasing our production input costs.",N/A
"It is estimated that approximately 66% and 40% of the patients with OCCC and EOC have the ARID1a mutation, respectively.OCCC is highly malignant, difficult to treat, and has a very poor survival rate due to frequent recurrence after surgery and first-line treatment.First-line treatment consists of platinum-based chemotherapy, for which the reported response rate in relapse/refractory, platinum resistant patients has been observed to be 1%, demonstrating a clear and dire need for a new treatment option for women with OCCC.OCCC represents approximately 10% of all ovarian cancer cases in the United States, with an annual incidence of approximately 2,200 patients.EOC also represents approximately 10% of all diagnosed ovarian cancer cases.",N/A
"Failure to retain our existing senior management team or the inability to attract and retain qualified personnel could hurt our business and inhibit our ability to operate and grow successfully.Our success will continue to depend to a significant extent on the continued service of our executive management team and the ability to recruit, hire and retain other key management personnel, including factory production workers and other staff, to support our growth and operational initiatives and replace those who retire or resign.Failure to retain our leadership team and workforce and to attract and retain other important management and technical personnel could place a constraint on our global Nordson Corporation 11 growth and operational initiatives, possibly resulting in inefficient and ineffective management and operations, which would likely harm our revenues, operations and product development efforts and eventually result in a decrease in profitability.The Company may be subject to risks relating to organizational changes.We regularly execute organizational changes such as acquisitions, divestitures and realignments to support our growth and cost management strategies.",N/A
"Similarly, the DEPSC regulates our public utility companies in  Delaware.We cannot provide assurance as to when we will request approval for any such matter, nor can we predict  whether these Public Utility Commissions will approve, deny or reduce the amount of such requests.Certain costs are not completely within our control.The failure to obtain any rate increase would prevent us from  increasing our revenues and, unless we are able to reduce costs without degrading service quality, would result in  reduced earnings.We are subject to environmental laws and regulations, including water quality and wastewater effluent  quality regulations, as well as other state and local regulations.",N/A
"Information that we furnish to or file with the Securities and Exchange  Commission (the “SEC”), including our annual reports on Form 10-K, quarterly reports on Form 10-Q, current reports on Form 8-K,  proxy statements, and any amendments to, or exhibits included in, those reports or statements are available for download, free of  charge, on our website as soon as reasonably practicable after such materials are filed with or furnished to the SEC.From time to time,  we also post announcements, updates, events, investor information and presentations on our website at http://ir.ncsmultistage.com in  addition to copies of all recent press releases as means of disclosing material non-public information and for complying with our  disclosure obligations under Regulation FD.Reports and statements that we file with or furnish to the SEC, including related exhibits,  are also available on the SEC's website at www.sec.gov.The contents of the websites referred to above are not incorporated into this  filing.References to the URLs for these websites are intended to be inactive textual references only.",N/A
"The La Paz Facility also supplies our gas-fired power units located adjacent to the La Paz Facility (the “La Paz Power Plant”) and could have a maximum capacity of up to 135MW of power.We placed the La Paz Power Plant into service in the third quarter of 2023.Puerto Sandino, Nicaragua –We are developing an offshore liquefied natural gas receiving and storage facility off the coast of Puerto Sandino, Nicaragua, as well as an onshore regasification facility (the “Puerto Sandino Facility”).The Puerto Sandino Facility is expected to supply gas to our new approximately 300MW natural gas-fired power plant in Puerto Sandino, Nicaragua (the “Nicaragua Power Plant”) that we will own and operate.",N/A
"Additional risks and uncertainties not presently known to us or that we deem to be currently immaterial also may impair our business operations.The occurrence of any of the following risks could have a material adverse effect on our business, financial condition and results of operations.Risks Related to our Business and OperationsOur success depends on our ability to anticipate, identify and respond rapidly to changes in consumers' fashion tastes, and our failure to adequately evaluate fashion trends could have an adverse effect on our business strategy, financial condition and results of operations.The apparel industry in general and our core customer in particular are subject to rapidly evolving fashion trends and shifting consumer demands.",N/A
"In addition, upon a default or other failure to perform, or a termination of obligations, by a  capped call counterparty, the company may suffer more dilution than currently anticipated with respect to the company's  common stock.The company can provide no assurances as to the financial stability or viability of the capped call  counterparties.Fluctuations in interest rates could adversely affect the company's results of operations and financial position.The company's profitability has been and may continue to be adversely affected during any periods of unexpected or rapid  increases in interest rates.The company maintains a revolving credit facility, which, at December 30, 2023, bore interest at  1.625% above Secured Overnight Financing Rate (""SOFR"") plus a spread adjustment of 0.10% per annum.",N/A
"A high degree of confidence exists if the quantity is much more likely to be achieved than not, and, as changes due to increased availability of geoscience (geological, geophysical, and geochemical), engineering, and economic data are made to EUR with time, reasonably certain EUR is much more likely to increase or remain constant than to decrease.The technical and economic data used in the estimation of the proved reserves include, but are not limited to, well logs, geologic maps, well-test data, production data (including flow rates), well data (including lateral lengths), historical price and cost information, and property ownership interests.CG&A uses this technical data, together with standard engineering and geoscience methods, or a combination of methods, including performance analysis, volumetric analysis, and analogy.The proved developed reserves and EURs per well are estimated using performance analysis, analogs and volumetric analysis.The estimates of the proved developed reserves and EURs for each developed well are used to estimate the proved undeveloped reserves for each proved undeveloped location (utilizing type curves, statistical analysis, and analogy).",N/A
"Everything we do as a company begins and ends with this purpose in mind, and our culture guides and inspires every decision that we make and every initiative that we launch.Talent, Recruitment and Hiring Our recruitment and hiring strategy is an example of our commitment to serve as a growth engine for Latin America in response to the challenges presented in the last years.It is a privilege and source of pride to continue generating quality employment in Latin America.This year, we achieved a new milestone, surpassing 58,000 employees at MercadoLibre.This year, we welcomed over 17,500 employees across the region, with significant growth in our Technology, Product, and Logistics teams.",N/A
"We estimate the annual addressable U.S. market opportunities for the products in our surgical glaucoma  (""Surgical Glaucoma"") and dry eye (""Dry Eye"") segments are approximately $6.0 billion (with approximately $1.0 billion in the combination cataract  procedure segment, and $5.0 billion in the standalone procedure segment) and $2.5 billion, respectively.The combination cataract procedure market  segment (the “Combination Cataract Market Segment”) is associated with procedures performed on patients with glaucoma in combination with a  cataract procedure (“Combination Cataract Procedures”).The standalone procedure market segment (the “Standalone Market Segment”) is associated  with procedures performed on patients with glaucoma not in combination with a cataract procedure, thus coming to the operating room solely due to their  glaucoma condition (“Standalone Procedures”).Glaucoma, which refers to a group of chronic, often asymptomatic, diseases that damage the optic nerve, is the world's leading cause of irreversible  blindness.Glaucoma does not have a cure and is a progressive disease; if left untreated or insufficiently treated, glaucoma can lead to irreversible  disability and blindness.",N/A
"These recent events will likely impact the timing of the -7 certification, which could affect our order.As more than 1,100 737 MAX aircraft remain in service throughout the world and FAA oversight and Boeing process  improvements should further assure the public regarding safety issues, we continue to believe that the addition of the 737 MAX  aircraft will be safe, reliable and accretive to our profitability.However, negative publicity from these or future events could reflect  poorly on our planned 737 service and our Company.Increases in fuel prices or unavailability of fuel would harm our business and profitability.Fuel costs constituted approximately 30.4 percent of our total operating expenses in 2023.",N/A
"Moreover, we will require additional funds in order to continue operations and for additional clinical trials of AD04, if needed, as well as any additional clinical trials or other development of any products we may acquire or license.Our liquidity may be negatively impacted as a result of a research and development cost increases in addition to general economic and industry factors.We anticipate that, to the extent that we require additional liquidity, it will be funded through the incurrence of other indebtedness, additional equity financings or a combination of these potential sources of liquidity.In addition, we may raise additional funds to finance future cash needs through grant funding and/or corporate collaboration and licensing arrangements.If we raise additional funds by issuing equity securities or convertible debt, our stockholders will experience dilution.",N/A
"We may become involved in litigation, including securities class action litigation, that could divert management's attention and harm the company's  business, and insurance coverage may not be sufficient to cover all costs and damages.In the past, litigation, including securities class action litigation, has often followed certain significant business transactions, such as the sale of a company  or announcement of any other strategic transaction, or the announcement of negative events, such as negative results from clinical trials.These events may  also result in investigations by the SEC.We may be exposed to such litigation even if no wrongdoing occurred.Litigation is usually expensive and diverts  management's attention and resources, which could adversely affect our business and cash resources and our ability to consummate a potential strategic  transaction or the ultimate value our stockholders receive in any such transaction.",N/A
"• Phase 2 — Phase 2 clinical trials typically involve administration of the investigational product to a limited patient population with a  specified disease or condition to evaluate the drug's potential efficacy, to determine the optimal dosages and dosing schedule and to identify  possible adverse side effects and safety risks.• Phase 3 — Phase 3 clinical trials typically involve administration of the investigational product to an expanded patient population to further  evaluate dosage, to provide statistically significant evidence of clinical efficacy and to further test for safety, generally at multiple  geographically dispersed clinical trial sites.These clinical trials are intended to establish the overall risk/benefit profile of the investigational  product and to provide an adequate basis for product approval and physician labeling.Generally, two adequate and well-controlled Phase 3  trials are required by the FDA for approval of an NDA.In 2022, we received clearance of our IND application for TNG908 to initiate a Phase 1/2 clinical trial.",N/A
"Certain of these circumstances can  also lead to volatility within our utilization, which typically varies more than 10% on an annual basis and even more  substantially quarter-to-quarter.Pandemics, epidemics or disease outbreaks, such as the COVID-19 virus, have disrupted and are continuing to disrupt our  business and the business of NCM LLC's network theaters, which has and could continue to materially affect our  operations, liquidity and results of operations.Pandemics or disease outbreaks such as the COVID-19 virus, including variants, have and are continuing to disrupt our  business and the business of NCM LLC's network theaters.There can be no assurance that the COVID-19 Pandemic and  associated impacts will not return in the future, or a future pandemic will not lead to public safety restrictions or consumer  behavior that will negatively impact our business, advertiser sentiment, or audience attendance.In-theater advertising revenue and overall theatrical attendance has remained below historical levels since the start of the  COVID-19 Pandemic even though certain released films achieved attendance that was comparable to levels prior to the  COVID-19 Pandemic.",N/A
"Achieving and sustaining compliance with these laws may prove costly.The risk of our being found in violation of these laws and regulations is increased by the fact that many of them have not been fully interpreted by regulatory authorities or the courts, and their provisions are sometimes complex and open to a variety of interpretations.It is unknown, whether, when or how the laws, or the interpretation thereof, will change in the future and impact our business, financial condition, cash flows, and results of operations.In addition, some of the governmental and regulatory bodies that regulate us may consider enhanced or new regulatory requirements or may seek to exercise their supervisory or enforcement authority in new or more robust ways.Any of these possibilities, if they occur, could adversely affect us.",N/A
"17 Total consumer spending may not continue to increase at historical rates due to slowed production growth and shifts in  population demographics, and it may not increase in certain product categories given changes in consumer interests and participation  rates.Our results of operations could be negatively affected if consumer spending on sporting goods and outdoor recreation products  or sports participation rates decline.Our business is highly dependent upon our ability to purchase brand name merchandise from our vendors at competitive prices.We cannot guarantee that we will be able to acquire such brand name merchandise at competitive prices or on competitive terms in  the future.In this regard, brand name merchandise that is in high demand may be allocated by brand name vendors based upon the  vendors' internal criterion which is beyond our control.",N/A
"We utilize warehouse facilities to fund originated loans.When we sell originated mortgage loans to secondary market investors, we generally retain the servicing rights on mortgage loans sold.The mortgage loans are typically sold within 30 days of origination in order to both mitigate credit risk and minimize the capital required.The majority of our mortgage loans were sold to, or were sold pursuant to, programs sponsored by Fannie Mae, Freddie Mac or Ginnie Mae.Direct-to-Consumer Channel",N/A
"If we cannot maintain sufficient production, warehousing, and distribution capacity, either internally or through third party agreements, we may be unable to meet customer demand and/or our manufacturing, distribution, and warehousing costs may increase, which could negatively affect our business.Furthermore, damage or disruption to our manufacturing or distribution capabilities due to weather, natural disaster, fire, environmental incident, terrorism, cybersecurity threats and other security breaches, pandemic, strikes, the financial or operational instability of key distributors, warehousing, and transportation providers, or other reasons could impair our ability to manufacture or distribute our products.We rely on a limited number of production and distribution facilities.A disruption in operations at any of these facilities or any other disruption in our supply chain relating to common carriers, supply of raw materials and finished goods, or otherwise, whether as a result of casualty, natural disaster, power loss, telecommunications failure, cybersecurity threat, terrorism, labor shortages, contractual disputes or other causes, could significantly impair our ability to operate our business and adversely affect our relationship with our customers.Furthermore, our insurance coverage may not be adequate to cover all related costs.",N/A
"Other man-made events, such as hydraulic fracturing, could cause damage from  earth movement or create environmental and/or health hazards.Natural peril catastrophe events to which we have  been exposed in the past, and may be exposed in the future, include, but are not limited to, hurricanes, severe  winter weather, wildfires, earthquakes, landslides and severe convective storm effects such as tornadoes,  windstorms, hailstorms and flooding.Due to the nature of these events, we are unable to predict precisely the  frequency, severity or potential cost of catastrophe occurrences.The extent of losses from a catastrophe is a function of both the total amount of insured and reinsured exposure in  the area affected by the event and the severity of the event.Our ability to appropriately manage catastrophe risk  depends partially on catastrophe models, which may be affected by inaccurate or incomplete data, the uncertainty  of the frequency and severity of future events and the uncertain impact of climate change.",N/A
"If we do raise additional capital through public or private equity or convertible debt offerings, the ownership interest of our existing stockholders will be diluted, and the terms of these securities may include liquidation or other preferences that adversely affect our stockholders' rights.If we raise additional capital through debt financing, we may be subject to covenants limiting or restricting our ability to take specific actions, such as incurring additional debt, making capital expenditures or declaring dividends.Moreover, the issuance of additional securities by us, whether equity or debt, or the market perception that such issuances are likely to occur, could cause the market price of our common stock to decline.We do not expect to realize revenue from product sales or royalties from licensed products for the foreseeable future, if at all, and unless and until our current and potential future product candidates are clinically tested, approved for commercialization and successfully marketed.Our streamlining of business operations, including workforce reduction and re-prioritization plan announced in January 2024, may not result in anticipated savings, could result in total costs and expenses that are greater than expected and could disrupt our business.",N/A
"We can provide no assurances that we will achieve or maintain Adjusted EBITDA profitability in the future, on a  quarterly or annual basis, or that we will ever achieve profitability on a GAAP basis.While we remain focused on operating efficiently, our expenses will likely increase in the future as we develop and launch  new offerings and platform features, expand in existing and new markets and continue to invest in our platform and customer  engagement.In addition, certain costs, such as insurance and driver pay and incentives have increased or fluctuated as a result of the  COVID-19 pandemic, macroeconomic factors and the development and maturation of our business and the rideshare industry and may  continue to do so.We may be unable to accurately predict these costs and our investments may not result in increased revenue or  growth in our business.For example, we have incurred and will continue to incur additional costs and expenses associated with the  passage of Proposition 22 in California, HB 2076 in Washington and implementation of operational changes as part of an agreement  with the New York Attorney General, including providing drivers in these states with new earnings opportunities and protections,  including contributions towards on-the-job injury insurance, other benefits and minimum guaranteed earnings.",N/A
"We believe our leadership team's more than 20 years of experience in VBC and population health management, combined with our strong payor relationships, large community-based physician networks and custom technology platform uniquely position us to empower physicians, align incentives for healthcare providers and payors and improve the clinical outcomes for the communities we serve.As fellow healthcare professionals, we understand the challenges physicians face when providing VBC.We have leveraged that expertise to build our “P3 Care Model.”The key attributes that differentiate P3 include: 1) patient centricity, 2) physician leadership, and 3) our delegated/integrated care model.Tactically, we typically leverage the community's existing healthcare infrastructure to build a strong network of local physicians.",N/A
"These conditions make it extremely difficult for us and our suppliers to accurately forecast and plan future business activities.Additionally, a significant downturn in the domestic or global economy may cause our existing customers to pause or delay orders and prospective customers to defer new projects.Together, these circumstances create an environment in which it is challenging for us to predict future operating results, particularly for our new Arculus business.If these uncertain business, macroeconomic or political conditions continue or further decline, our business, financial condition and results of operations could be materially adversely affected.Pandemics or a resurgence of a pandemic may adversely affect our business, financial condition, liquidity or results of operations.",N/A
"Negative public opinion can result from the Company's actual or alleged conduct in any number of activities, including trading  practices, corporate governance and acquisitions, DEI issues, social media and other marketing activities, and actions taken by  governmental regulators and community organizations in response to any of the foregoing.Negative public opinion could  adversely affect the Company's ability to attract and maintain clients, could expose the Company to potential litigation or  regulatory action, and could have a material adverse effect on its share price or result in heightened volatility.Operational Risks Cybersecurity attacks could prevent the Company from managing client portfolios, cause the unauthorized disclosure of  sensitive or confidential client or employee information or result in misappropriation of information or funds, each of which  could severely harm its business.As part of its business, the Company collects, processes, and transmits sensitive and confidential information about its clients  and employees, as well as proprietary information about its business.The Company has policies and procedures pursuant to  which it takes numerous security measures to prevent cyberattacks of various kinds as well as fraudulent and inadvertent  activity by persons who have been granted access to such sensitive or confidential information.",N/A
"(3) Until September 7, 2023 Richard Hornstrom owned a redeemable limited liability company interest in GIPIL 525 S Perryville Rd, LLC.The Company has since purchased Mr.  Hornstrom's interest and as of the reporting date owns 100% of the entity.(4) On August 10, 2023 the company acquired a 13 property portfolio, now GIP13, LLC, from Modiv Inc. for a purchase price of $42 million.The acquired portfolio consists of  eleven (11) retail and two (2) office properties.Business Objectives and Investment Strategy",N/A
"These changes may impact the services we provide to our clients or the  processes we have in place to support our operations, which could have an adverse effect on our business.We could be subject to reduced revenues, increased costs, liability claims, or harm to our reputation as a result of data theft, cyberattacks or other  security vulnerabilities.The nature of our business involves the receipt, storage, and transmission of personal and proprietary information about thousands of employees and clients.Attacks on information technology systems continue to grow in frequency and sophistication, and we and our third-party vendors are targeted by unauthorized  parties using malicious tactics, code, and viruses.Hardware or applications we develop or procure from third-party vendors may contain defects in design or  other problems that could unexpectedly compromise the confidentiality, integrity or availability of data or our systems.",N/A
"Risks Related to Ownership of Our Common Shares • Litigation and legal proceedings against us or our subsidiaries could have a material adverse effect on our business, financial condition and/or results of operations.There is no guarantee that our evaluation of strategic alternatives will result in any particular outcome, and the perceived uncertainties related to the Company could adversely affect our business and our shareholders.The sale of JRG Re is subject to closing conditions and there can be no assurance that these conditions will be satisfied on the timeline we expect or at all, the sale of JRG may be terminated in certain circumstances, including the failure of the buyer to obtain required financing, and a portion of the consideration for the sale of JRG Re is a pre-closing dividend that is subject to the availability of unencumbered assets of JRGThe identification of material weaknesses or the failure to otherwise maintain effective internal controls may result in material misstatements in our financial reporting and/or cause us to fail to meet our periodic reporting obligations.The amount of dividends that we may pay to our common shareholders is subject to restriction pursuant to the terms of the Series A Preferred Shares, and we cannot assure you that we will declare or pay dividends on our common shares in the future.",N/A
"On July 31, 2017, we changed our corporate name from “The Female Health Company”  to “Veru Inc.” reflecting our focus on developing and commercializing biopharmaceutical products.Our strategy focuses primarily on the clinical development and commercialization of novel medicines for metabolic  diseases, metastatic breast cancer, and viral-induced ARDS.In addition, we seek to operate and grow our sexual  health program to help fund our clinical development efforts.We will need substantial capital to support our drug  development and any related commercialization efforts for our drug candidates.The key elements of our strategy  are:",N/A
"Designing MRI compatible medical devices that operate safely and effectively in the MR environment requires overcoming significant technical hurdles.Intravenous fluids and vital signs monitoring are needed during MRI procedures for many different reasons.Infusion pumps provide sedation to patients who are not able to remain immobile during an MRI scan and to deliver a continuous flow of critical medications to seriously ill patients, including those from critical care departments.Given the benefits to patient safety, radiology departments performing the scan, anesthesia departments delivering sedation and critical care specialists responsible for delivering critical medications during MRI procedures often initiate requests for an MRI compatible IV infusion pump.Additionally, the Joint Commission on Accreditation of Healthcare Organizations requires monitoring of a patient's vital signs while under sedation.",N/A
"We have incurred substantial debt, which could impair our flexibility and access to capital and adversely affect our financial position, and our business would be materially  adversely affected if we are unable to service our debt obligations.As of December 31, 2023, the principal amounts due under our debt instruments (including the Debt Agreement, as further described under the section entitled “Management's  Discussion and Analysis of Financial Condition and Results of Operations”) totaled $17.3 million.Servicing our debt requires a significant amount of cash.Our debt is subject to floating interest rates set in relation to the prime rate.Increases in interest rates have made and  may continue to make our debt service costs increase.",N/A
"Distinctive brand and engaging shopping experience.Our distinctive and often self-deprecating humor and highly recognizable caricatures are used in our stores, flyers, mailers, website and email campaigns.We attempt to make our customers laugh as we poke fun at ourselves and current events.We believe this approach creates a strong connection to our brand and sets us apart from other, more traditional retailers.Our ‘‘semi-lovely'' stores feature these same brand attributes together with witty signage in a warehouse format that creates a fun, relaxed and engaging shopping environment.",N/A
"We produce, edit, curate and stream live music events through (i) broadband transmission over the Internet and/or satellite networks to our users throughout the world, where permitted (“Digital Live Events”) both advertisers supported and PPV events, and (ii) physical ticket sales of on-location music events and festivals at a variety of indoor clubs and outdoor venues and arenas (“On-premise Live Events”).These services allow our users to access live music content in person and over the Internet, including the ability to chat and communicate over our platform.LiveOne provides Digital Live Events for free to our users; however, beginning in May 2020 we launched PPV capabilities and began charging our users to view certain Digital Live Events.We monetize these live events through third party advertising and sponsorship, including with brands such as Volkswagen, Hyundai, Facebook, Tik Tok, Porsche, and Pepsi, and selling territorial licensing rights to Tencent in China and Ocesa in Mexico.Our cost structure varies by music event, and may include set upfront fees/artist guarantees, the amount of which is often dependent on specific artist.",N/A
"Similarly, our Commercial Services business may be materially impacted if there is an unfavorable shift in political support for or public sentiment towards tolling or its use is materially restricted or limited, including through the imposition of limits on the fees RAC companies can charge their customers for tolling or violation processing services.Any material restriction or limitation on the use of automated enforcement or material reduction in its use in the markets we serve, or any similar changes with respect to tolling, could have a material adverse effect on our ability to recoup our investments, and negatively impact our business, financial condition and results of operations.Further, our relationships and commercial account agreements with tolling authorities, issuing authorities, motor vehicle departments and other governmental agencies significantly enhances and enables our service offerings, and changes in those relationship or agreements could significantly adversely impact our business.We face intense competition and any failure to keep up with technological developments, changing customer preferences and new laws and policies could have a material adverse effect on our business.The markets for our solutions are increasingly competitive, rapidly evolving and fragmented, and are subject to changing technology, shifting customer needs, contract renewals and new laws and policies.",N/A
"We generally continue to receive the commission payment from the relevant insurance carrier until the health insurance plan is cancelled or we otherwise do not remain the agent on the plan.Medicare Advantage and Medicare Part D prescription drug plan pricing is approved by the Centers for Medicare and Medicaid Services (“CMS”), an agency of the United States Department of Health and Human Services, and is not subject to negotiation or discounting by health insurance carriers or our competitors.Similarly, Medicare Supplement plan pricing is set by the health insurance carrier and approved by state regulators and is not subject to negotiation or discounting by health insurance carriers or our competitors.Employer and Individual Segment We actively market individual and family health insurance plans (“IFP”) and small business health insurance plans through our ecommerce platform, which can be accessed through our websites (www.eHealth.com and www.eHealthInsurance.com), and generate revenue as a result of commissions we receive from health insurance carriers whose health insurance plans are purchased through us, as well as commission override payments we receive for achieving sales volume thresholds or other objectives.In addition, we market a variety of ancillary products, including but not limited to, short-term, dental and vision plans.",N/A
"Many of our contractual agreements with FIs and certain other customers require the payment of penalties if we do not meet certain operating standards.Our systems and operations or those of our third-party providers could be exposed to damage or interruption from, among other things, fire, natural disaster, power loss or telecommunications failure.The payment processing industry is highly competitive and such competition is likely to increase, which may adversely influence the prices we can charge to merchants for our services and the compensation we must pay to our distribution partners, and as a result, our profit margins.The payment processing industry is highly competitive.We primarily compete in the SMB merchant industry.",N/A
"Using programmatic inventory buying tools, advertisers are able to automate their campaigns, providing them with better price discovery on an impression-by-impression basis.As a result, advertisers are able to bid on and purchase the advertising inventory they value the most, pay less for advertising inventory they do not value as much and abstain from buying advertising inventory that does not fit their campaign parameters.Digital Advertising EcosystemThe digital advertising ecosystem is divided into buyers, sellers and marketplaces, which can be further segmented on the basis of whether participants provide services or technology.We believe that participants on the buy side or sell side should be advocates for their buyers or sellers, while those in the marketplace business should act as a referee or have market-driven incentives to protect or enhance the integrity of the marketplace.",N/A
"Unfavorable changes in demographics,  credit markets, consumer confidence, housing affordability, or housing inventory levels and occupancy, or a  weakening of the U.S. economy or of any regional or local economy in which we operate, could adversely affect  consumer spending, resulting in decreased demand for our products, and adversely affecting our business.In  addition, instability in the economy and financial markets, including as a result of terrorism or civil or political  unrest, may result in a decrease in housing starts or business investment, which would adversely affect our  business.Seasonality and weather-related conditions may have a significant impact on our financial results from period  to periodThe demand for building materials is heavily correlated to both seasonal changes and unpredictable weather  patterns.Seasonal demand fluctuations are expected, such as in quarters ending March 31, when winter  construction cycles and cold weather patterns have an adverse impact on new construction and re-roofing  activity.",N/A
"We cannot assure you that our U.S. distributors will commit sufficient time and resources to promote and market our brands and product lines.If they do not, our sales will be harmed, resulting in a decline in our results of operations.Failure of our products to secure and maintain listings in the control states would result in a decline in revenue.In the control states, the state liquor commissions act in place of distributors and decide which products are to be purchased and offered for sale in their respective states.Products selected for listing in control states must generally reach certain sales volumes and/or profit levels to maintain their listings.",N/A
"Risks Related to Our Business and Industry Our operating results fluctuate on a quarterly and annual basis.Our revenue, earnings, margins and other operating results have fluctuated significantly in the past and may fluctuate significantly in the future.Historically, worldwide semiconductor industry sales have tracked the impacts of financial crises, subsequent recoveries and persistent economic uncertainty.Recent global economic slowdowns could continue and potentially result in certain economies dipping into economic recessions, including the United States.If demand for our products fluctuates as a result of economic conditions or for other reasons, our revenue and profitability could be impacted.",N/A
"In 2023, we sold our products through approximately 60 retailers in more than 20 countries throughout the world.Direct to Consumer Channel Leveraging our Digital CapabilitiesWe sell our products directly to consumers through our branded website, Olaplex.com, and third-party e-commerce platforms, including Amazon and pure play beauty and wellness partners.We believe that one of the key differentiators of our business is a powerful innovation platform.We conduct research in our OLAPLEX laboratory and employ a dedicated in- house research and development team, which includes scientists, product and packaging innovation specialists, and regulatory and compliance experts.",N/A
"The value and opportunity we provide to agents has led to our rapid growth to 1,226 operating franchise locations.Carrier perspective Insurance carriers are seeking profitable growth, and their focus is on maximizing the ratio of client lifetime value to acquisition costs.Carriers who distribute through independent agents have lots of complexity and costs dealing with thousands of independent representatives with no standard training, different levels of expertise, and no quality control functions.Working with Goosehead allows them to have scale distribution with a single point of contact.Goosehead handles all training and enforces standards through a centralized quality control team.",N/A
"Our small size may make it more difficult for us to compete.Our asset size may make it more difficult to compete with other financial institutions that are larger and can more easily afford to invest in the marketing and technologies needed to attract and retain customers.Accordingly, we are not always able to offer new products and services as quickly as our competitors.Lower earnings may also make it more difficult to offer competitive salaries and benefits.In addition, our smaller customer base may make it difficult to generate meaningful non-interest income from such activities as securities and insurance brokerage.",N/A
The Company provides payers with a comprehensive approach to meeting their pharmacy service needs and  providing a cost-effective solution.The Company's provision of infusion pharmacy services in the patient's home or at  one of its local ambulatory infusion suites offers a lower cost alternative to providing these therapies in a hospital  setting.The Company also provides payers with utilization and outcome data to evaluate therapy effectiveness.The Company provides providers with timely patient clinical support by providing care management  related to their patients' pharmacy needs and improving compliance with therapy protocols.The Company eliminates  the need for providers to carry inventories of high-cost prescriptions by distributing the medications directly to  patients' homes.,N/A
"Any increase in the price of components used in our products will adversely affect our gross margins.We are subject to order and shipment uncertainties.If we are unable to accurately predict customer demand, we may hold excess or obsolete inventory, which would reduce our gross margin.Conversely, we may have insufficient inventory or be unable to obtain the supplies or contract manufacturing capacity to meet that demand, which would result in lost revenue opportunities and potential loss of market share as well as damaged customer relationships.We typically sell products pursuant to purchase orders rather than long-term purchase commitments.",N/A
"These  reports are posted as soon as practical after they are electronically filed with the SEC.We caution that the information on our website  is not part of this or any other reports we file with, or furnish to, the SEC.We compete in the casual dining segment of the domestic restaurant industry, which is a large, highly fragmented segment with  estimated annual sales in the $100+ billion range.We believe that the BJ's restaurant concept offers consumers a high quality,  contemporary, “polished casual” dining experience in a high-energy environment, with a diversified menu and a best-in-class bar  statement.Our primary business objective is to increase our market share in the casual dining restaurant industry by consistently  delivering on our “Gold Standard of Operational Excellence” promise to our guests, which is our genuine commitment to take pride in  passionately connecting with every guest on every visit, through flawless and relentless execution of every detail, during every shift,  to create and keep fanatical fans of BJ's.",N/A
"COVID-19 has disrupted and any future viral outbreak or health pandemic could disrupt the global supply chain, which could have a material adverse effect on the Company's ability to secure raw materials and supplies and could result in increased costs and the loss of sales and customers.The impact of COVID-19 or any other viral outbreak or health pandemic could potentially exacerbate all the risks discussed and lead to the creation of new risks, any of which could have a material adverse effect on the Company's business, operating results and financial condition.The duration and scope of 12 the any future viral outbreak or health pandemic cannot be predicted, and therefore, any anticipated negative financial impact to the Company's operating results cannot be reasonably estimated.Business, Operations and Human Capital RisksThe Company's business could suffer if the Company fails to offer quality products and a high level of customer service, as well as develop and successfully introduce new and enhanced products that meet the changing needs of the Company's customers.",N/A
"Future cost containment initiatives undertaken by payors may limit our future revenue and profitability.Our managed care revenue and profitability may be affected by continuing efforts of third-party payors to maintain or reduce costs of healthcare by lowering payment rates, narrowing the scope of covered services and network providers, increasing case management review of services and negotiating pricing.In addition, sustained unfavorable economic conditions may affect the number of patients enrolled in managed care programs and the profitability of managed care companies, which could result in reduced revenue due to reduced reimbursement for our services.There can be no assurance that third-party payors will make timely payments for our services, not seek recoupment of payments on grounds that may or may not be valid, or that we will continue to maintain our current payor or revenue mix.We are continuing our efforts to develop our private pay sources of revenue.",N/A
"Our efforts to grow our business may be more costly than we expect, and we may not be able to increase our revenues enough to offset our increased operating expenses.We expect to incur losses on a GAAP basis for the foreseeable future as we continue to invest in product development, and we cannot predict whether or when we will achieve or sustain profitability on a GAAP basis.If we are unable to achieve and sustain profitability, the value of our business and common stock may significantly decrease.If we are unable to attract new customers or continue to broaden our existing customers' use of our solutions, our revenue growth will be adversely affected.To increase our revenues, we will need to continue to attract new customers and succeed in having our current customers expand the use of our solutions across their institution.",N/A
"We  may never succeed in these activities and, even if we do, may never generate product revenue or revenues that are significant or large enough to achieve  profitability.If we are unable to generate sufficient revenue through the sale of any approved products, we may be unable to continue operations without  additional funding.We have incurred significant net losses in each period since inception.Our net losses were $43.6 million and $28.5 million for the years ended  December 31, 2023 and 2022, respectively.We expect to continue to incur significant losses for the foreseeable future.",N/A
"As a result, we are ceasing future development efforts on AUR200 and AUR300.Correspondingly, we expect to take a restructuring charge of approximately $11 - $15 million in the first quarter of 2024.The Company anticipates reducing employee headcount by at least 25% by the end of the first quarter of 2024.There is no planned reduction in headcount in commercial or commercial supporting roles.The charge will primarily be made up of severance costs, contract termination costs and other costs associated with terminating the programs.",N/A
"The symbols ™ and ® are not used in connection with the presentation of these trademarks in this report and their absence does not indicate a  lack of trademark rights.Certain other trademarks used in this report are the property of third-party trademark owners and may be presented with or  without trademark references.All brand names or trademarks appearing in this report are the property of their respective owners.Unless the context requires otherwise,  references in this report to “Akero,” the “Company,” “we,” “us” and “our” refer to Akero Therapeutics, Inc. and its subsidiary.PART I Item 1.  Business Overview",N/A
"Several of our existing and potential competitors are significantly larger than we are and may have greater  financial, marketing, distribution and customer support resources and may have significantly broader brand  recognition, especially in certain markets.In addition, some of our competitors have more resources and experience  in developing or acquiring new products and technologies and creating market awareness for these offerings.Further, certain competitors may be able to develop new products more quickly than we can and may be able to  develop products that are more reliable or that provide more functionality than ours.In addition, some of our  competitors have the financial resources to offer competitive products at aggressive or below-market pricing levels,  which could cause us to lose sales or market share or require us to lower prices of our products in order to compete  effectively.Suppliers of solar products, particularly solar modules, have experienced eroding prices over the last  several years and as a result many have faced margin compression and declining revenues.",N/A
"This information is based on third-party sources, which we believe to be reliable.We have not  independently verified data from these sources and cannot guarantee their accuracy or completeness.While we are not aware of any misstatements regarding industry data  provided herein, our estimates involve risks and uncertainties and are subject to change based upon various factors, including those discussed in this Annual Report under  “Forward-Looking Statements” and Part I, Item 1A.Additionally, some data in this Annual Report is based on our good faith estimates, which are derived from  management's knowledge of the industry and independent sources.Similarly, we believe our internal research is reliable, however, such research has not been verified by any  independent sources.",N/A
"There are risks inherent in making any loan, including risks inherent in dealing with individual borrowers, risks  of nonpayment, risks resulting from uncertainties as to the future value of collateral and cash flows available to service  debt and risks resulting from changes in economic and market conditions.We cannot guarantee that our credit  underwriting, credit monitoring, and risk management procedures will adequately reduce these credit risks, and they  cannot be expected to completely eliminate our credit risks.If the overall economic climate in the United States,  generally, or our market areas, specifically, declines, our borrowers may experience difficulties in repaying their loans,  and the level of nonperforming loans, charge-offs and delinquencies could rise and require further increases in the  provision for credit losses, which would cause our net income, return on equity and capital to decrease.Nonperforming assets take significant time to resolve and adversely affect our results of operations and financial  condition, and could result in further losses in the future.Our nonperforming assets adversely affect our net income in various ways.",N/A
"We also generally open additional new stores  throughout the year.Therefore, the results of operations for any interim period cannot be considered indicative of the  operating results for an entire year.In the restaurant industry, substantially all sales are either for cash or third-party credit card.Therefore, like many  restaurant companies, we are able to, and often do, operate with negative working capital.13  purchased through our principal food distributor are on terms of net zero days, while other restaurant inventories  purchased locally generally are financed through trade credit at terms of 30 days or less.",N/A
"Data from the 208 patients randomized in the study showed that barzolvolimab achieved the primary efficacy endpoint, with a statistically significant mean change from baseline to week 12 in UAS7 compared to placebo at all dose levels.Secondary and exploratory endpoints in the study were also achieved at week 12 and strongly support the primary endpoint results, including changes in ISS7 and HSS7 and responder analyses.Importantly, barzolvolimab demonstrated rapid, durable and clinically meaningful responses in patients with moderate to severe CSU refractory to antihistamines, including patients with prior omalizumab treatment.Demographics and baseline disease characteristics were well balanced across treatment groups.The majority of patients on study had severe disease (UAS7≥28).",N/A
"This enables us to deepen our capabilities, 7 Table of Contents target new clients and drive meaningful growth.We partner with other third-party product and service companies to expand our execution capabilities as well as identify additional client opportunities.• Pursue strategic, targeted acquisitions.Our historic growth has been predominantly organic and we expect this to continue.Going forward, we believe there is further opportunity to augment our business by selectively pursuing acquisitions that broaden our service offerings, add leading talent, expand our client base and addressable market and enhance the depth of our capabilities in all of our verticals and geographies.",N/A
"Clinical Pipeline: Focus on Rare Metabolic DiseasesRare metabolic diseases often result from inherited defects or alterations in specific enzymes or other biological pathways that normally break down  or produce important metabolites or molecules.In patients with these diseases, the absence or impairment of certain enzymes causes potentially toxic  metabolites to accumulate.In patients with PKU and HCU, the build-up of these metabolites can reach toxic levels, resulting in life-threatening medical  risks and/or serious developmental delays, life-altering disease burden and symptoms.While there are approved and available pharmaceutical products for  both diseases, they present significant limitations in terms of both safety and efficacy, leaving patients often under-managed, attempting to control their  disease through a restrictive regimen of diet, medical formula and medical foods, and/or experiencing significant symptoms or risk of dangerous  complications.",N/A
"To conduct our business, we rely extensively on information technology systems, networks and services, some of which are managed, hosted and provided by third-party service providers.Increased global information technology security threats, more sophisticated and targeted computer crime and cyberterrorism pose a risk to the security of our systems and networks and those of our third-party service providers and the confidentiality, availability and integrity of our data.Depending on their nature and scope, such threats could potentially lead to the compromising of confidential information, including but not limited to confidential information relating to customer or employee data, improper use of our systems and networks, manipulation and destruction of data, defective products, production downtimes and operational disruptions, which in turn could adversely affect our reputation, competitiveness and results of operations.A cyber-attack or other disruption may also result in financial loss, including potential fines for failure to safeguard data or losses in connection with any litigation that may result from a cyber-attack.Our insurance coverage may not be adequate to cover all the costs arising from such events.",N/A
"You should, therefore, not rely on these forward-looking statements as representing our views as of any date subsequent to the  date of this Annual Report.We have proprietary rights to a number of trademarks used in this Annual Report which are important to our business, including Clearside, XIPERE,  SCS, SCS Microinjector and the Clearside logo.Solely for convenience, the trademarks and trade names in this prospectus are referred to without the ®  and TM symbols, but such references should not be construed as any indicator that their respective owners will not assert, to the fullest extent under  applicable law, their rights thereto.All other trademarks, trade names and service marks appearing in this Annual Report are the property of their respective  owners.The risk factors summarized below could materially harm our business, operating results, and/or financial condition, impair our future prospects  and/or cause the price of our common stock to decline.",N/A
"Our hotel  management and franchise agreements may be subject to premature termination in certain circumstances, such as the  bankruptcy of a hotel owner or franchisee, the failure of a hotel owner or franchisee to comply with its payment or other  obligations under the agreement, a failure under some agreements to meet specified financial or performance criteria which we  do not cure, or in certain limited cases, other negotiated contractual termination rights.Property owners may assert the right to11 terminate management agreements even where the agreements provide otherwise, and some courts have upheld such assertions  about our management agreements and may do so in the future.When terminations occur for certain of these or other reasons,  we may need to enforce our right to damages for breach of contract and related claims, which may cause us to incur significant  legal fees and expenses.We may have difficulty collecting damages from the hotel owner or franchisee, and any damages we  ultimately collect could be less than the projected future value of the fees and other amounts we would have otherwise collected  under the management or franchise agreement.",N/A
"The difficulties of integration may be increased by the necessity of integrating personnel with disparate business backgrounds and  combining different corporate cultures.We also may not be able to retain key employees or customers of an acquired business or  realize cost efficiencies or synergies or other benefits that we anticipated when selecting our acquisition candidates.Acquisition  candidates may have liabilities or adverse operating issues that we fail to discover through due diligence prior to the acquisition.We may need to record write-downs from future impairments of goodwill or other intangible assets, which could reduce our  future reported earnings.Geopolitical conflicts, including the conflict between Russia and Ukraine, may adversely affect our  business and results of operations.",N/A
"• “Founders” refers to David Bonderman and James G. (“Jim”) Coulter.• “GP LLC” refers to TPG GP A, LLC, the owner of the general partner of TPG Group Holdings.• “GP Services Credit Facility” refers to the agreement whereby TPG Holdings I, L.P., TPG Holdings II Sub, L.P., TPG Holdings II, L.P., TPG Holdings III, L.P. and certain of our other wholly-owned subsidiaries agreed to guarantee the revolving credit facility entered into between GP Services (as defined herein) and a financial institution.• “IPO” refers to our initial public offering of Class A common stock of TPG Inc. that was completed on January 18, 2022.• “nonvoting Class A common stock” refers to the nonvoting Class A common stock of TPG Inc., which has no voting rights and is convertible into shares of Class A common stock upon transfer to a third party as and when permitted by the Investor Rights Agreement.",N/A
"We have completed positive Phase 2 and positive Phase 3 COVID-19 clinical trials, which have  demonstrated that sabizabulin treatment resulted in a mortality benefit in hospitalized moderate to severe patients  with COVID-19 viral lung infection at high risk for ARDS and death.The FDA granted Fast Track designation to  our COVID-19 program in January 2022.On May 10, 2022, we had a pre-EUA meeting with the FDA to discuss  next steps including the submission of an EUA application regarding sabizabulin for COVID-19.In June 2022, we  submitted a request for FDA Emergency Use Authorization.In February 2023, the FDA declined to grant our request  for Emergency Use Authorization for sabizabulin.",N/A
"Risks Related to Our Reliance on Third Parties  •We plan to rely on third parties to conduct our clinical trials.If these third parties do not properly and successfully carry out their contractual  duties or meet expected deadlines, we may not be able to obtain regulatory approval of or commercialize our product candidates.We have in the past and may in the future form or seek collaborations or strategic alliances or enter into additional licensing arrangements,  and we may not realize the benefits of such collaborations, alliances or licensing arrangements.General Risk Factors • Rising inflation rates may result in increased operating costs and reduced liquidity and affect our ability to access credit.",N/A
"However, our estimates, which have been developed from a number of sources, may ultimately be inaccurate.Our estimates may change because of novel studies, the number of potential patients may be fewer than contemplated, any additional indications for COSELA approved by FDA may be based on a narrower definition of the patient population than we have estimated, patients may not be receptive to treatment with COSELA, patients may select our competitors' products instead of ours, or it may be more difficult to identify the potential patient population than anticipated, all of which could cause the market opportunities for COSELA to be more limited than we predicted and adversely impact our business and profitability.COSELA may become subject to unfavorable pricing regulations or third-party coverage and reimbursement policies, which would harm our business.The regulations that govern marketing approvals, pricing and reimbursement for new drugs vary widely from country to country.Some countries require approval of the sale price of a drug before it can be marketed.",N/A
"● regulatory changes that affect the value of renewable fuels including changes to existing federal RFS program or state level low-carbon fuel credit systems, which could have a significant effect on the financial performance of our commercial production facilities and the number of potential projects with attractive economics;● technological risks, including technological advances or changes in production methods that may render our technologies and products obsolete or uneconomical, delaying or failing to adapt or incorporate technological advances, new standards or production technologies that may require us to make significant expenditures to replace or modify our operations, and challenges in obtaining, implementing or financing any new technologies;● competition from other carbon-based and non-carbon-based fuel producers that may have greater resources than us;● changes in energy commodity prices, such as crude oil and natural gas as well as wholesale electricity prices, which could have a significant effect on our revenues and expenses;● changes in quality standards or other regulatory changes that may limit our ability to produce renewable gasoline or increase the costs of processing renewable gasoline;",N/A
"Our product development efforts also depend upon continued collaboration with our key suppliers, including our merchant silicon vendors such  as Broadcom.As we develop our product roadmap and continue to expand our relationships with these and other merchant silicon vendors, it is critical that  we work in tandem with our key vendors to ensure that their silicon includes improved features and that our products take advantage of such improved  features.We believe our sourcing and manufacturing strategy allowed us to adjust quickly to changes in market demand, working with our ODM suppliers  and developing direct relationships with key component suppliers to support the backlog.We continue to focus on optimizing product availability through  sourcing, rationalizing our supply chain, outsourcing or virtualizing certain activities, and consolidating distribution sites and service logistics partners.These efforts also include process optimization initiatives, such as vendor managed inventory, and other operational models and strategies designed to drive  improved efficiencies in our sourcing, production, logistics and fulfillment.",N/A
"We  also provide customized freight movement, revenue equipment, labor, systems, and delivery services that are  tailored to meet individual customers' requirements and typically involve long-term contracts.These arrangements  are generally referred to as dedicated services and may include multiple pickups and drops, freight handling,  specialized equipment, and freight network design.In addition, we provide or arrange for local and home delivery  services, generally referred to as last-mile delivery services, to customers through a network of cross-dock and  other delivery system locations throughout the continental United States.Utilizing thousands of reliable third-party  carriers, we also provide comprehensive freight transportation brokerage and logistics services.In addition to  dry-van, full-load operations, we also arrange for these unrelated outside carriers to provide flatbed, refrigerated,  less-than-truckload (LTL), and other specialized equipment, drivers, and services.",N/A
"Sales of subscriptions to our DocuSign eSignature product account for substantially all of our subscription revenue and  are the source of substantially all of our professional services revenue.Although we continue to add to our suite of  products and solutions for automating the agreement process, we expect that we will be substantially dependent on our  DocuSign eSignature product to generate revenue for the foreseeable future.As a result, our operating results could  suffer due to: ▪ any decline in demand for our DocuSign eSignature product; ▪ the failure of our DocuSign eSignature product to maintain market acceptance; ▪ the market for electronic signatures failing to grow, or growing more slowly than we expect; ▪ new products and technologies from our competitors that replace or represent an improvement over our  DocuSign eSignature product; ▪ new technological innovations or standards that our DocuSign eSignature product does not address; ▪ changes in regulations; ▪ sensitivity to our current or future pricing; ▪ our inability to release enhanced versions of our DocuSign eSignature product on a timely basis; and ▪ macro- and micro-economic factors, including inflation, rising interest rates, increased debt and equity market  volatility and the impact of regional or global conflicts or other public health crises, including the COVID-19  pandemic.If we experience a material decline in sales of subscriptions to our DocuSign eSignature product, without a  corresponding increase in subscriptions to our other products and solutions, our revenue and operating results would be  harmed.If we are unable to attract new customers and retain and expand sales to existing customers, our revenue  growth will be adversely affected.",N/A
"We are mindful of the inherent risks involved in the initial use of hardware and complex systems in space given the difficulties of replicating all aspects of the environment and stresses that the system will experience in space during ground-based testing in simulated environments.While we conducted analysis of the root causes of all anomalies experienced during the three missions, there can be no assurance that we will not experience operational or process failures and other problems any future missions.Any failures, delays, or setbacks, including anomalies experienced in our current or future mission, could harm our reputation and have a material adverse effect on our business, financial condition and results.We may not receive all required governmental licenses and approvals.The FAA denied a payload review application in May 2021 due to interagency concerns related to our foreign ownership and corporate structure.",N/A
"We cannot guarantee that tests we commercialize will gain and  maintain positive coverage decisions and therefore, we may never realize revenue from tests we commercialize.In addition, we  are in various stages of research and development for other diagnostic tests that we may offer, but there can be no assurance that  we will be able to identify other diseases that can be effectively addressed or, if we are able to identify such diseases, whether  or when we will be able to successfully commercialize solutions for these diseases and obtain the evidence and coverage  decisions from payers.If we are unable to increase sales and expand reimbursement for our Afirma and Decipher Prostate tests,  or develop and commercialize other tests, our revenue and our ability to achieve and sustain profitability would be impaired,  and the market price of our common stock could decline.If we are unable to grow sales of our portfolio of tests or products, or we are unable to launch or commercialize our new  tests, our business may suffer.Although a number of our tests, such as Prosigna, Envisia, and Decipher Bladder, have not contributed significant revenue  to date, we expect them to grow and become an increasingly important component of our portfolio, as well as our results of  operations.",N/A
"Our ability to generate future revenue and achieve profitability depends significantly on our ability, or  any current or future collaborator's ability, to achieve several objectives, including, but not limited to:  •  demonstrating the safety and efficacy of FYARRO to the satisfaction of the FDA and obtaining regulatory  approval for FYARRO for other indications and for any other product candidates that we may develop in the  future, if any, for which there is a commercial market;  38  •  launching and successfully commercializing FYARRO or any other product candidates that we may develop  in the future following any regulatory approval, including the development of a commercial infrastructure,  whether in-house or with one or more collaborators;  •  maintaining a commercially viable supply of, and manufacturing relationships with third parties that can  provide adequate, in both amount and quality, products and services to support clinical development and meet  the market demand for FYARRO or any other product candidates that we may develop in the future, if  approved;  •  completing development activities, including clinical trials for FYARRO for TSC1 and TSC2, successfully  and on a timely basis;  •  obtaining additional regulatory and marketing approvals for FYARRO for additional indications;  •  our ability to complete investigational new drug application (an “IND”) enabling studies and successfully  submit INDs or IND supplements or comparable applications, which become effective without any objections  by the FDA or comparable regulatory authorities before commencing a clinical trial for any future product  candidates;  •  establishing and maintaining relationships with contract research organizations (“CROs”) and clinical sites  for the clinical development of FYARRO in other indications and any other future product candidates that we  may develop;  •  timely receipt of regulatory approvals from applicable regulatory authorities for any product candidates for  which we successfully complete clinical development;  •  developing or contracting for an efficient and scalable manufacturing process for future product candidates,  including obtaining finished products that are appropriately packaged for sale;  •  negotiating and maintaining an adequate price for FYARRO or any future product candidates, both in the  United States and in foreign countries where our products are commercialized;  •  a continued acceptable safety profile following any regulatory approval of product candidates;  •  commercial acceptance of product candidates by patients, the medical community and third-party payors;  •  obtaining coverage and adequate reimbursement by third-party payors for FYARRO or any future product  candidates;   •  satisfying any required post-regulatory approval commitments to applicable regulatory authorities;  •  identifying, assessing and developing new product candidates;  •  obtaining, maintaining and expanding patent protection, trade secret protection and regulatory exclusivity,  both in the United States and internationally;  •  protecting our rights in our intellectual property portfolio;  •  defending against third-party interference or infringement claims, if any;  •  entering into and maintaining, on favorable terms, any collaboration, licensing or other arrangements that  may be necessary or desirable to develop, manufacture or commercialize FYARRO and any future product  candidates; and  •  addressing any competing therapies and technological and market developments and attracting, hiring and  retaining qualified personnel.We may never be successful in achieving our objectives and, even if we do, may never generate revenue that is significant  or large enough to achieve profitability.If we do achieve profitability, we may not be able to sustain or increase  profitability on a quarterly or annual basis.Our failure to become and remain profitable would decrease our value and  could impair our ability to maintain or further our research and development efforts, raise additional necessary capital,  grow our business or continue our operations and could cause a decline in the value of our common stock.We will require additional capital to finance our operations.",N/A
"It delivers  professional-quality output at a lower price point, which we believe is ideal for targeting smaller businesses  entering the on-demand label market, and larger enterprises that require multiple on-demand label printers at  distributed locations throughout their facilities.The high-speed QL-120X was built on our pioneering and  successful Kiaro!To expand the product line further, the QL-120Xe, a sister product to the dye ink  QL-120X, was introduced in 2021 as a lower price point option for low-volume applications and price-sensitive  customers.In 2020, we introduced the QL-120D, which features high-performance pigment inks that can produce  durable BS5609-certified labels and labels that can withstand a wide range of demanding environmental  conditions from sterilization to cryogenic freezing.Introduced early in 2019, the high-performance QL-300 was  the first 5-color toner-based electrophotographic tabletop production label printer in the market.",N/A
"While oil and natural gas prices have since increased, should prices decline again, similar declines in  our customers' spending would have an adverse effect on our revenue.Numerous factors beyond our control affect our customers' decisions regarding their level of exploration and production activity at any given time and, therefore, have an  impact on the level of demand for our services at such time, including: •the global supply of, and demand for, oil and natural gas; •the cost of exploring for, developing, producing and delivering oil and natural gas; •the supply of and demand for drilling and hydraulic fracturing equipment; •the expected decline of rates of current oil and gas production; •any actual or perceived difficulty or inability to acquire or maintain necessary permits or mining or water rights; •the social, political and economic conditions in oil and natural gas producing countries and regions, including developments related to the ongoing wars between Russia and Ukraine and Israel and Hamas; •any actions by the members of OPEC+ and other oil-producing countries with respect to oil production levels and announcements of potential changes in such levels; •the level of consumer acceptance of and demand for fossil fuel products; •negative shifts in investor sentiment of the oil and gas industry; •contractions in the credit market; •the strength or weakness of the U.S. dollar; •inflationary factors, such as increases in the labor costs, material costs and overhead costs; •the availability of pipeline and other transportation capacity; •the levels of oil and natural gas storage; •any adverse weather conditions or natural disasters; •any technological advances affecting energy consumption; •the price and availability of alternative fuels and energy sources; •merger and divestiture activity among oil and natural gas producers, including consolidation activity that may eliminate some of our customers or increase their leverage in negotiations with us; •competition among oilfield service and equipment providers; •changes in transportation regulations that result in increased costs or administrative burdens; and •overall domestic and global economic conditions.These factors, together with the historical tendency of oil and gas companies to increase production in response to price increases, which typically leads to overproduction and a  collapse in prices, have often contributed to the volatility of the energy markets and the cyclical nature of the energy business.Our business depends upon our ability to obtain specialized equipment, parts and key raw materials from third-party suppliers, and we may be vulnerable to delayed  deliveries and future price increases.While we operate a vertically integrated business, each of our segments relies on specialized equipment, parts and raw materials supplied by third parties and affiliates.",N/A
"The primary intent of our business is to  lease the broadband licenses we secure to customers for long term-leases (generally 20 years or longer) containing additional  long-term renewal options.Based upon our analysis and discussions with current and potential customers to date, we are seeing  strong and growing indications of demonstrated intent for PLTE networks using 900 MHz spectrum.To fulfill our business  offering, we will be responsible for the costs of securing the broadband licenses from the FCC, including the costs of clearing  and acquiring sufficient spectrum to meet the broadband requirements.By contrast, we expect that most of our customers will bear the costs of deploying and operating their private  broadband networks, technologies and solutions.And, beyond our principal commercial business offering, we are also  exploring additional opportunities to offer electric utility companies additional value-added services to support their network  deployments and operations.",N/A
"The FDIC and the DFI also have the general authority to restrict capital distributions by the Bank, including dividends paid by the Bank to the Company.Such restrictions are generally tied to the Bank's capital levels after giving effect to such distributions.Our long-term ability to pay dividends to our stockholders is based primarily upon the ability of the Bank to make capital distributions to the Company.So long as the Bank remains “well-capitalized” after each capital distribution, and operates in a safe and sound manner, it is management's belief that the banking regulators will continue to allow the Bank to distribute its earnings to the Company, although no assurance can be given in this regard.The Federal Reserve and FDIC have issued substantially similar risk-based and leverage capital regulations applicable to bank holding companies and banks, respectively.",N/A
"Some data and statistical  information contained herein, including market size and opportunity figures for our product candidates, are based on  management's estimates and calculations, which are derived from our review and interpretation of the independent  sources, our internal research, and knowledge of the industry and market in which we operate.Some data and  statistical information are based on independent reports from third parties, including DR/Decision Resources, LLC,  or Decision Resources Group, Global Data, and IQVIA, as well as reports that we commissioned from third parties.Decision Resources Group makes no representation or warranty as to the accuracy or completeness of the data, or  DR Materials, set forth herein and shall have, and accept, no liability of any kind, whether in contract, tort (including  Table of Contents Index to Financial Statements 4 negligence) or otherwise, to any third-party arising from or related to use of the DR Materials by us.Any use which  we or a third-party makes of the DR Materials, or any reliance on it, or decisions to be made based on it, are the  sole responsibilities of us and such third-party.In no way shall any data appearing in the DR Materials amount to  any form of prediction of future events or circumstances and no such reliance may be inferred or implied.",N/A
