Risky Sentences,T/F
"• Neighbor-Base—As of December 31, 2023, approximately 70% of our ABR, including the pro rata portion attributable  to properties owned through our unconsolidated joint venture, is generated from Neighbors providing necessity-based  goods and services.We believe our focus on necessity-based goods and services retailers limits our exposure to  distressed retailers and allows us to demonstrate resiliency during times of real estate and economic down cycles.• Targeted Portfolio—We focus on owning centers in trade areas with favorable demographics that align with those of  leading grocers.Further, we seek to invest in small format centers where leasing activity is concentrated in smaller  tenant spaces and limits exposure to high-risk retailers.We believe that smaller centers provide higher growth  potential because they enjoy a positive leasing dynamic as: (i) we believe retailer demand is strongest for inline  space, which contains less than 10,000 square feet of gross leasable area; (ii) there is less exposure to big box  retailers, which we believe have higher risk because they require larger capital expenditures and have fewer leasing  opportunities; and (iii) smaller centers typically have lower capital expenditures.",N/A
"In addition, we may experience difficulty growing the number of physicians who complete our training program if patient demand is low, if the length of time necessary to train each physician is longer than expected, if the capacity of our commercial organization to train physicians is less than expected or if we are unable to sufficiently grow our sales force.All these events would lead to fewer trained physicians qualified to implant the Zephyr Valve, which could negatively affect our business, financial condition and results of operations.Use of the Zephyr Valve involves risks and may result in complications, including pneumothorax or death, and is contraindicated in certain patients, which may limit adoption and negatively affect our business, financial condition and results of operations.The most common serious complications relating to the use of the Zephyr Valve include pneumothoraces, worsening of COPD symptoms, hemoptysis, pneumonia, dyspnea, respiratory failure and, in rare cases, death.Pneumothoraces occur when a lung collapses due to an air leak inside the lung and may result from rapid shifts in air volume in the chest as the target lobe deflates and the neighboring lobe expands following the Zephyr Valve treatment.",N/A
"• “Promote Unit” refers to a promote unit in TPG Operating Group, which entitles the holder to certain distributions of performance allocations received by TPG Operating Group.1 Table of Contents • “Public SPACs” refers to Pace Holdings Corp., TPG Pace Holdings Corp., TPG Pace Tech Opportunities Corp., TPG Pace Beneficial Finance Corp., TPG Pace Energy Holdings Corp., TPG Pace Solutions Corp., TPG Pace Beneficial II Corp. and AfterNext HealthTech Acquisition Corp. • “RemainCo” refers to, collectively, Tarrant Remain Co I, L.P., a Delaware limited partnership, Tarrant Remain Co II, L.P., a Delaware limited partnership, and Tarrant Remain Co III, L.P., a Delaware limited partnership, which owns the Excluded Assets, and Tarrant Remain Co GP, LLC, a Delaware limited liability company serving as their general partner.• “Securities Act” refers to the Securities Act of 1933, as amended.• “Specified Company Assets” refers to TPG general partner entities from which holders of Common Units (including us) received an estimated 20% performance allocation after giving effect to the Reorganization.• “Sunset” refers to the event that will occur on the date that a majority of the independent directors are elected at the first annual meeting of stockholders (or pursuant to a consent of stockholders in lieu thereof) after the earlier of (i) the earliest date specified in a notice delivered to the Company by GP LLC and its members pursuant to that certain GP LLC limited liability company agreement promptly following the earliest of: (a) the date that is three months after the date that neither Founder continues to be a member of GP LLC, (b) a vote of GP LLC to trigger the Sunset and (c) upon 60-days advance notice, the date determined by either Founder who is then a member of the Control Group to trigger the Sunset, if, following a period of at least 60 days, the requisite parties are unable to agree on the renewal of Mr. Winkelried's employment agreement or the selection of a new CEO in the event that Mr. Winkelried ceases to serve as our CEO, and (ii) the first day of the quarter immediately following the fifth anniversary of the IPO.",N/A
"The MS2D2 is comprised of 11 items, as noted in figure 5, and  scored on a 0-110 scale.Pending alignment with FDA regarding MS2D2, a comparison of week 24 mean absolute change from baseline in MS2D2 score  between bezuclastinib and placebo is expected to serve as the primary endpoint of SUMMIT Part 2.  9Figure 5. Mastocytosis Symptom Severity Daily Diary (“MS2D2”)Total Symptom Score  In February 2024, we presented data from SUMMIT Part 1b at the 2024 American Academy of Allergy, Asthma and Immunology (“AAAAI”).Thirty four patients were enrolled in Part 1b and were treated with either bezuclastinib or placebo plus best supportive care.",N/A
"For claims incurred under the Company's  self-insured programs prior to July 1, 2020, the Company retains risk of loss up to the first $5.0 million per occurrence, except in Maryland and Colorado, where  the retention per occurrence is $1.0 million and $2.0 million, respectively.On June 29, 2020, the Company entered into a loss portfolio transfer agreement (“LPT 1”) to remove all outstanding workers' compensation claims obligations  for claims incurred under its insured program between February 1, 2014 and December 31, 2017.On June 30, 2021, the Company entered into a loss portfolio  transfer agreement (“LPT 2”) to remove all remaining outstanding workers' compensation claims obligations for client policies issued under its insured program  up to June 30, 2018.Thus, for claims incurred before July 1, 2020, the Company has financial risk for most workers' compensation claims under $5.0 million on a per occurrence  basis, except for claims transferred under the insured program as part of LPT 1 and LPT 2.For claims incurred between July 1, 2020 and June 30, 2021, the  Company has financial risk for most workers' compensation claims under $3.0 million on a per occurrence basis.",N/A
"Pursuant to  the CRE Concentration Guidance, loans secured by owner occupied CRE are not included for purposes of the CRE concentration calculation.As of December 31, 2023, our Regulatory CRE represented 290.69% of our total Bank capital and our construction, land development and other land loans represented 73.97% of our total Bank capital, as compared to 304.72% and 101.20% as of December 31, 2022, respectively.During the prior 36-month period, our Regulatory CRE has decreased 53.10%.We are actively working to manage our Regulatory CRE concentration, and we believe that our underwriting policies, management information systems, independent credit administration process, and monitoring of real estate loan concentrations are currently sufficient to address the CRE Concentration Guidance.We utilize enhanced CRE monitoring techniques as expected by banking regulators as our concentrations have approached or exceeded the regulatory guidance.",N/A
"We may be unable to consistently manufacture or source our products to the necessary specifications or in quantities necessary to meet demand on a timely basis and at acceptable performance and cost levels.The markets for drug and biologic candidates and synthetic DNA are very competitive, and we may be unable to continue to compete effectively in these industries in the future.The markets for our supply chain security and product authentication solutions are very competitive, and we may be unable to continue to compete effectively in these industries in the future.We compete with life science, pharmaceutical and biotechnology companies, some of whom are our customers, who are substantially larger than we are and potentially capable of developing new approaches that could make our products and technology obsolete or develop their own internal capabilities that compete with our products.Our intellectual property rights are valuable, and any inability to protect them could reduce the value of our products, services and brand.",N/A
"However, we estimated that our Debt Buying and Collection (""DBC"") reporting unit's fair value exceeded its carrying value by  6%, and therefore, the reporting unit may be at-risk for future impairment if our cash flow projections are not met or if market  factors utilized in the impairment test deteriorate, including adverse changes in the debt sales market and an increase in the  discount rate.Our loss contingency accruals may not be adequate to cover actual losses.We are involved in judicial, regulatory and arbitration proceedings or investigations concerning matters arising from our  business activities.We establish accruals for potential liability arising from legal proceedings when it is probable that such  liability has been incurred and the amount of the loss can be reasonably estimated.However, there can be no assurance as to the  ultimate outcome.",N/A
"● A limited number of licensors account for a large portion of our net sales.We derive a significant portion of our net sales from a limited number of licensors.If one or more of these licensors were to terminate or fail to renew our licenses or not grant us new licenses, our business, results of operations and financial condition could be adversely affected.● Our license agreements are subject to audit.In most of our license agreements, the licensor retains the right to utilize an auditor of their choosing to audit our performance against all elements of the agreement up to some number of years after license expiration.",N/A
"We are committed to keeping the voice of the customer at the center of our brand; and we are resetting  our brand voice and marketing tactics to acquire, reactivate and retain her.We are committed to being product obsessed, delivering a unique omni-channel product strategy  of curated, on-trend and seasonally relevant home décor at a great price.We will be known for “always something  new” to drive demand in each quarter throughout the year.We will deliver a channel strategy that meets our customers whenever and wherever  they want to shop while driving a path to profitable growth in both stores and e-commerce.We are evaluating and  reinvesting in our real estate strategy and a modern e-commerce roadmap to drive profitable sales.",N/A
"Our experience in the United States and other international markets in which we already have a presence may not be  relevant to our ability to expand in other emerging markets.Our international expansion efforts may not be successful in creating  further demand for our products outside of the United States or in effectively selling our products in the international markets we  enter.If we fail to compete effectively, our revenue and profit margins could decline.We face a variety of competition in all of the markets in which we participate.Competitive pricing, including price  competition or the introduction of new products, could have material adverse effects on our revenues and profit margins.",N/A
"As a result (or due to other factors), we may continue to experience operating losses in future periods.We believe we have established leading franchises in each of our areas of focus, as evidenced by the lead role we often command among advisors, the complexity of the situations in which we advise clients and our clients' reputation as leaders in their respective industries.We founded our Company with the objective of providing strategic and financial advice to business leaders that is critical to the success of their businesses throughout their corporate evolution.We believe that clients are increasingly looking for an independent advisor who can serve as an unbiased sounding board, work with them in genuine partnership and be by their side as they navigate mission-critical and complex issues.2 Our Key Competitive Strengths",N/A
"Our associates are our most valuable assets, and our differences make us stronger.The individual perspectives, life experiences, capabilities and talents, which our associates invest in their work, represent a significant part of our culture, reputation and collective achievements.The Chief Diversity Officer and the Diversity, Equity, and Inclusion (DE&I) Council, which comprises diverse associates from various levels and offices throughout our organization, connect the company's diversity and inclusion initiatives with our broader business strategies.A diverse team produces more creative solutions, offers better client service and is vital to attracting and retaining talent—key factors that contribute to our success.We continue to build an inclusive culture through a variety of DE&I initiatives for internal promotions and hiring practices.",N/A
"Debt financing must be repaid regardless of whether we generate revenues or cash flows from operations and may be secured by substantially all of our assets.Any equity financing or debt financing that requires the issuance of warrants or other equity securities to the lender would cause the percentage ownership by our current stockholders to be diluted, which dilution may be substantial.Also, any additional equity securities issued may have rights, preferences or privileges senior to those of existing stockholders.If such financing is not available when required or is not available on acceptable terms, we may be required to reduce or eliminate certain product candidates and development activities, including those related to bryostatin, the “bryologs” or PUFAs, and it may ultimately require us to suspend or cease operations, which could cause investors to lose the entire amount of their investment.Our ongoing viability as a company depends on our ability to successfully develop and commercialize our licensed technology.",N/A
"At First Watch, we are driven by a pursuit of freshness as is highlighted by our culinary and sourcing philosophy to “Follow the Sun.”With this philosophy our menu, which is inspired by the seasons, changes five times per year.Our rotating seasonal menu is commonly cited by our customers as a core element of the First Watch experience and has included favorites such as the Sunny Seoul Hash, Strawberry Tres Leches French Toast and the Brooklyn Breakfast Sandwich.These seasonal items are offered alongside of our award-winning chef-driven menu including elevated executions of classic favorites for breakfast, brunch and lunch, such as our protein-packed Breakfast Quinoa, Farmstand Breakfast Tacos, and Avocado Toast.Our menu also features fresh juices, that we juice each morning, including Morning Meditation and Kale Tonic.",N/A
"Additionally, within seven days after the receipt of the audit of RKings (as required by SEC rules and regulations), an additional number (rounded to the nearest whole share) of restricted shares of Company common stock, equal to (i) 80% of RKings' net asset value (inventory on hand (minus allowances for reserve inventory and allocated goods and materials) plus RKings' total cash and cash equivalents on hand; less RKings' current and accrued liabilities, as described in greater detail in the RKings Purchase Agreement) as of October 31, 2021, divided by (ii) the Initial Share Value (the “Post-Closing Shares”), was required to be issued to the RKings Sellers as part of the consideration due for the purchase of 80% of RKings.On March 7, 2022, the Company issued 70,332 restricted shares of the Company's common stock in payment of 80% of RKings' net asset value as of October 31, 2021 (described above), in the amount of $562,650.A total of GBP £1,000,000 (USD $1,366,500)(the “Holdback Amount”) was retained by the Company following closing and was to be released to the RKings Sellers, within six months after the closing date only to the extent that (A) RKings achieved revenue of at least USD $7,200,000 during the six full calendar months immediately following the closing date; and (B) the RKings Sellers did not default in any of their obligations, covenants or representations under the RKings Purchase Agreement or other transaction documents.See also the discussion of the Settlement Agreement below.Additionally, in the event the (A) the Company determined, on or before the date on which the Company files its Annual Report on Form 10-K with the SEC for the Company's fiscal year ending October 31, 2022 (the “Filing Date”), that the increase (if any) between (1) RKings' twelve-month trailing EBITDA for the year ended October 31, 2022, less (2) RKings' twelve-month trailing EBITDA for the year ended October 31, 2021, is at least GBP £1,250,000 during the twelve-month period ending October 31, 2022; and (B) the RKings Sellers do not default in any of their obligations, covenants or representations under the RKings Purchase Agreement or other transaction documents, then the Company is required to pay the RKings Sellers GBP £4,000,000 (USD $5,330,000) (the “Earn-Out Consideration”), which is payable at the option of the Company in either (a) cash; or (b) shares of Company common stock valued at $8.00 per share of Company common stock (subject to equitable adjustment in accordance with dividends payable in stock on such Company Common Stock, stock splits, stock combinations, and other similar events affecting the Company Common Stock) (such shares of Company Common Stock, if any, the “Earn-Out Shares”).",N/A
"Additionally, if we do not effectively implement systems modernization as planned or system modernizations do not operate as intended, we may experience higher levels of customer disputes and attrition, savings from systems may not be achieved, or the effectiveness of our internal control over financial reporting could be adversely affected or our ability to adequately assess and operate those controls could be delayed.We may not realize the expected financial benefits within the anticipated timeline from our continuous improvement efforts including operational efficiency, modernization and innovation actions, among others.We remain focused on continuous improvements including operational efficiency, modernization, and innovation to control costs and improve performance and efficiencies.We analyze opportunities in areas such as facility footprint, processing capabilities, equipment needs, team member requirements, fleet replacement and route and long-haul network improvements, managed service opportunities, and container rationalization and modernization.We will continue to evaluate our operating needs and may prospectively adjust our workforce to align.",N/A
"Accordingly, if a customer selects a competitor's product over ours, we could experience difficulty selling to that customer for a significant period of time.Furthermore, we typically do not have long-term contracts with our customers.As a result, our agreements with our customers do not provide assurance of future sales, and we are exposed to competitive price pressures on new orders we attempt to obtain.Our customer base is also highly concentrated in terms of geography, and the majority of our sales are to customers located in a limited number of countries.Dependence upon sales emanating from a limited number of regions increases our risk of exposure to local difficulties and challenges, such as those associated with regional economic downturns, political instability, trade wars and other trade disruptions, fluctuating currency exchange rates, natural disasters, social unrest, pandemics such as COVID-19, terrorism, and acts of war.",N/A
"Other catastrophic events or societal unrest could adversely impact our operations.Terrorist attacks, wars, rioting, labor strife, civil disturbances, societal unrest or political instability could negatively impact us  directly by interfering with our ability to operate or indirectly by depressing macroeconomic conditions.Our customers could  also encounter hardships that negatively impact their ability to make timely payments to us or to continue doing business with  us.Risks Relating to Our Business and IndustryWe are susceptible to adverse weather conditions, which could intensify as a result of climate change.",N/A
"The Company accrued  $16.0 million in the fourth quarter of 2023 for the special assessment.Assessments driven by regulation, such as these,  increased the Company's expenses in 2023 and additional assessments could further increase the Company's expenses.Beyond the expense of additional regulation, failure to comply with laws, regulations, or policies could result in sanctions  by regulatory agencies, civil money penalties, and/or reputation damage, which could have a material adverse effect on the  Company's business, financial condition, and results of operations.While the Company has policies and procedures designed to  prevent any such violations, there can be no assurance that such violations will not occur.Significant changes in federal monetary policy could materially affect the Company's business.",N/A
"Each protocol, and any subsequent amendments to the protocol, must be submitted to  the FDA as part of the IND.Furthermore, each clinical trial must be reviewed and approved by an IRB for each institution at which the clinical trial will be  conducted to ensure that the risks to individuals participating in the clinical trials are minimized and are reasonable compared to the anticipated benefits.The IRB also approves the informed consent form that must be provided to each clinical trial subject or his or her legal representative and must oversee the  clinical trial until its completion.The FDA, the IRB, or the sponsor may suspend or discontinue a clinical trial at any time on various grounds, including a  finding that the subjects are being exposed to an unacceptable health risk.There also are requirements governing the registration and reporting of ongoing  and completed clinical trials to public registries.",N/A
"In addition, in the past, we have generally recognized higher net revenue in the fourth quarter.In anticipation of increased activity during the fourth quarter, we may incur significant additional expenses, including additional marketing and staffing in our support operations.If we experience lower than expected net revenue during any fourth quarter, it may have a disproportionate impact on our results of operations and financial condition for that year.Any factors that harm our fourth quarter results of operations, including disruptions in our sellers' willingness to list items or unfavorable economic conditions could have a disproportionate effect on our results of operations for our entire fiscal year.In the future, our seasonal sales patterns may become more pronounced, may strain our personnel, and may cause a shortfall in net revenue related to expenses in a given period, which could substantially harm our business, results of operations, and financial condition.",N/A
"Consumer tastes, nutritional and dietary trends, traffic patterns and the type, number and location of competing restaurants often affect the restaurant business, and our competitors may react more efficiently and effectively to those conditions.Further, we face growing competition from the supermarket industry, with the improvement of their “convenient meals” in the deli section, and from limited-service and fast casual restaurants, as a result of higher-quality food and beverage offerings by those restaurants.Meal kit delivery companies and other eat-at-home options also present some degree of competition for our shops.In addition, some of our competitors have in the past implemented programs which provide price discounts on certain menu offerings, and they may continue to do so in the future.If we are unable to continue to compete effectively, our traffic, sales and shop-level profit margins could decline, and our business, financial condition and results of operations would be adversely affected.",N/A
"A significant disruption in the availability of any of our key products or components thereof could negatively impact our business.In addition, increases in the prices of key commodities and other materials could adversely affect our ability to manage our cost structure.Market conditions may limit our ability to raise selling prices to offset increases in product or raw material costs.For certain products, new sources of supply may be difficult to locate or have to be qualified under regulatory standards, which can require additional investment and delay bringing a product to market.Economic conditions could adversely affect our business.",N/A
"Our AirSculpt®  procedures are differentiated by our patented technology, broad and innovative procedures, elite patient experience, and  highly skilled surgeons.• AirSculpt® Technology: Our patented and precision-engineered method, AirSculpt®, permanently removes fat and  tightens skin while sculpting targeted areas of the body through minimally invasive body contouring procedures.Unlike traditional liposuction which uses cannulae in a scraping motion, AirSculpt® drives a cannula 1,000 times  per minute in a corkscrew motion to remove fat cells while tightening skin simultaneously.It requires no needle,  no scalpel, no stitches and no general anesthesia to create dramatically natural, smooth results.AirSculpt® is  minimally invasive, providing transformative results, all delivered in one session while the patient is awake.",N/A
"Services  and other revenues consist primarily of fees from software implementation, training, consulting services, hosting and managed  services.We bill for consulting services primarily under time and materials arrangements and recognize revenue as we perform  services.Subscription and maintenance agreements typically are for a three- to five-year term.We generally bill these fees  annually in advance and then recognize the resulting revenue ratably over the term of the agreement.Deferred revenues  Table of Contents",N/A
"In reviewing a 510(k) clearance, the FDA may request additional information,  including clinical data.Nearly all of our devices sold in the U.S. have 510(k) clearance, with the exception of our Artegraft  biologic vascular graft.9  After a device receives 510(k) clearance, any modification that could significantly affect its safety or effectiveness, or  that would constitute a major change as specified by FDA guidelines, requires a new 510(k) clearance.The FDA requires  each manufacturer to make this determination, but the FDA can review any such decision.If the FDA disagrees with a  manufacturer's decision not to seek a new 510(k) clearance, the agency may require a new 510(k) clearance.",N/A
"In addition, unfavorable developments with evolving  laws and regulations worldwide related to such technologies may limit or slow the rate of global adoption, impede  our strategy, and negatively impact our long-term expectations in these markets.Our growth and ability to serve a significant portion of these markets is subject to many factors including our  success in implementing our business strategy as well as market adoption and expansion of 5G infrastructure, 3D  sensing and other applications for consumer electronics.We cannot assure you that we will be able to serve a  significant portion of these markets and the growth forecasts should not be taken as indicative of our future growth.Even if the markets and rates of adoption develop in the manner or in the time periods we anticipate, if we do not  have timely, competitively priced, market-accepted products available to meet our customers' planned roll-out of 5G  platforms and systems, 3D sensing products and other technologies, we may miss a significant opportunity and our  business, financial condition, results of operations and cash flows could be materially and adversely affected.We may experience increased pressure on our pricing and contract terms due to our reliance on a limited  number of customers for a significant portion of our sales.",N/A
"A failure to meet our lending goals could adversely affect our results of operations, and financial condition, liquidity and capital.Deterioration in the real estate markets, including the secondary market for residential mortgage loans, can adversely affect us.A decline in residential real estate market prices or reduced levels of home sales, could result in lower single family home values, adversely affecting the liquidity and value of collateral securing commercial loans for residential land acquisition, construction and development, as well as residential mortgage loans and residential property collateral securing loans that we hold, mortgage loan originations and gains on the sale of mortgage loans.Declining real estate prices cause higher delinquencies and losses on certain mortgage loans, generally, and particularly on second lien mortgages and home equity lines of credit.Significant ongoing disruptions in the secondary market for residential mortgage loans can limit the market for and liquidity of most residential mortgage loans other than conforming Fannie Mae and Freddie Mac loans.",N/A
"The incurrence of indebtedness could result in increased fixed payment obligations, and we may be required to agree to certain restrictive covenants, such as limitations on our ability to incur additional debt, limitations on our ability to acquire, sell or license intellectual property rights and other operating restrictions that could adversely impact our ability to conduct our business.We could also be required to seek funds through arrangements with collaborative partners or otherwise at an earlier stage than otherwise would be desirable, and we may be required to relinquish rights to some of our technologies or products or otherwise agree to terms that are unfavorable to us, any of which may have a material adverse effect on our business, operating results and prospects.In addition, raising additional capital through the issuance of equity or debt securities would cause dilution to holders of our equity securities and/or increased fixed payment obligations, and may affect the rights of then-existing holders of our equity securities.Furthermore, these securities may have rights senior to those of our Class A common stock and could contain covenants that would restrict our operations and potentially impair our competitiveness, such as limitations on our ability to incur additional debt, limitations on our ability to acquire, sell or license intellectual property rights and other operating restrictions that could adversely impact our ability to conduct our business.Any of these events could significantly harm our business, financial condition and prospects.",N/A
"• Our internal computer systems, or those of our third-party collaborators, service providers, contractors or consultants, may fail or suffer  security breaches, disruptions, or incidents, which could result in a material disruption of our development programs or loss of data or  compromise the privacy, security, integrity or confidentiality of sensitive information related to our business and have a material adverse  effect on our reputation, business, financial condition or results of operations.Even if any of our product candidates receives marketing approval, we may fail to achieve the degree of market acceptance by physicians,  patients, third-party payers and others in the medical community necessary for commercial success.If our current product candidates, or a future product candidate receives marketing approval and we, or others, later discover that the product  is less effective than previously believed or causes undesirable side effects that were not previously identified, the ability to market the  product could be compromised.We face substantial competition, which may result in others discovering, developing or commercializing competing products before or more  successfully than we do.The insurance coverage and reimbursement status of newly-approved products is uncertain.",N/A
"Furthermore,  when motor fuel prices decrease, so do prompt payment incentives, which are generally calculated as a percentage of the total purchase price of the motor fuel distributed.Additionally, because the interchange fees we pay when credit cards are used to make purchases are based on transaction amounts, higher fuel prices at the pump result in higher  credit card expenses.These additional fees increase operating expenses.Additionally, when diesel fuel prices rise, this results in higher truck shipping costs which causes  shippers to consider alternative means for transporting freight, which may reduce trucking business and, in turn, may reduce our fuel sales volume.High diesel fuel prices may  also cause our trucking customers to seek cost savings throughout their businesses, including measures which reduce total fuel consumption and may in turn reduce our fuel  sales volume.",N/A
"Instead, they use patented free-piston Stirling engine technology that uses fewer moving parts.Cryogenic freezers and accessories Our line of cryogenic freezers offer leading design and manufacture of state-of-the-art liquid nitrogen laboratory freezers, cryogenic equipment and accessories.Our Isothermal LN2 freezers are constructed with a patented system which stores liquid nitrogen in a jacketed space in the walls of the freezer.This dry storage method eliminates liquid nitrogen contact with stored specimens, reducing the risk of cross-contamination and providing increased user safety in a laboratory setting by limiting liquid nitrogen contact injuries.To accommodate customer requirements, we offer customizable features, including wide bodied and extended height models.",N/A
"Such restrictions could result in decreased pool and irrigation system installations  which could negatively impact our sales.Certain extreme weather events and natural disasters, such as hurricanes, tornadoes, earthquakes, tropical storms, floods,  drought and wildfires, may adversely impact us in several ways, including interfering with our ability to deliver our products  and services, interfering with our receipt of supplies from our vendors, reducing demand for our products and services, and  damaging our facilities.We have experienced short-term impacts on our sales due to closures from weather events in recent  years, including Hurricane Ian in Florida in 2022.Although these events have not had any material lasting impacts on our  business or resulted in any material permanent operational challenges, similar events could adversely affect our business in the  future.The areas in which we operate, including California, Florida, Texas and other coastal areas, have experienced recent  natural disasters or present increased risks of adverse weather or natural disasters.",N/A
"The Company also has a leading global position  in brazing and soldering alloys.The Company's products include arc welding, brazing and soldering filler metals (consumables), arc welding equipment,  plasma and oxyfuel cutting systems, wire feeding systems, fume control equipment, welding accessories, specialty gas  regulators, and education solutions; as well as a comprehensive portfolio of automated solutions for joining, cutting,  material handling, module assembly, and end of line testing.The arc welding power sources and wire feeding systems manufactured by the Company range in technology from basic  units used for light manufacturing and maintenance to highly sophisticated robotic applications for high volume  production welding and fabrication.Three primary types of arc welding consumables are produced: (1) coated manual or  stick electrodes; (2) solid wire produced in coil, reel or drum forms for continuous feeding in mechanized welding; and  (3) cored wire produced in coil form for continuous feeding in mechanized welding.The Company has, through wholly-owned subsidiaries, manufacturing facilities located in the United States, Australia,  Austria, Brazil, Canada, China, Colombia, France, Germany, India, Italy, Mexico, Poland, Portugal, Romania, Russia,  South Korea, Spain, Turkey and the United Kingdom.",N/A
"Every menu item is made-to-order and prepared with care.We do not use microwave ovens, heat lamps or deep fryers in our kitchens.At First Watch, we are driven by a pursuit of freshness as is highlighted by our culinary and sourcing philosophy to “Follow the Sun.”With this philosophy our menu, which is inspired by the seasons, changes five times per year.Our rotating seasonal menu is commonly cited by our customers as a core element of the First Watch experience and has included favorites such as the Sunny Seoul Hash, Strawberry Tres Leches French Toast and the Brooklyn Breakfast Sandwich.",N/A
"Therefore, there can be no assurance that our introduction or announcement of new product offerings  will achieve any significant or sustainable degree of market acceptance or result in increased revenue in the near term.Our software offerings are subject to risks that differ from those facing our hardware products.We continue to dedicate significant engineering resources to our management software platform, applications, and SaaS offerings,  including ConsoleFlow™.These product and service offerings are subject to significant additional risks that are not necessarily  related to our hardware products.Our ability to succeed with these offerings will depend in large part on our ability to provide  customers with software products and services that offer features and functionality that address the specific needs of businesses.",N/A
"To the extent that borrowers have more than one multifamily or commercial real estate loan outstanding, an adverse development with respect to one loan or one credit relationship could expose us to a significantly greater risk of loss compared to an adverse development with respect to a one-to-four family residential real estate loan.Moreover, if loans that are collateralized by multifamily or commercial real estate properties become troubled and the value of the real estate has been significantly impaired, then we may not be able to recover the full contractual amount of principal and interest that we anticipated at the time we originated the loan, which could cause us to increase our provision for credit losses and adversely affect our earnings and financial condition.Imposition of limits by the bank regulators on commercial and multifamily real estate lending activities could curtail our growth and adversely affect our earnings.In 2006, the Office of the Comptroller of the Currency, the Federal Deposit Insurance Corporation and the Board of Governors of the Federal Reserve System (collectively, the “Agencies”) issued joint guidance entitled “Concentrations in Commercial Real Estate Lending, Sound Risk Management Practices” (the “CRE Guidance”).Although the CRE Guidance did not establish specific lending limits, it provides that a bank's commercial real estate lending exposure could receive increased supervisory scrutiny where total non-owner-occupied commercial real estate loans, including loans secured by apartment buildings, investor commercial real estate, and construction and land loans, represent 300% or more of an institution's total risk-based capital, and the outstanding balance of the commercial real estate loan portfolio has increased by approximately 50% during the preceding 36 months.",N/A
"Our Codebeamer® application lifecycle management (ALM) and model-based systems engineering  capabilities enable companies to accelerate the development of software-intensive products through  system modeling, software configuration, and requirements, risk, and test management.Our Servigistics® service parts management solution enables companies to effectively manage their  service parts inventory, enabling them to optimize equipment availability and uptime, and increase  customer satisfaction.Our FlexPLM® solution provides retailers with a single platform for merchandising and line planning,  materials management, sampling, and more.Our Kepware® portfolio of industrial connectivity solutions helps companies connect diverse  automation devices and software applications.CAD Our Creo® 3D CAD technology enables the digital design, testing, and modification of product  models.",N/A
"The Bank has not elected to use the CBLR framework as of December 31, 2023.In addition to the minimum common equity Tier 1, Tier 1, leverage ratio and total capital ratios, the Company and the Bank must maintain a capital conservation buffer consisting of additional common equity Tier 1 capital greater than 2.5% above the required minimum risk-based capital levels in order to avoid limitations on paying dividends, repurchasing shares, and paying discretionary bonuses.To be considered ""well capitalized,"" a bank holding company must have, on a consolidated basis, a Tier 1 risk-based capital ratio of 6.0% or greater and a total risk-based capital ratio of 10.0% or greater and must not be subject to an individual order, directive or agreement under which the Federal Reserve requires it to maintain a specific capital level.To be considered “well capitalized,” a depository institution must have a common equity Tier 1 capital ratio of at least 6.5%, a leverage 10 ratio of at least 5%, a Tier 1 risk-based capital ratio of at least 8%, a total risk-based capital ratio of at least 10% and not be subject to an individualized order, directive or agreement under which its primary federal banking regulator requires it to maintain a specific capital level.The Company's and the Bank's required and actual capital levels as of December 31, 2023 are listed in Note (20) Regulatory Capital Requirements of the Notes to Consolidated Financial Statements included in Item 8.",N/A
"Our potential collaborations, in-licensing arrangements, joint ventures, strategic alliances or partnerships may not result in commercially viable products, product improvements or significant future revenues.The failure to manage future acquisitions, or to integrate them with our existing business, could harm our business, financial condition and operating results.• Potential complications from our products or future enhancements to our products may not be revealed by our clinical experience.If we fail to receive access to hospital facilities, our sales may decrease.• Performance issues, service interruptions or price increases by shipping carriers could adversely affect our business and harm our reputation and ability to provide our products on a timely basis.",N/A
"For example, the  COVID-19 pandemic resulted in global supply chain constraints and transportation disruptions that led to increased  competition for freight resources, higher fees charged by our third-party manufacturers, increased raw material costs and  other input costs that negatively impacted our results of operations.In addition, other macroeconomic factors have resulted  in an inflationary environment that has compounded these impacts and led to further increases in raw material costs,  manufacturing and distribution costs, and other input costs.When there are significant increases in the costs of  components, raw materials, third-party manufacturing fees and other expenses, and we are not able to increase the prices of  our products or achieve other cost savings to an extent that they will offset such cost increases, our gross margin and  operating results will be negatively impacted.In addition, if we increase our sales prices in response to increases in the cost of such raw materials, and those raw material  costs later decline significantly, we may not be able to sustain our sales prices at these higher levels.As component and  raw material costs are the principal contributors to the cost of goods sold for all of our products, any significant fluctuation  in the costs of components and raw materials could have a material impact on the gross margins realized on our products.",N/A
"The following is a summary discussion of the significant statutes and regulations applicable to the Company  and its subsidiaries.This discussion is qualified in its entirety by reference to the full text of the statutes,  regulations and policies that are described.Also, such statutes, regulations and policies are continually under  review by the U.S. Congress and state legislatures and federal and state regulatory agencies.7  statutes, regulations or regulatory policies applicable to the Company or its subsidiaries could have a material  effect on our business.Regulation of Bank Holding Companies and Their Subsidiaries in General   SB Financial is a financial holding company and, as such, is subject to regulation under the Bank Holding  Company Act of 1956, as amended (the “Bank Holding Company Act”).",N/A
"The Bank's Asset Liability and Investment Committee (“ALCO”) reviews the investment portfolio on an ongoing basis in order to ensure that the investments conform to our internal policy set by our board of directors.To supplement our core deposits, we maintain borrowings consisting of advances from the FHLB of Dallas, a holding company line of credit with a third-party lender, and subordinated notes issued to certain qualified institutional buyers and institutional accredited investors.At December 31, 2023, we had no FHLB advances, borrowings under the line of credit totaled $38.9 million, or 1.0% of total liabilities, and subordinated notes totaled $80.6 million, or 2.0% of total liabilities.At December 31, 2023, we had $11.1 million available to be drawn on the line of credit with a third-party lender.Information Technology Systems",N/A
"Our ratings depend partly upon unpredictable and volatile factors beyond our control, such as viewer preferences, competing programming and the availability of other entertainment activities.A shift in viewer preferences could cause our programming not to gain popularity or to decline in popularity, which could cause our advertising revenue to decline.Further, we and the programming providers upon which we rely may not be able to anticipate, and effectively react to, shifts in viewer tastes and interests in our markets.In addition, the Company may experience a loss of advertising revenue and incur additional broadcasting expenses due to preemption of our regularly scheduled programming by network coverage of a major global news event such as a war or terrorist attack or by coverage of local disasters such as tornados and hurricanes.Because a significant percentage of our operating expenses are fixed, a relatively small decrease in revenue could have a significant negative impact on our operating results.",N/A
"Government contracts entail, among other things, the obligation to comply with numerous regulations and requirements that may not otherwise apply to us.Government entities reserve the right to audit our contracts and conduct inquiries and investigations of our business practices with respect to government contracts.Findings from an audit may result in fees being refunded to the government or prospective adjustment to previously agreed upon rates that will affect future margins.If a government client discovers improper or illegal activities in the course of audits or investigations, we may become subject to various civil and criminal penalties and administrative sanctions, which may include termination of contracts, forfeiture of profits, suspension of payments, fines and suspensions or debarment from doing business with other agencies of the government.The inherent limitations of internal controls may not prevent or detect all improper or illegal activities, regardless of the adequacy of such controls.",N/A
"We base our estimates on our assessment of known facts and circumstances, as well as estimates of future trends in claim severity, claim frequency,  judicial theories of liability and other factors.These variables are affected by both internal and external events that could increase our exposure to losses,  including changes in actuarial projections, claims handling procedures, inflation, severe weather, climate change, economic and judicial trends, and legislative  changes.We continually monitor reserves using new information on reported claims and a variety of statistical techniques to update our current estimate.Our  estimates could prove to be inadequate, and this underestimation could have a material adverse effect on our financial strength.The uncertainties we encounter in establishing our loss reserves include: • For the majority of our policies, we are obligated to pay any covered loss that occurs while the policy is in force.",N/A
"A significant deficiency is a deficiency, or a combination of deficiencies, in internal control over financial reporting, that is less severe than a material weakness yet important enough to merit attention by those responsible for oversight of the Company's financial reporting.Although we are unable to remediate the end user segregation significant deficiency with current personnel, we are mitigating its potential impact, primarily through a review of all employee's access rights in our accounting system.In addition, management's assessment of internal controls over financial reporting may identify additional weaknesses and conditions that need to be addressed or other potential matters that may raise concerns for investors.Any actual or perceived weaknesses and conditions that need to be addressed in our internal control over financial reporting or disclosure of management's assessment of our internal controls over financial reporting may have an adverse impact on the price of our common stock.Our profitability may be adversely affected by our continuing dependence on our distribution channels.",N/A
"The Company is considering various strategies and alternatives to obtain the required additional capital.We expect to expend substantial resources for the foreseeable future to continue the clinical development and manufacturing of our lead product candidate and the advancement and expansion of our preclinical research pipeline.These expenditures will include costs associated with research and development, potentially acquiring new product candidates or technologies, conducting preclinical studies and clinical trials and potentially obtaining regulatory approvals and manufacturing products, as well as marketing and selling products approved for sale, if any.Budgets and future capital requirements depend on many factors, including:● the scope, progress, results and costs of our ongoing and planned development programs for our lead product candidate, as well as any additional clinical trials we undertake to obtain data sufficient to seek marketing approval for our lead product candidate;",N/A
"The risks and uncertainties described below are those that we currently believe may materially affect our business and results of operations.Additional risks and uncertainties that we are unaware of or that we currently deem immaterial also may become important factors that affect our business and results of operations.Our shares of common stock involve a high degree of risk and should be purchased only by investors who can afford a loss of their entire investment.Prospective investors should carefully consider the following risk factors concerning our business before making an investment.In addition, you should carefully consider these risks when you read “forward-looking” statements elsewhere in this Report.",N/A
"An element of our growth strategy is the acquisition of water and wastewater assets, operations, contracts or  companies.Any pending or future acquisitions we decide to undertake will involve risks.The acquisition and/or operation of water and wastewater systems is an element of our growth strategy.This  strategy depends on identifying suitable opportunities that meet our risk/reward profile and reaching mutually  agreeable terms with acquisition candidates or contract parties.Further, acquisitions may result in dilution in the  value of our equity securities, incurrence of debt and contingent liabilities and fluctuations in financial results.",N/A
"o Among other factors, r a signi i fic i ant disr i uption to our suppl u yl chain for products we sell,l as a result of macroeconomic and geopolitical developm o ents, including public health crises or otherwise, could have a material impac m t on our sales and earnings.The following summarizes the risks facing our business, all of which are more fully described below.This summary r should be read in conjunction with Risk Factors below and should not be relied upon as an exhaustive summary r of the material risks facing our business.The order of presentation is not necessarily indicative of the level of risk that each factor poses to us.Risks Related to the Nature of Our Business •",N/A
"These efforts may prove more costly than we currently anticipate.While we have generated  product revenue, we may never generate revenue sufficient to offset our expenses.In addition, as a public company, we incur significant legal, accounting,  administrative, insurance and other expenses.Accordingly, we cannot assure you that we will achieve profitability in the future or that, if we do become  profitable, we will sustain profitability.We have a limited operating history, which may make it difficult to evaluate our current business and the prospects for our future viability, and to  predict our future performance.",N/A
"The termination of relationships with the Company's suppliers, or the inability of such suppliers to perform,  could disrupt its business and have an adverse effect on its ability to manufacture and deliver products.The  Company relies on raw materials, component parts, and services supplied by outside third parties.If a supplier of  significant raw materials, component parts or services were to terminate its relationship with the Company, or   otherwise cease supplying raw materials, component parts, or services consistent with past practice, the Company's  ability to meet its obligations to its customers may be affected.Such a disruption with respect to numerous   products, or with respect to a few significant products, could have an adverse effect on the Company's profitability  and financial condition.A significant design, manufacturing or supplier quality issue could result in recalls or other actions by the  Company that could adversely affect profitability.",N/A
"For example, we offer leadership training to help ensure our future business leaders have the necessary skill sets to manage and lead our organization.Wellness, Health and SafetyWe are focused on promoting the total wellness of our employees, and offer resources, programs and services to support our employees' physical, mental, financial and social wellness.For example, in 2023 we continued to improve and expand on global paid parental leave policy for all parents (both full-time and part-time eligible employees), making us a leader in providing equitable and meaningful parental leave.We believe this investment not only contributes to gender balance and equity in care-taking, but is also linked to improved health and economic outcomes of women, children, and families.",N/A
"In April 2019, the National Association of Realtors (“NAR”) and certain brokerages and franchisors (including Realogy  Holdings Corp., HomeServices of America, Inc. RE/MAX and Keller Williams Realty, Inc.) were named as defendants in a  class action complaint alleging a conspiracy to violate federal antitrust laws by, among other things, requiring residential  property sellers in Missouri to pay inflated commission fees to buyer brokers (the “NAR Class Action”).On October 31, 2023,  a jury found NAR and various of its co-defendants liable and awarded plaintiffs nearly $1.8 billion in damages (an award that is  subject to trebling), and additional equitable relief that may require changes to existing business models may be forthcoming.14  Class action suits raising similar claims are already pending in other jurisdictions and the outcome of the NAR Class Action and  other pending litigation may result in additional actions being filed.While the final outcomes of any pending or future lawsuits cannot be predicted with any certainty, court decisions,  privately negotiated settlements, and concerns about the future outcomes of such lawsuits could result in outcomes that impact  the industry as a whole.For example, such lawsuits could lead to changes in how real estate commissions are negotiated,  calculated, or paid, which may in turn meaningfully impact how home buyers and sellers engage with real estate professionals  in the course of buying and selling a home.",N/A
"We had $25.7 million of unrestricted cash as of December 31, 2023, $20 million remaining available under a line of credit provided by our chairman, Richard E. Uihlein, and an additional $10 million supplemental line of credit provided also by our chairman.The Company believes there is sufficient cash to fund currently planned operations at least through March 31, 2025.We will require more cash to fund our operations after December 31, 2024 and believe we will be able to obtain additional financing.However, there can be no assurance that we will be successful in obtaining such new financing or, if available, that such financing will be on terms favorable to us.We may raise capital through public or private equity financings, partnerships, debt financings, bank borrowings, or other sources.",N/A
"We seek to maximize total returns to our investors, including both current yield and equity upside, by applying rigorous credit analysis and asset-based and cash-flow based lending techniques to make and monitor our investments.We are constantly pursuing multiple investment opportunities, including purchases of portfolios from private and public companies, as well as originations and secondary purchases of particular securities.We also regularly evaluate control investment opportunities in a range of industries, and some of these investments could be material to us.There can be no assurance that we will successfully consummate any investment opportunity we are currently pursuing.If any of these opportunities are consummated, there can be no assurance that investors will share our view of valuation or that any assets acquired will not be subject to future write downs, each of which could have an adverse effect on our stock price.",N/A
"We are still in the early stages of clinical development of our first product candidate, INZ-701, and expect that it will be a number of years, if  ever, before we have a product candidate ready for commercialization.We have no products that are approved for commercial sale and may never be able  to develop marketable products.To become and remain profitable, we must succeed in completing development of, obtaining marketing approval for and  eventually commercializing, one or more products that generates significant revenue.The ability to achieve this success will require us to be effective in a  range of challenging activities, including completing clinical development of INZ-701 for ENPP1 Deficiency, ABCC6 Deficiency, and calciphylaxis,  completing research, preclinical testing, and clinical development of INZ-701 for additional indications or of other product candidates, scaling up our  manufacturing processes and capabilities to support clinical trials of INZ-701 or of other product candidates we develop, obtaining marketing approval for  INZ-701 or any other product candidates, and manufacturing, marketing and selling any products for which we may obtain marketing approval.We may  never succeed in these activities and, even if we do, may never generate revenues that are significant enough to achieve profitability.",N/A
"Stables by Workhorse provides us with firsthand experiences of the challenges and benefits independent fleet operators experience while executing last-mile delivery operations and making the transition to electric vehicles.During 2023 we began the electrification of the Stables fleet, which provides us 2 further experience and data on the benefits and challenges of independent fleet operators experience.The entire fleet is expected to be electrified in 2024.The initiative is designed to provide valuable insights into how our customers can plan for and manage the transition to Electric Vehicle (“EV”) operations, including how to develop adequate charging infrastructure, training and maintenance services and the associated total cost of EV transition and ownership.In addition to our growing delivery vehicle technology portfolio, we have developed Drones as a Service (“DaaS”) data products.",N/A
"Amendments to current laws, regulations and permits governing operations and activities of exploration companies, or more stringent implementation thereof, could have a material adverse impact on our operations and cause increases in capital expenditures or production costs or reduction in levels of exploration activities at our properties or require abandonment or delays in future activities.We are subject to significant governmental regulations, which affect our operations and costs of conducting our business.Our current and future operations are and will be governed by laws and regulations, including:● laws and regulations governing mineral concession acquisition, prospecting, exploration and development and operation;● laws and regulations related to exports, taxes and fees;",N/A
"In connection with the related stock offering, which was also completed on July 1, 2019, Richmond Mutual Bancorporation-Maryland sold 13,026,625 shares of common stock at $10.00 per share, for gross offering proceeds of approximately $130.3 million in its subscription offering and contributed 500,000 shares and $1.25 million to a newly formed charitable foundation, the First Bank Richmond, Inc. Community Foundation (the “Foundation”).Richmond Mutual Bancorporation-Maryland is regulated by the Federal Reserve Board.Our corporate office is located at 31 North 9th Street, Richmond, Indiana, and our telephone number is (765) 962-2581.First Bank Richmond is an Indiana state-chartered commercial bank headquartered in Richmond, Indiana.The bank was originally established in 1887 as an Indiana state-chartered mutual savings and loan association and in 1935 converted to a federal mutual savings and loan association, operating under the name First Federal Savings and Loan Association of Richmond.",N/A
"We generated net income (loss) of $(43.0) million, $72.8 million, and $70.9 million, calculated in accordance with generally accepted accounting principles in the United States (“GAAP”) in 2023, 2022, and 2021, respectively, and $12.3 million, $104.9 million, and $97.7 million on a non-GAAP basis, respectively.See Item 7. – Management's Discussion and Analysis of Financial Condition and Results of Operations, Non-GAAP Results for a discussion of non-GAAP net income, an accompanying presentation of the most directly comparable financial measure, GAAP net income, and a reconciliation of the differences between non-GAAP net income and GAAP net income.As a leader in the fluid delivery industry, we believe that our key competitive strengths include the following: Deep Fluids Engineering ExpertiseWe believe that our engineering team, comprised of chemical, mechanical, electrical, software, and systems engineers, has positioned us to expand the scope of our solutions, provide innovative products and subsystems, and strengthen our incumbent position at our OEM customers.Our engineering team acts as an extension of our customers' product development teams, providing our customers with technical expertise that is outside of their core competencies.",N/A
"Catastrophic events, political unrest or a downturn in economic conditions may disrupt our business.Geopolitical events, social unrest, war or the threat of war, including repercussions of the recent military conflict between Russia and Ukraine and the conflict in the Middle East, terrorism, political instability, acts of public violence, boycotts, labor discord or disruptions, hostilities, pandemics or other public health crises, natural disasters or other catastrophic events may cause damage or disruption to our operations or the operations of our customers, international commerce, and the global economy, and thus could harm our business.In particular, the reactions of governments, markets, and the general public to such events, many of which are beyond our control, may result in a number of adverse consequences for our customers, business, operations, and results of operations.For example, the continuing military conflict between Ukraine and Russia, as well as the financial and trade-related restrictions associated with Russia and Belarus and economic sanctions on certain individuals and entities in Russia and Belarus, have impacted international trade relations, and resulted in sustained increases in the cost of materials and components.If the conflict continues to persist or escalates, this may further disrupt global supply chains and could result in shortages of key materials or components that our suppliers require to satisfy our needs.",N/A
"The Novitium acquisition significantly increased our generic pharmaceutical research and development and manufacturing capabilities.We have begun to increase our focus on niche lower competition opportunities such as injectables, Paragraph IV, and competitive generic therapy (""CGT"") designation filings.Additionally, we will continue to seek opportunities to enhance our capabilities through strategic partnerships and acquisitions of assets and businesses.During 2022, we completed an asset acquisition of four ANDAs from Oakrum Pharma, including two that were commercial at the time of acquisition.During the second quarter of 2023, we acquired two ANDAs and one pipeline product from the Chapter 7 Trustee for the estates of Akorn Holding Company and certain of its affiliates.",N/A
"Our success and ability to compete depend in part on our ability to maintain the proprietary aspects of our technologies and products.We rely on a combination of trade secrets, patents, copyrights, trademarks, confidentiality agreements, and other contractual provisions to protect our intellectual property, but these measures may provide only limited protection.We customarily enter into written confidentiality and non-disclosure agreements with our employees, consultants, customers, manufacturers, and other recipients of information about our technologies and products and assignment of invention agreements with our employees and consultants.We may not always be able to enforce these agreements and may fail to enter into any such agreement in every instance when appropriate.We license from third-parties certain technology used in and for our products.",N/A
"If search engines' algorithms, methodologies, and/or policies are modified or enforced in ways we do not anticipate, or if our search results page rankings decline for other reasons, traffic to our platform or user growth or engagement could decline, any of which would harm our business, financial condition and results of operations.Our reliance on internet search engines, particularly Google, for directing traffic to our platform, poses risks.Search engines, like Google, may modify algorithms or policies without prior notice, potentially resulting in significant declines in our organic search ranking and decreased platform traffic.Past changes have caused declines in traffic and user growth, with anticipated fluctuations in the future.The introduction of AI-assisted technologies could further impact search engine relevance, causing declines in our ranking and decreased platform traffic, affecting our financial results.",N/A
"These  temporary employees and outsourced staff may not have the same level of commitment to the Company's customers or be as  well trained as its permanent employees.If the Company's customers are dissatisfied with the quality of the customer service  they receive, they may not shop with the Company again, which could have a material adverse effect on its business, financial  condition, results of operations and cash flows.If the Company fails to develop and maintain its brands, it may not increase or maintain its customer base or its revenues.The Company must continue to develop and maintain the 1-800-FLOWERS.COM brands to expand its customer base and  its revenues.",N/A
"We might decide to evaluate different doses, formulations, and durations of dosing for any of our product candidates with other  studies or programs in the future.The results of clinical trials or non-clinical studies of our product candidates at any stage may not support  further development or may not be sufficient to file for and obtain regulatory approval on the timelines we expect or at all.The FDA or other  regulatory agencies may not agree with our interpretation of the results of clinical trials or non-clinical studies.Other decisions or actions of  the FDA or other regulatory agencies may affect our plans, progress, results, timing or next steps.For example, we received a complete  response letter, or CRL, related to the new drug application, or NDA, for zuranolone for the treatment of MDD.",N/A
"We also have subsidiaries and / or  offices located in Australia, Belgium, Canada, Finland, France, Germany, Hong Kong, India, Italy, the Netherlands, Spain,  the United Kingdom and Vietnam.Key Product Category Revenue Drivers: What We Offer  Axon products are generally cloud-connected, designed to drive better outcomes and customer experiences, and sold  via mutually reinforcing integrated bundles.Our key revenue drivers belong to three broad product categories:  7  •  Software: Axon is building a suite of cloud-based, SaaS solutions that integrate with our sensors and TASER  devices to benefit customers and drive annual recurring revenue, which totaled $697 million1 as of December 31,  2023.We have many SaaS solutions, which can best be trisected into three categories: digital evidence  management, productivity and real-time operations solutions.Axon Evidence is the world's largest cloud-hosted  public safety data repository of public safety video data and other types of digital evidence.",N/A
"Our business and that of our franchisees significantly depend on computer systems and information technology for efficient operation.The effectiveness of our business management is closely tied to the reliability and capacity of these systems.Our omni-channel strategy, particularly our delivery model, relies heavily on robust information technology systems.As we diversify our business channels, our susceptibility to related risks intensifies.We also face potential business disruptions due to failures in other critical information technology platforms, including those hosted or provided by third parties.",N/A
"We may incur losses due to fraudulent and negligent acts, as well as errors, by third parties or our  employees.• Security breaches involving us, the Bank or any third parties with which we do business could expose us to  liability and litigation, adversely affecting our reputation and operating revenues.37 • Failure to comply satisfactorily with certain privacy and data protection laws, regulations and standards to  which we are subject could adversely affect our reputation and operating revenues.Our reputation and financial condition may be harmed by system failures, computer viruses and other  technological interruptions to our operations.• Agency, technological, or human error could lead to tax refund processing delays, which could adversely  affect our reputation and operating revenues.",N/A
"The most significant competitive risk comes from  technical obsolescence.Canvys faces many competitors in the markets we serve.Increased competition may result in  price reductions, reduced margins or a loss of market share, any of which could materially and adversely affect our  business, operating results and financial condition.As we expand our business and pursue our growth initiatives, we  may encounter increased competition from current and/or new competitors.Our failure to maintain and enhance our  competitive position could have a material adverse effect on our business.",N/A
"Our sources of liquidity consist primarily of cash, assets readily convertible to cash (such as investment securities), increases in deposits, advances, as needed, from the FHLB, borrowings, as needed, from the Federal Reserve Bank of Richmond and other borrowings.Our access to funding sources in amounts adequate to finance our activities or on acceptable terms could be impaired by factors that affect our organization specifically or the financial services industry or economy generally.Core deposits and FHLB advances are our primary source of funding.A significant decrease in core deposits, an inability to renew FHLB advances, an inability to obtain alternative funding to core deposits or FHLB advances, or a substantial, unexpected, or prolonged change in the level or cost of liquidity could have a negative effect on our business, financial condition and results of operations.Our investment securities portfolio is subject to credit risk, market risk, and liquidity risk.",N/A
"Approximately 48% and 52% of our 2023 and 2022 consolidated net sales, respectively, were to industrial machinery and equipment manufacturers and their fabricators.Due to the concentration of customers in the industrial machinery and equipment industry, a decline in production levels in that industry could result in lower sales, gross profits and profitability.Our business is dependent on transportation and labor.Increases in the cost or availability of transportation or labor could adversely affect our business and operations, as we may be unable to pass cost increases on to our customers.We ship products throughout the United States via our truck fleet, our dedicated carrier fleet or by third-party trucking firms.",N/A
"We have no guarantee that the royalty rates or other terms set by arbitrators, courts or other third parties will be favorable to us.It is possible that courts or regulators could decide to set or otherwise determine the FRAND consistency of such terms or the manner in which such terms are determined, including by determining a worldwide royalty rate for our SEPs.Changes to or clarifications of our obligations to be prepared to offer licenses to SEPs on FRAND terms and conditions could require such terms, including our 15 2023 Annual Report royalty rates, to be determined through third party adjudications.Finally, we and certain of our current and prospective licensees have initiated, and we and others could in the future initiate, legal proceedings or regulatory proceedings requesting third party adjudicators or regulators to set FRAND terms and conditions for a worldwide license to our SEPs, or to determine the FRAND-consistency of current terms and conditions in our patent license agreements.In particular, in 2021, the IP Tribunal of the Supreme People's Court of the People's Republic of China (SPC) affirmed its position that in certain SEP licensing disputes, Chinese courts can set worldwide royalty rates, and in December 2023, the Chongqing First Intermediate People's Court issued such a decision setting a worldwide rate for Nokia's cellular patents in response to a complaint filed by Oppo.",N/A
"As discussed in greater detail in Item 1., Government Regulation, as a result of our participation in the Medicaid and Medicare programs, we are frequently subject to various governmental reviews, audits and investigations to verify our compliance with these programs.Private pay sources also reserve the right to conduct audits.Disagreements about billing and reimbursement are common in our industry due in part to the subjectivity inherent in patient diagnosis and care, record keeping, claims processing and other aspects of the patient service and reimbursement processes.An adverse review, audit or investigation could result in (1) an obligation to refund amounts previously paid to us by payors in amounts that could vastly exceed the revenue derived from claims actually reviewed in the audit, and could be material to our business; (2) state or federal agencies imposing fines, penalties and other sanctions on us; (3) suspension of Medicare or Medicaid payments (4) loss of our right to participate in the Medicare or Medicaid programs or one or more private payor networks; (5) an increase in private litigation against us; and (6) damage to our reputation with potential residents, referral sources, and others in various markets.In cases where claim and documentation review by any CMS contractor results in repeated poor performance, an operation can be subjected to protracted oversight.",N/A
"We believe the  differentiation of BRUKINSA has been recognized by the market and global BRUKINSA sales increased 128.5% in  2023 vs. 2022.BRUKINSA allows us to build a strong position in heme-oncology and we plan to solidify our  leadership in CLL with sonrotoclax (BCL2i) and our BTK-CDAC while amplifying our impact in other B-cell  malignancies with progressive treatment strategies such as fixed duration and rational sequencing.Our solid tumor  franchise is led by our anti-PD-1 monoclonal antibody, TEVIMBRA, which is currently approved in China in twelve  indications and has achieved the commercial market leader position in China in the PD-1/PDL-1 class.Outside of  China, TEVIMBRA has been approved in Europe and South Korea and we anticipate U.S. approval on or before July  2024 for first-line ESCC.With TEVIMBRA and the potentially best-in-class or first-in-class pipeline assets targeting  pan-KRAS, PRMT5, CDK4, CDK2, B7H3 ADC, CEA-ADC, B7H4-ADC, MUC1 x CD16A BsAb, and Claudin6 x  CD3 BsAb, we are well-positioned to build our solid tumor business and deliver innovative therapies and  combinations to patients.",N/A
"To the extent that we raise additional capital by  issuing equity securities, existing stockholders' ownership may experience substantial dilution, and the terms of these  securities may include liquidation or other preferences that adversely affect the rights of a common stockholder.In  addition, the exercise of outstanding warrants and options will also cause dilution.Debt financing and preferred equity  financing, if available, may involve agreements that include covenants limiting or restricting our ability to take specific  Table of Contents 21 actions, such as incurring additional debt, making capital expenditures, declaring dividends, creating liens, redeeming its  stock or making investments.If we raise additional funds through collaborations, strategic alliances or marketing, distribution or licensing arrangements  with third parties, we may have to relinquish valuable rights to our technologies, future revenue streams, research programs  or product candidates or grant licenses on terms that may not be favorable to us.If we are unable to raise additional funds  through equity or debt financings when needed, or through collaborations, strategic alliances or marketing, distribution or  licensing arrangements with third parties on acceptable terms, we may be required to delay, limit, reduce or terminate our  product development or future commercialization efforts or grant rights to develop and market product candidates that we  would otherwise develop and market.",N/A
"Our future success depends on our ability to retain executives and to attract, retain and motivate key personnel in a competitive environment for skilled biotechnology personnel.We will need to grow the size of our organization, and we may experience difficulties in managing this growth.Our term loan contains restrictions that limit our flexibility in operating our business.30 • Our business could be adversely affected by economic downturns, inflation, increases in interest rates, natural disasters, public health crises, political crises, geopolitical events, such as the wars in Ukraine and Gaza, or other macroeconomic conditions, which have in the past and may in the future negatively impact our business and financial performance.Our stock price has been and is likely to continue to be volatile and fluctuate substantially.",N/A
"Advertising expenditures may also be affected by changes in consumer behavior and evolving  technologies and platforms.There is increasing competition for the leisure time of audiences and demand for  the Company's programming as measured by ratings points is a key factor in determining the advertising rates  as well as the affiliate rates the Company receives.In addition, as described above, newer technologies and  platforms are increasing the number of media and entertainment choices available to audiences, changing the  ways viewers enjoy content and enabling them to avoid advertisements.These changes could negatively affect  the attractiveness of the Company's offerings to advertisers.The pricing and volume of advertising may also be  affected by shifts in spending away from traditional media and toward digital and mobile offerings, which can  deliver targeted advertising more promptly, or toward newer ways of purchasing advertising such as through  automated purchasing, dynamic advertising insertion and third parties selling local advertising spots and  advertising exchanges.",N/A
"Operated by Chinese Individual Families.Most Chinese restaurants serviced by HF Foods are generally family-owned with very few workers, who are usually immigrants from China or first generation Chinese Americans.These restaurant owners, especially the founders, are generally less sophisticated, with limited education and resources and appreciate value-added services from suppliers to help them improve their operational efficiency.The owners and workers in these Chinese restaurants usually speak Mandarin or other regional dialects of the Chinese language.We believe that understanding their culture and language is paramount to facilitating efficient communications and building trust with customers.",N/A
"Each of the Group and our third party contracted radiology practices has entered into agreements with its physician  shareholders and full-time employed radiologists that generally prohibit those shareholders and radiologists from competing for  a period of two to five years within defined geographic regions after they cease to be owners or employees, as applicable.In  certain states, like California, a covenant not to compete is enforced in limited circumstances involving the sale of a business.In  other states, a covenant not to compete will be enforced only:• to the extent it is necessary to protect a legitimate business interest of the party seeking enforcement; • if it does not unreasonably restrain the party against whom enforcement is sought; and • if it is not contrary to public interest.Enforceability of a non-compete covenant is determined by a court based on all of the facts and circumstances of the  specific case at the time enforcement is sought.",N/A
"During economic downturns, our industry could experience longer  periods of recession and greater declines than the general economy.We believe that our industry is significantly influenced by  economic conditions generally and particularly by housing activity, consumer confidence, the level of personal discretionary  9 spending, demographics, and credit availability.These factors may affect not only the ultimate consumer of our products, but  also may impact home centers, builders, and our other primary customers.As a result, a worsening of economic conditions  could adversely affect our sales and earnings as well as our cash flow and liquidity.The U.S. cabinetry industry is highly competitive, and market share losses could occur.",N/A
"As of December 31, 2023, we had $282.1 million  and $385.7 million in available for sale and held to maturity investment securities, respectively.Numerous factors, including  lack of liquidity for re-sales of certain investment securities, absence of reliable pricing information for investment securities,  adverse changes in business climate, adverse actions by regulators, rising interest rates, or unanticipated changes in the  competitive environment could have a negative effect on our investment portfolio in future periods.If an impairment charge is  significant enough it could affect the ability of the Bank to renew funding.This could have a material adverse effect on our  liquidity and the Bank's ability to upstream dividends to the Company and for the Company to then pay dividends to  shareholders.It could also negatively impact our regulatory capital ratios and result in our not being classified as ""well- capitalized"" for regulatory purposes.",N/A
"We could be an emerging growth company for up to five years.If we fail to maintain proper and effective internal controls, our ability to produce accurate financial statements on a timely basis could be impaired, which would adversely affect our business.Ensuring that we have adequate internal financial and accounting controls and procedures in place to produce accurate financial statements on a timely basis is a costly and time-consuming effort that needs to be re-evaluated frequently.The rapid growth of our operations and the completed IPO has created a need for additional resources within the accounting and finance functions due to the increasing need to produce timely financial information and to ensure the level of segregation of duties customary for a U.S. public company.We continue to reassess the sufficiency of finance personnel in response to these increasing demands and expectations.",N/A
"· The outbreak of pandemics, such as COVID-19, could adversely impact our business, including our pre-sales activities, clinical trials and ability to obtain regulatory approvals.· We may not remain commercially viable if there is an inadequate level of reimbursement by governmental programs and other third-party payors for our planned products or associated procedures.· We have limited resources and depend on third parties to design and manufacture, and seek regulatory approval of, our TAEUS applications.· We will need to develop marketing and distribution capabilities both internally and through our relationships with third parties in order to sell any of our TAEUS products receiving regulatory approval.· Competition in the medical imaging market is intense and we may be unable to successfully compete.",N/A
"Business plans, including maximum underwriting capacity, for Lloyd's syndicates require annual approval by the  Lloyd's Franchise Board, which may require changes to any business plan or additional capital to support  underwriting plans.The Lloyd's market has applied the Solvency II internal model under Lloyd's supervision, and our Lloyd's operations  are required to meet Solvency II standards.The Society of Lloyd's has received approval from the PRA to use its  bespoke internal model under the Solvency II regime.Lloyd's approval is required before any person can acquire control of a Lloyd's managing agent or Lloyd's corporate  member.U.S. Our U.S. (re)insurance subsidiaries are subject to extensive governmental regulation and supervision by the states  in which they are domiciled, licensed and/or eligible to conduct business.",N/A
"These factors significantly impact our ability to add new customers and increase the time, resources and sophistication required to do so.In addition, numerous other factors, many of which are out of our control, may now or in the future impact our ability to add new customers, including potential customers' commitments to legacy IT security vendors and products, real or perceived switching costs, competition from hybrid or cloud security products, our failure to expand, retain and motivate our sales and marketing personnel, our failure to develop or expand relationships with our channel partners or to attract new channel partners, failure by us to help our customers to successfully deploy our cloud platform, negative media or industry or financial analyst commentary regarding us or our solutions, or similar solutions offered by our competitors, litigation and deteriorating general economic conditions.For example, the COVID-19 pandemic disproportionately affected certain of the industries and markets which we serve, such as transportation, hospitality, and leisure, and increased inflation and higher interest rates have disproportionately affected other industries and markets which we serve, such as banking, financial services, and retail.As a result of challenging macroeconomic conditions, we have experienced and may experience in the future increased scrutiny and a longer approval process for initial purchases by new customers, particularly for larger transactions.We cannot predict how long these challenging economic conditions will persist, and customer cautiousness could continue or worsen or result in potential customers deciding to forego our services entirely.",N/A
"These enhancements and improvements will require significant capital expenditures, investments in additional headcount and other operating expenditures and allocation of valuable management and employee resources.Our future financial performance and ability to execute on our business plan will depend, in part, on our ability to effectively manage any future growth and expansion.There are no guarantees that we will be able to do so in an efficient or timely manner, or at all.We may need to raise additional capital in the future in order to execute our business plan, which may not be available on terms acceptable to us, or at all.In the future, we may require additional capital to respond to technological advancements, competitive dynamics or technologies, customer demands, business opportunities, challenges, acquisitions or unforeseen circumstances and we may determine to engage in equity or debt financings or enter into credit facilities for other reasons.",N/A
"Our expansion into these markets will place us in competitive environments with which we are unfamiliar and involves various risks, including the need to invest significant resources and the possibility that returns on such investments will not be achieved for several years, or at all.In attempting to establish a presence in new markets, we expect to incur significant expenses and face various other challenges, such as expanding our sales force and management personnel to cover these markets.We have a history of losses, and we might not be able to achieve or sustain profitability.We experienced net losses of approximately $24.0 million and $27.6 million for the years ended December 31, 2023 and 2022, respectively.We cannot guarantee when or if we will achieve sustained profitability, particularly considering current economic uncertainty and increased interest rates.",N/A
"We also enable digital delivery of medication information (medication guides, vaccine information sheets, and drug monographs) in an effort to unlock patient preferences, staff efficiency, and environmental value.Additionally, our clinical workflows help to enable pharmacies to accelerate health and wellness in their 7 community through our targeted patient interventions, appointment scheduling, immunization, medication therapy management, medication synchronization, and Medicare plan comparison capabilities.Furthermore, our financial workflows are designed to streamline payments, cashflow and claims for durable medical equipment, vaccination, clinical care, and specialty drugs through our medical billing and reconciliation solutions.By leveraging these digitally enabled services, we strive to provide data-driven intelligence to optimize pharmacy operations continuously, driving operational and execution excellence, as well as patient adherence and outcomes.We advocate for a world where pharmacy teams stand at the forefront of healthcare, seeking to empower them to practice at the top of their license, and aiding them with their commitment to patient care, collaboration, and continuous learning.",N/A
"FUROSCIX is our novel formulation of furosemide contained in a pre-filled, Crystal Zenith® cartridge and self- administered subcutaneously  via a single-use, disposable and wearable on-body delivery system.The user inserts the pre-filled cartridge into the wearable device, secures  it to the abdomen via a medical-grade adhesive, and a subcutaneous infusion of FUROSCIX is administered through a pre-programmed,  biphasic delivery profile with 30 mg administered over the first hour, followed by 12.5 mg per hour for the subsequent 4 hours (a total dose of  80 mg (10 mL) over 5 hours).We believe FUROSCIX therefore offers an alternative outpatient route of administration for certain furosemide patients with chronic heart  failure and, if approved, could offer certain patients with chronic kidney disease, to alleviate the signs and symptoms associated with fluid  overload when responsiveness to oral diuretics is reduced and hospitalization is not indicated in order to potentially avoid unnecessary  hospitalizations.We believe FUROSCIX can potentially reduce the days per year that patients spend in the hospital to potentially avoid the  4need for unnecessary, expensive hospitalizations and thus reduce overall health care costs by decreasing both admissions and readmissions  and improve patients' quality of life through outpatient management of their fluid overload.",N/A
"As a result, we encourage investors, the media and others interested in Sterling  Check Corp. to monitor these social media channels in addition to following our investor relations website, press  releases, SEC filings and public conference calls and webcasts.The list of social media channels we use may be  updated from time to time on our investor relations website.Sterling Overview Sterling Check Corp. (“the Company,” “Sterling,” “we,” “us” or “our”) is incorporated in the state of Delaware  and its principal executive offices are at 6150 Oak Tree Boulevard, Suite 490, Independence, Ohio.Our phone  number is 1 (800) 853-3228 and our website address is www.sterlingcheck.com.Our common stock is traded on the  Nasdaq Stock Market LLC under the symbol “STER”.",N/A
"We encourage you to carefully review the full risk factors contained in this Annual Report in their entirety for additional information regarding the material factors that make an investment in our securities speculative or risky.These risks and uncertainties include, but are not limited to, the following: ◾there is substantial doubt about our ability to continue as a going concern.We have a history of operating losses and expect to incur losses for the foreseeable future.We may never generate revenues or, if we are able to generate revenues, achieve profitability; ◾we have a limited operating history, and we expect a number of factors to cause our operating results to ﬂuctuate on a quarterly and annual basis, which may make it difficult to predict our future performance; ◾if preclinical studies or clinical trials for our product candidates cannot be initiated or completed or if they are delayed or unsuccessful, we will be unable to meet our future development and commercialization goals; ◾the disorders we seek to treat have low prevalence and it may be diﬃcult to identify patients with these disorders, which may lead to delays in enrollment for our trials or slower commercial revenue if approved, and we may also face enrollment challenges as a result of other factors; ◾our product candidates are novel and still in development.If we are unable to successfully develop, receive regulatory approval for and commercialize our current or future product candidates, our business will be harmed; ◾we  have started testing one of our product candidates in clinical trials .",N/A
"Our patents cover a  wide range of technologies across the entire wireless system (including wireless devices and network infrastructure  equipment), not just the portion of such patented technologies incorporated into chipsets.We are organized on the basis of products and services and have three reportable segments.We conduct business  primarily through our QCT (Qualcomm CDMA Technologies) semiconductor business and our QTL (Qualcomm  Technology Licensing) licensing business.QCT develops and supplies integrated circuits and system software based on  3G/4G/5G and other technologies, including RFFE, for use in mobile devices; automotive systems for connectivity, digital  cockpit and ADAS/AD; and IoT including consumer electronic devices; industrial devices; and edge networking products.QTL grants licenses or otherwise provides rights to use portions of our intellectual property portfolio, which includes certain  patent rights essential to and/or useful in the manufacture and sale of certain wireless products.",N/A
"From time to time, we have and may in the future  publish or report preliminary, initial or interim data.Preliminary, initial or interim data from our clinical trials and those of our collaborators may not be  indicative of the final results of the trial and are subject to the risk that one or more of the clinical outcomes may materially change as patient enrollment  continues and/or more patient data become available.In this regard, such data may show initial evidence of clinical benefit, but as patients continue to be  followed and more patient data becomes available, there is a risk that any therapeutic effects will not be durable in patients and/or will decrease over time,  or cease entirely.Preliminary, initial or interim data also remain subject to audit and verification procedures that may result in the final data being  materially different from such preliminary, initial or interim data.As a result, preliminary, initial or interim data should be considered carefully and with  caution until the final data are available.",N/A
"Unexpected product performance issues could result in significant costs and damages, including increased service and warranty expenses, the need to provide product replacements or modifications, reimbursement for damages caused by our products, product recalls, related litigation, product write-offs, and disposal costs.Product defects could also result in personal injury or property damage, claims for which may exceed our existing insurance coverages (as may other claims, notwithstanding our efforts to maintain a program of insurance coverage for a variety of property, casualty and other risks).These and other costs could be substantial and our reputation could be harmed, resulting in a reduced demand for our products and a negative effect on our business.In addition, our success is also subject to the risk of future disruptive technologies, including machine learning and artificial intelligence (“AI”).While such technologies offer significant opportunities, they also pose complex and novel risks, including operational risks (such as factual errors or inaccuracies in work product developed using AI), the unintended release of proprietary information, costs of compliance associated with evolving AI laws, regulations and standards, privacy concerns with respect to data dissemination, risks related to intellectual property rights (with respect to both the inputs to the program and ownership rights to AI work product), and risks related to AI's impact on the workforce.",N/A
"These laws and their interpretations vary from state to state, and are enforced by state courts and regulatory authorities, each with broad discretion.We have relationships with Medical Groups in each of our markets which our Privia Providers join to furnish healthcare services as an integrated, single-TIN legal entity.When permitted under state law, these may be structured as Owned Medical Groups and we own a majority interest in all of our Owned Medical Groups but, even in such markets, we and our MSOs are still prohibited from controlling any aspect of the practice of medicine, including, without limitation, decisions regarding professional medical judgment, diagnosis and treatment of patients and supervisory responsibility for all licensed non-physician clinicians, unlicensed individuals to whom the physician delegates nondiscretionary duties and any other individual providing any service that could constitute the practice of medicine.Our financial statements are consolidated in accordance with applicable accounting standards and include the accounts of our majority-owned subsidiaries.Such consolidation for accounting and/or tax purposes does not, is not intended to, and should not be deemed to, imply or provide us any control over the medical or clinical affairs of such practices.",N/A
"We are currently focused on developing product candidates to address classical complement-mediated autoimmune and neurodegenerative diseases.We seek to maintain a process of prioritization and resource allocation among our programs to balance time, risk and cost, due to the significant resources  required for the development of our product candidates.For example, in 2023, based on clinical data, regulatory feedback, and cash runway considerations,  we prioritized our resources to advance ANX005 in GBS, ANX007 in GA and ANX1502 in autoimmune diseases.In addition, we have designed a two- part global registrational program for ANX007 in GA, including the Phase 3 ARCHER II global sham-controlled trial and a second injection-controlled  head-to-head study, ARROW, against SYFOVRE®.Our current cash and cash equivalents are sufficient to fund our operations into mid-2026.",N/A
