Risky Sentences,T/F
"If we are unable to recover these costs through price  increases or offset these increases through cost reductions, or we experience terminations or interruption of our  relationships with our suppliers, we could experience lower margins and profitability, and our business, operations or  financial condition could be materially harmed.Changes in economic and geopolitical conditions, domestic and foreign trade policies, monetary policies and other  factors beyond our control may adversely impact our business, operations and financial condition.Our operations and performance depend significantly on global, regional and U.S. economic and geopolitical conditions.The global macroeconomic environment continues to be challenging due to the effects of increases in inflation globally,  instability in global credit markets, uncertainty regarding global central bank monetary policy, instability in the geopolitical  environment in many parts of the world, current economic challenges in China, and other factors.Periods of diplomatic or  armed conflict, such as the ongoing conflict in Ukraine, tensions in the Middle East and China-Taiwan relations, may  result in (i) new and rapidly evolving sanctions and trade restrictions, which may impair trade with sanctioned individuals  and countries, and (ii) negative impacts to regional trade ecosystems among our customers, partners, and us.",N/A
"Today, we believe we have established a rigorous recruiting and review process that ensures that we maintain consistently high levels of performance and of quality among our advisors, which best positions us to serve our clients and their growing advisory needs.Our senior professionals are compensated based on their overall contribution to value creation for our Company.Contribution includes, among other things, the quality of advice and execution provided to clients, intellectual content and thought leadership, the financial contribution to the Company, the commitment made to recruiting new talent, the creation of an inclusive work environment and the overall spirit of partnership they demonstrate in working with their colleagues and their clients.We do not compensate on a commission-based pay model, whereby bankers are rewarded solely based upon financial contribution.We believe that our compensation model encourages a collaborative environment and attracts talented advisory professionals to join our Company.",N/A
"Our management is responsible for establishing and maintaining adequate internal control over our financial reporting, as defined in Rule 13a-15(f) under the Exchange Act.We will be required to expend time and resources to further improve our internal controls over financial reporting, including by expanding our staff.However, we cannot assure you that our internal control over financial reporting, as modified, will enable us to identify or avoid material weaknesses in the future.We have identified material weaknesses in our internal control over financial reporting.A material weakness is a deficiency, or a combination of deficiencies, in internal control over financial reporting such that there is a reasonable possibility that a material misstatement of our financial statements will not be prevented or detected on a timely basis.",N/A
"Our leadership is committed to a culture that values people alongside results.Our brand promise (“More than your bank.Your  banker.”) and purpose (“We empower our clients' financial wellness and help them build secure futures”), together with our core values statement (“Do the Right Thing, Build Relationships & Loyalty, Embrace Individuality & Value Others, Promote Career Growth, Be Committed to Community, and Represent the Star (our bank) Proudly”), are the foundation on which our culture is built.The bank has grown significantly since its beginnings in 1895.Our commitment to fostering a culture that values our associates across our entire footprint remains unwavering.",N/A
"WTX-518 is a systemically delivered, conditionally activated Interleukin-18 (IL-18) INDUKINE molecule in development for the treatment of cancer and is designed to promote activation of immune cells in the TME, resulting in antitumor immunity.We are building our PREDATOR platform to generate a pipeline of innovative therapeutics that cover a diversity of immune stimulating mechanisms with the potential to address significant unmet medical need in cancer.We are also expanding our platform capabilities to other therapeutic areas, including inflammatory diseases.Our PREDATOR platform consists of our protein engineering technologies and our know-how, which we use to generate INDUKINE molecules with multiple functional domains rationally engineered into a single protein to achieve the desired pharmaceutical profile.Each of our lead INDUKINE molecules consists of four components: a cytokine, an inactivation domain, a half-life extension domain and a proprietary protease-cleavable linker.",N/A
"• effects on key employees, including operational management personnel and those charged with preparing, monitoring and evaluating the companies' financial reporting and internal controls;• declines in demand for loans and other banking services and products, as well as a decline in the credit quality of our loan portfolio in the markets served by the Company;• if the economy is unable to substantially reopen or reopen in an efficient manner, and high levels of unemployment continue for an extended period of time, loan delinquencies, problem assets, and foreclosures may increase, resulting in increased charges and reduced income;• collateral for loans, especially real estate, may continue to decline in value, which could cause loan losses to increase;• allowance for loan losses may increase if borrowers experience financial difficulties, which will adversely affect net income;",N/A
"We derive substantially all of our revenues from sales of Tablo and its associated consumables, with the remainder of our  revenues largely coming from services provided for the support and maintenance of Tablo.Accordingly, our business is exposed to  risks that our revenues are concentrated in a single product.As a result, any event that adversely affects Tablo or the market for Tablo  and associated consumables could adversely affect our business, financial condition and results of operation.Our customers are facing financial pressures including capital budget constraints, staffing shortages and increased costs, that  have had, and may continue to have, a negative impact on our revenue.Beginning in the third quarter of 2023, we began to observe an increasing number of our existing and prospective customers  deferring their decisions to purchase Tablo in an environment of rising interest rates and more cautious capital spending.",N/A
"There is no guarantee that the Treasury, FDIC and Federal Reserve Board will provide access to uninsured funds in the future in the event of the closure of other banks or financial institutions, or that they would do so in a timely fashion.In addition, inflation generally increases the cost of goods and services we use in our business operations, such as electricity and other utilities, which increases our noninterest expenses.Furthermore, our customers are also affected by inflation and the rising costs of goods and services used in their households and businesses, which could have a negative impact on their ability to repay their loans with us.The Company's business, financial condition, results of operations and the trading price of its securities can be materially and adversely affected by many events and conditions including the following:• risks to the capital markets that may impact the performance of the investment securities portfolio of the Company, as well as limit our access to capital markets and other funding sources;",N/A
"Any such agreement may  include development funding and significant upfront and milestone payments and/or royalties, which may become an important source of our revenue.Under our exclusive license agreement with Amgen, for example, we are required to pay Amgen up to $80.0 million upon the achievement of specified  regulatory milestones for the first mAb TREM2 agonist product (mAb product), and first small molecule TREM2 agonist product (small molecule product),  upon achievement of specified regulatory milestones, as well as aggregate milestone payments of up to $350.0 million upon achievement of specific  commercial milestones across all such mAb products and small molecule products, and tiered royalties of low to mid-single-digit percentages on annual net  sales of the products covered by the license.These milestone payments may vary significantly from period to period and the variance could cause a  significant fluctuation in our operating results from one period to the next.In addition, we measure compensation cost for stock-based awards made to employees at the grant date of the award, based on the fair value of the  award as determined by our board of directors, and recognize the cost as an expense over the employee's requisite service period.As the variables that we  use as a basis for valuing these awards change over time, including, our underlying stock price and stock price volatility, the magnitude of the expense that  we must recognize may vary significantly.",N/A
"Particularly, the markets for motors, computer chips, and other components are experiencing increased demand, creating substantial uncertainty regarding the availability of key components and raw materials used to manufacture our products.The COVID-19 pandemic has also contributed to and exacerbated these constraints.This constrained supply environment has adversely affected, and could further affect, availability, lead times and cost of components and raw material, and has impacted, and could continue to impact, our ability to respond to accelerated or quick-turn delivery requests from customers, or meet customer demand and product delivery dates for our end customers where we cannot timely secure adequate supply of these components and raw materials.Moreover, if any of our suppliers become financially unstable, or otherwise unable or unwilling to provide us with raw materials or components, we may have to find new suppliers.It may take several months to locate alternative suppliers, if required, or to redesign our products to accommodate components from different suppliers.",N/A
"We listen,  learn and invest in capabilities that allow us to meet the evolving needs of brands and retailers – solving existing problems better and new problems  quickly, to navigate change in an increasingly omni-channel world.This, in turn, helps us compound our relationships with clients.These relationships are  enhanced by a suite of technology offerings which leverage data and analytics solutions to support our associates in creating, executing and measuring  insight-based plans to grow our clients' businesses.Our services are provided across two segments — sales and marketing.Sales Segment  Through our sales segment, we provide our clients with a full suite of outsourced solutions to enhance sales in the traditional retail, foodservice and  e-commerce channels.",N/A
"Mild or dry weather has in the past and may in the future  have a material adverse effect on sales of our products, particularly if mild or dry weather conditions occur in broad geographical  areas during late fall or early winter.Climate change may exacerbate these conditions.Our business could suffer if our third-party manufacturers violate labor, environmental or other applicable laws or fail to  conform to generally accepted ethical standards.We require our third-party manufacturers to meet our standards for working conditions and other matters before we are willing  to place business with them.As a result, we may not always obtain the lowest cost production.",N/A
"Our product backlog at June 30, 2023, net of anticipated back-end rebates for distributor sales, was $267.3 million, compared to $513.0 million at  June 30, 2022.The decrease in backlog year over year is primarily due to a combination of a resumption in shipment of orders during fiscal 2023, after  experiencing significant delays due to supply chain constraints in prior years, and a reduction in distributor orders due to shorter lead times.Seasonality Like many of our competitors, we historically have experienced seasonal fluctuations in customer spending patterns, which generally adversely  affect our first and third fiscal quarters.This pattern should not be relied upon or be considered indicative of our future performance, as it has varied in the  past.We utilize a global sourcing strategy that emphasizes procurement of materials and product manufacturing in competitive geographies.",N/A
"To prepare for any climate-related occurrences, we have a business continuity plan that addresses how to maintain business operations in the event of a disastrous event.We also offer disaster assistance to our associates, which includes accommodation/shelter reimbursement in case of evacuations or sustained power outages.We must comply with state and federal banking laws and regulations that control virtually all aspects of our operations.These laws and regulations generally aim to protect our depositors, not necessarily our shareowners or our creditors.Any changes in applicable laws or regulations may materially affect our business and prospects.",N/A
"We have included our website address in this Annual Report on Form 10-k as an inactive textual reference.We are not  including the information contained on our website as a part of, or incorporating it by reference into, this Annual Report on  Form 10-K.Products Semiconductor components are the building blocks used in electronic systems and equipment.These components are  classified as either discrete devices, such as individual transistors, or as ICs, in which a number of transistors and other  elements are combined to form a more complicated electronic circuit.Our ICs are designed to address a wide range of real-world signal processing applications.",N/A
"Through the  development of cutting-edge innovations and our ability to solve difficult problems across a broad array of  applications, we generate significant cash flow and are deeply committed to delivering strong shareholder returns.• Deepening customer-centricity.Close customer relationships influence aspects of our business: from our broad range  of product portfolios and applications expertise to manufacturing capabilities in high-performance power management  and precision and high-speed signal processing technologies.We believe that our engineering talent continues to be an  important competitive differentiator in the semiconductor space that will enable us to continue to deepen our  relationships with customers.We strive to be the destination for the world's best engineering talent with a team of  more than 13,000 engineers.",N/A
"If we do not succeed in one or more of these factors in a timely manner or at all, we could experience significant delays or an inability to  successfully commercialize our product candidates, which would materially harm our business.If we do not receive regulatory approvals for our product  candidates, we may not be able to continue our operations.Success in early preclinical studies or clinical trials may not be indicative of results obtained in later preclinical studies and clinical trials, including in  our Dravet syndrome program or our ADOA program.STK-001 is currently being evaluated in human clinical trials, and we may experience unexpected or negative results in the future.We will be  required to demonstrate through adequate and well-controlled clinical trials that our product candidates are safe and effective, with a favorable benefit-risk  profile, for use in their target indications before we can seek regulatory approvals for their commercial sale.",N/A
"The current standard of care for treating CVD is conservative medical management with anticoagulants, compression therapy and superficial treatment of wounds and leg ulcers.Nearly all patients receive this treatment, many of whom remain on anticoagulants for the remainder of their lives.The poor outcomes for many patients with DVT described above occur despite being treated with conservative medical management.We believe the best way to treat CVD and improve the quality of life for patients suffering from this disease is to safely and effectively restore the flow through opening the obstructed vein, including the removal of any chronic clot that may remain.In addition to treating CVD with our existing ClotTriever and FlowTriever systems, we purpose built our ClotTriever BOLD catheter to address a range of clot chronicity, including chronic clot, and our RevCore thrombectomy catheter to address venous stent thrombosis.",N/A
"Utilizing CAR NK cells represents a novel therapeutic approach, and we must overcome significant challenges in order to develop, commercialize and  manufacture our product candidates.We have concentrated our research and development efforts on utilizing CAR NK cells as an immunotherapy for the treatment of certain diseases,  specifically cancers and, most recently, autoimmune diseases.To date, the FDA has approved only a limited number of cell-based therapies for  commercialization as treatments for cancer, no cell-based therapies have been approved for commercial use for the treatment of an autoimmune disease,  and no natural killer (""NK"")-based cell therapy has been approved for commercial use by any regulatory authority.The processes and requirements  imposed by the FDA or other applicable regulatory authorities may cause delays and additional costs in obtaining approvals for marketing authorization for  our product candidates.Because our CAR NK cell platform product candidates are novel, and cell-based therapies are relatively new, especially as potential  treatments for autoimmune diseases, regulatory agencies may lack precedents for evaluating product candidates like our CAR NK cell product candidates.",N/A
"If we are unable to expand the scope of our offerings, including the number and type of products and services that we offer, the number and quality of healthcare providers serving our customers, and the number and types of conditions capable of being treated through our platform, our business, financial condition, and results of operations may be materially and adversely affected.We provide customers with access to non-prescription products, telehealth-based medical consultations with providers, and applicable pharmaceutical products prescribed by the providers for specific medical conditions.In order for our business to continue growing and expanding, we need to continue expanding the scope of products and services we offer our customers, including telehealth consultations and prescription and non-prescription medication for additional conditions.The introduction of new products, services, or technologies by market participants, including us, can quickly make existing products and services offered by us obsolete and unmarketable.Additionally, changes in laws and regulations (or enforcement thereof) could impact the usefulness of our platform and could necessitate changes or modifications to our platform or offerings to accommodate such changes.",N/A
"We believe that this approach is an online extension of the sales team  and a valuable tool that our marketing team utilizes for video content production, live-stream shopping, designer and  influencer interviews, and fashion photography.Our goal is to continue growing our direct relationship and personal  contact with the consumer which we believe will drive consumer interest across all of our direct-to-consumer selling  channels.Our approach for marketing directly to the consumer in our Online Channels segment includes the following types  of communication channels: (i) organic social media; (ii) paid advertising (including, but not limited to, search  engine marketing, display ads, video ads, and social media advertising); (iii) live-streaming marketing content and  video shopping opportunities (through our own broadcast studio); (iv) email; (v) public relations; (vi) product and  style influencers; (vii) digital content creators; and (viii) our own websites.In addition, our marketing approach  comprises the following content types: (i) photography; (ii) videos; (iii) interactive immersive experiences  (including but not limited to, online personal concierge shopping assistance); and (iv) user-generated content.Equally as important to us as marketing to our direct consumer audience is encouraging our customers to move  through the process of engaging with our brand and eventually converting them into a lifetime Charles & Colvard  customer.",N/A
"We receive, process, store and use business and personal data, which subjects us to governmental regulation and other legal obligations related to data protection and security, and our actual or perceived failure to comply with such obligations could harm our business and expose us to liability.If we fail to manage our technical operations infrastructure, or experience service outages, interruptions, or delays in the deployment of our platform, our results of operations may be harmed.The multiple class structure of our common stock and the ownership of substantially all of our LT10 and LT50 common stock by holders through a trust agreement (the ""Voting Trust"") have the effect of concentrating voting control with the Voting Trust for the foreseeable future, which will limit your ability to influence corporate matters, including a change in control.We are controlled by the Voting Trust, whose interests may differ from those of our public stockholders.Our amended and restated certificate of incorporation also delegates significant authority to our Executive Committee of our Board of Directors (the ""Executive Committee"").",N/A
"We have substantial indebtedness and payment obligations and may incur future indebtedness or payment obligations.• Failure to obtain or maintain ongoing financing to fund operations would negatively impact our business.• Costs associated with, and an inability to obtain and maintain insurance could adversely affect our profit and financial condition.Our services could become subject to new, revised, or enhanced regulatory requirements in the future.• Failing to accurately estimate our contract pricing may have a material adverse effect on our business.",N/A
"Alcoholic beverage control regulations require each of our restaurants to apply to a state authority and, in certain locations, county or municipal authorities for a license or permit to sell alcoholic beverages on the premises and, where applicable, a permit to provide service for extended hours, for carry-out or delivery and on Sundays.We also offer alcohol to-go from certain locations from each of our restaurant concepts.Our restaurant operations are also subject to federal and state laws for such matters as: • immigration, employment, minimum wage, overtime, tip credits, paid leave, safety standards, worker conditions and health care; • menu labeling and food safety; • the Americans with Disabilities Act, which, among other things, requires our restaurants to meet federally mandated requirements for the disabled; and • information security, data privacy, anti-corruption/anti-bribery, cashless payments and gift cards.International - Our restaurants outside of the U.S. are subject to similar regional and local laws and regulations as our U.S. restaurants, including labor, food safety, data privacy, anti-corruption/anti-bribery and information security.- Risk Factors for a discussion of risks relating to federal, state, local and international regulation of our business.",N/A
"From time to time, we receive government regulatory inquiries and requests for information relating to our marketing practices, such as the current investigations by the FTC and the SEC.There can be no assurance whether there will be further information requests or potential enforcement or litigation, which is necessarily uncertain.We have identified material weaknesses in our internal control over financial reporting and our internal control over financial reporting was not effective as of December 31, 2023.5 Table of Contents PART I ITEM 1. BUSINESS Company Overview Evolv Technologies Holdings, Inc. (“we,” “us,” “our,” the “Company” and “Evolv”) is a leader in Artificial Intelligence (“AI”)-based weapons detection for security screening.Our mission is to make the world a safer and more enjoyable place to live, work, learn, and play.",N/A
"Notable components of our clinical-stage portfolio include botensilimab (AGEN1181), a human Fc-enhanced cytotoxic T- lymphocyte antigen 4 (CTLA-4) blocking antibody, currently in Phase 2 trials in mCRC, pancreatic cancer, and melanoma, both as a monotherapy and in  combination with balstilimab or chemotherapy; balstilimab (AGEN2034), a programmed death receptor-1 (PD-1) blocking antibody being evaluated in various  combinations; AGEN2373, a CD137 antibody in Phase 1b trials; AGEN1423, a CD73/TGFβ TRAP antibody; AGEN1571, an ILT2 antibody.We have also  leveraged partnerships to advance our portfolio at speed and finance the business.These include INCAGN1876, INCAGN2390, and INCAGN2385, each  targeting different receptors and exclusively licensed to Incyte Corporation (""Incyte""); BMS-986442 (AGEN1777), a TIGIT bispecific antibody licensed to  Bristol Myers Squibb Company (""BMS""); UGN-301, a zalifrelimab intravesical solution licensed to UroGen Pharma (""UroGen"").Finally, our subsidiary  companies are advancing assets through exclusive licenses, including agenT-797, allogeneic iNKT cells licensed to MiNK; and QS-21 STIMULON, a cultured  plant cell adjuvant used in various vaccines, including those by GSK.Our Antibody Discovery Platforms and Immunotherapy Programs Immunotherapies regulate the body's immune response to cancer and have achieved positive outcomes in a number of cancers that were considered  untreatable only a few years ago.",N/A
"We and our third-party manufacturers may encounter difficulties in production.If  we encounter any such difficulties, our ability to supply our product candidates for clinical trials or, if approved, for commercial sale, could  be delayed or halted entirely.We face competition from entities that have developed or may develop product candidates for the treatment of the diseases that we may  target, including companies developing novel treatments and therapeutic platforms.If these companies develop therapeutics or product  candidates more rapidly than we do, or if their therapeutics or product candidates are more effective or have fewer side effects, our ability to  develop and successfully commercialize product candidates may be adversely affected.If we are unable to maintain proper and effective internal controls over financial reporting, the accuracy and timeliness of our financial  reporting and the market price of our common stock may be adversely affected.",N/A
"Our rapid growth also makes it difficult to evaluate our future prospects and  may increase the risk that we will not be successful.Risks Related to Our Business and IndustryThe industries in which we operate are highly competitive, which could adversely affect our results of operations.The industries in which we compete are highly competitive and subject to rapid and significant changes.We compete against companies and financial  institutions across the retail banking, financial services, consumer technology and financial technology services industries, as well as other nonbank lenders  serving credit-challenged consumers, including online marketplace lenders, check cashers, point-of-sale lenders and payday lenders.",N/A
"As of December 31, 2023, Landsea Homes owned or controlled 11,176 lots.We believe that this represents approximately three to four years of supply under our current growth plan.We seek to invest in land inventory that we can efficiently develop over a 24-to-36-month horizon in order to maximize our returns on capital and minimize our exposure to market risk.We continue to evaluate new communities and to develop an attractive pipeline of land acquisition opportunities.In Arizona, Landsea Homes owned or controlled 3,350 lots as of December 31, 2023.",N/A
"The consolidation of our competitors or collaboration among our competitors to deliver more comprehensive offerings than they could individually, may also impact our ability to compete effectively.To the extent our revenue is negatively impacted by competitive pressures and reduced pricing, our business could be harmed.Our ability to compete in our market is subject to a variety of factors, many of which are beyond our control.The occurrence of any of the below could adversely affect our ability to compete and harm our business: ■Our ability to anticipate and lead critical product development cycles and technological shifts as driven by our target markets, to innovate rapidly and efficiently and to improve our existing solutions.",N/A
"If we do not achieve compliance with the Minimum Bid Requirement within 180 calendar days, we may be eligible for an additional 180 calendar days to regain compliance.To qualify, we would be required to meet the continued listing requirement for market value of publicly held shares and all other Nasdaq initial listing standards, with the exception of the Minimum Bid Requirement, and provide written notice of our intention to cure the minimum bid price deficiency during the second compliance period.On March 5, 2024, we received notice (the “Approval”) from Nasdaq that we have been granted an additional 180-day grace period, or until September 3, 2024, to regain compliance with the Bid Price Rule.To regain compliance with the Bid Price Rule and qualify for continued listing on the Nasdaq Capital Market, the minimum bid price per share of our common stock must be at least $1.00 for at least 10 consecutive business days on or prior to September 3, 2024.If we fail to regain compliance during the additional compliance period, then Nasdaq will notify us of our determination to delist our common stock, at which point we would have an opportunity to appeal the delisting determination to a Nasdaq Listing Qualifications Panel (the “Panel”), but there can be no assurance that the Panel would grant our request for continued listing.",N/A
"● Dividends on our Class B common stock are discretionary and may fluctuate materially quarter to quarter.We cannot guarantee that we will be able to pay dividends in the future or what the actual dividends will be for any future periods.The market value of the Class B common stock could be adversely affected by events involving the other assets and businesses of the Company.Our new tracking stock capital structure could create conflicts of interest, and our Board may make decisions that could adversely affect only the holders of one class of our common stock.Risks Related to Our Business",N/A
"For example, Russia's invasion of Ukraine in the first quarter of 2022 and the resulting geopolitical responses increased the cost of many  of the raw materials that we use and contributed to an aluminum scarcity that negatively affected our business.Similarly, the heightened  inflationary environment in recent periods reduced consumer demand, which we believe reduced our volumes and negatively affected  our ability to recover the heightened costs resulting from inflationary pressures.When challenging macroeconomic conditions such as  these exist, our customers may delay, decrease or cancel purchases from us and may also delay payment or fail to pay us altogether.Suppliers may have difficulty filling our orders and distributors may have difficulty getting our products to customers, which may affect  our ability to meet customer demands and result in a loss of business.Weakened global economic conditions may also result in  unfavorable changes in our product prices and product mix and lower profit margins.",N/A
"Management's Discussion and Analysis of Financial Condition and Results of Operations.”Rumble is comprised of two segments: Rumble Services and Rumble Cloud.● Rumble Video: a video sharing platform enabled by Rumble.com and its associated mobile and connected TV applications;● Rumble Streaming Marketplace: a multi-platform livestreaming and monetization service for creators enabled by Rumble Studio;● Rumble Advertising Center: an in-house advertising marketplace and network enabled by Rumble Advertising Center (""RAC”);",N/A
"In addition, we may seek additional capital due to favorable market conditions or strategic considerations, even  if we believe that we have sufficient funds for our current or future operating plans.To the extent that we raise additional capital through the sale of ordinary shares, convertible securities or other equity  securities, your ownership interest may be diluted, and the terms of these securities could include liquidation or other  preferences and anti-dilution protections that could adversely affect your rights as a common shareholder.In addition, debt  financing, if available, may result in fixed payment obligations and may involve agreements that include restrictive  covenants that limit our ability to take specific actions, such as incurring additional debt, making capital expenditures,  creating liens, redeeming shares or declaring dividends, that could adversely impact our ability to conduct our business.In  addition, securing financing could require a substantial amount of time and attention from our management and may divert  a disproportionate amount of their attention away from day-to-day activities, which may adversely affect our  management's ability to oversee the development of our product candidates.If we raise additional funds through collaborations, strategic alliances, distribution or licensing arrangements with third  parties, we may have to relinquish valuable rights to our technologies, future revenue streams or product candidates or  grant licenses on terms that may not be favorable to us.",N/A
"We are susceptible to losses and disruptions caused by fire, power shortages, telecommunications  failures, water shortages, floods, and other extreme weather conditions.Climate change may contribute to or exacerbate these  conditions.We are also susceptible to losses arising from the transition to a low carbon economy, including policy changes,  energy costs, and shifts in market and customer sentiment that can impact us and our clients as well as other key stakeholders.At this time, we have not experienced material losses from climate change.However, we are aware that its impact may increase  in the future.",N/A
"Accordingly, we have formed a TRS that is wholly owned by the OP to lease our SHOPs, and the TRS has entered into management contracts with unaffiliated third-party operators to operate the facilities on its behalf.As of December 31, 2023, we owned 46 SHOPs which we lease to our TRS.The market for MOB and SHOP real estate is highly competitive.We compete in all of our markets based on a number of factors that include location, rental rates, security, suitability of the property's design to prospective tenants' needs and the manner in which the property is operated and marketed.In addition, we compete with other entities engaged in real estate investment activities to locate suitable properties to acquire, tenants to occupy our properties and purchasers to buy our properties.",N/A
"We face significant competition from larger companies and third-party providers that may deploy their resources so they can develop their IP solutions internally.We are engaged in a competitive segment of the global semiconductor industry.Our competitive landscape is characterized by competition from companies that have greater resources than us.A variety of factors could adversely impact our ability to compete, including rapid technological change in product design and manufacturing, customers that make purchase decisions based on a mix of factors of varying importance and continuous declines in average selling prices (ASPs).We compete principally on the basis of technology, product quality and features, license, royalty and usage terms, post-contract customer support, interoperability among products, and price and payment terms.",N/A
"This will require us to be successful in a range of challenging activities, including identifying product candidates, completing preclinical testing and clinical trials of product candidates, obtaining marketing approval for these product candidates, manufacturing, marketing, and selling those medicines for which we may obtain marketing approval, and satisfying any post-marketing requirements.We may never succeed in these activities and, even if we do, may never generate revenues that are significant or large enough to achieve profitability.Other than reni-cel, we are currently only in the preclinical testing stages for our most advanced research programs.If we do achieve profitability, we may not be able to sustain or increase profitability on a quarterly or annual basis.Our failure to become and remain profitable would decrease the value of our company and could impair our ability to raise capital, maintain our research and development efforts, expand our business, or continue our operations.",N/A
"If our TPV and net revenue growth rates decline or continue to decline, we may not achieve profitability as expected, and our business, financial condition, results of operations, and the price of our Class A common stock would be adversely affected.Our growth has placed, and may continue to place, significant demands on our management and our operational and financial resources.We will need to continue to grow and improve our operational, financial, and information technology controls, and our reporting systems and procedures.We will require significant capital expenditures and the allocation of valuable management resources to expand our systems and infrastructure.If we fail to manage our growth effectively, our business and financial results may be adversely affected.",N/A
"Our ability to produce and timely deliver  our products may be materially impacted in the future should supply chain disruptions develop or worsen.In addition, because of rising costs, we may be forced to increase the price of our products to our  customers, or we may have to reduce our gross margins on the products that we sell.Our ability to meet the demand of our customers on a timely basis is dependent upon the quality of  film we receive from our contract manufacturers and suppliers.If we are unable to successfully manage  the production of quality film produced by our contract manufacturers on a timely basis, our ability to meet  the demand of our customers may be severely impacted.Our asset-light business model exposes us to product quality and variable cost risks.",N/A
"In addition, the market leaders in our target industries, such as Industrial Material Handling, may start, or have already started, pursuing large scale deployment of autonomous industrial vehicle technology on their own.These companies may have more operational and financial resources than we do.We cannot guarantee that we will be able to effectively compete with them.We may also face competition from component suppliers and other technology and industrial solution companies if they decide to expand vertically and develop their own autonomous industrial vehicles, some of whom have significantly greater resources than we do.We do not know how close these competitors are to commercializing autonomous driving systems.",N/A
"Accordingly, our stockholders should not rely upon the results of any quarterly or annual periods as  indications of future operating performance.We may need substantial additional funding to allow us to support both our systemic and ophthalmological programs through clinical development and  commercial launch, and if we are unable to raise capital when needed, we could be forced to delay, reduce or eliminate our product development  programs or commercialization efforts.Developing and commercializing pharmaceutical products, including conducting preclinical studies and clinical trials and preparing for commercial  launch, is a very time-consuming, expensive and uncertain process that takes years to complete.We have consumed substantial amounts of cash since our  inception.For example, in the years ended December 31, 2023, 2022 and 2021, we used net cash of $594.7 million, $513.7 million and $563.1 million  respectively, in our operating activities substantially all of which related to research and development activities.",N/A
"Our backlog may not be a reliable indicator of future operating results.For example, as a result of product order volume growth in prior periods and industry-wide supply challenges due to both constrained manufacturing capacity as well as shortages of component parts, our backlog grew and remained elevated in fiscal 2022 and 2023.As customer buying patterns normalize, order growth moderates, and supply chain conditions improve, we expect our backlog to reduce to a level generally in line with historical levels.Further, customer behaviors have been changing as a result of worldwide macroeconomic factors, which has reduced demand and may continue to reduce demand for certain of our products and services.If we are not able to respond to and manage the impact of these supply challenges and behavioral changes effectively, or if general macroeconomic conditions or conditions in the industries in which we operate deteriorate, our business, operating results, financial condition, and cash flows could be adversely affected.",N/A
"If our assumptions regarding these risks and uncertainties and our future revenue  growth are incorrect or change, or if we do not address these risks successfully, our financial condition and results of operations could differ materially  from our expectations, and our business could be materially adversely affected.We have a history of losses.As our costs increase, we may not be able to generate sufficient revenue to achieve and sustain profitability.We have experienced net losses in each period since inception.We generated net losses of $90.4 million and $93.4 million for the fiscal years ended  December 31, 2023 and 2022, respectively.",N/A
"Except as otherwise specified, “we”, “us”, “our”, “FTAI”, “FTAI Aviation” or “the Company” refer to us and our consolidated subsidiaries.Our business has been, and will continue to be, conducted through FTAI Aviation Holdco Ltd. (“Holdco”) for the purpose of acquiring, managing and disposing of transportation and transportation-related equipment assets.We are externally managed by FIG LLC (the “Manager”), an affiliate of Fortress Investment Group LLC, which has a dedicated team of experienced professionals focused on the acquisition of transportation and infrastructure assets since 2002.On May 22, 2023, Fortress and Mubadala Investment Company, through its wholly owned asset management subsidiary Mubadala Capital (“Mubadala”), announced that they have entered into definitive agreements pursuant to which, among other things, certain members of Fortress management and affiliates of Mubadala will acquire 100% of the equity of Fortress that is currently indirectly held by SoftBank Group Corp. (“SoftBank”).After the closing of the transaction, Fortress will continue to operate as an independent investment manager under the Fortress brand, with autonomy over investment processes and decision making, personnel and operations.",N/A
"We are an early stage company with a history of losses and we expect to incur significant expenses and continuing losses for at least the next several years.We substantially rely on relationships with Tier 1 automotive suppliers and our business could be materially and adversely affected if we cannot establish or maintain relationships with one or more Tier 1 partners, or if we, through our relationship with various Tier 1 partners, are unable to obtain a sufficient number of design wins and successfully enter into definitive agreements or other commercial arrangements with automotive OEMs with respect to such design wins.We intend to raise additional capital in order to execute our business plan and to respond to changing market conditions, which additional capital may not be available on terms acceptable to us, or at all.Any restructuring actions and cost reduction initiatives that we undertake may not deliver the results we expect, and these actions may adversely affect our business.Our financial results could vary significantly from quarter to quarter and are difficult to predict, particularly in light of the current economic environment, which in turn could cause volatility in our stock price.",N/A
"Additionally, although a significant percentage of  our borrowers are non-prime and are not highly sensitive to interest rate movement, increases in interest rates may reduce the volume  of loans we originate.While we monitor the interest rate environment and seek to mitigate the impact of increased interest rates, we  cannot provide assurance that the impact of changes in interest rates can be successfully mitigated.In addition, the majority of our loan portfolio is comprised of fixed-rate loans.To the extent our funding costs increase in response  to an increase in market rates of interest, an abrupt increase in market rates of interest may have an adverse impact on our earnings until  we are able to originate new loans at higher prevailing interest rates.During 2023, we saw an increase in the cost of certificates of  deposit, our largest funding source, and we expect this increase to continue in 2024.",N/A
"Where appropriate, we will seek patent  protection for certain aspects of our technology.However, while our TumorGraft Technology Platform is proprietary and  requires significant know-how to both initiate and operate, it is not patented.It is, therefore, possible for competitors to develop  other implantation procedures, or to discover the same procedures utilized by us, that could compete with us in our market.It also is unclear whether efforts to secure our trade secrets will provide useful protection.While we will use reasonable  efforts to protect our trade secrets, our employees or consultants may unintentionally or willfully disclose our proprietary  information to competitors resulting in a loss of protection.",N/A
"At the core of our operational and technological strategies is a focus on driving member satisfaction and enhancing our technological capabilities to support this experience.Our technology solutions continue to improve our member experience by providing real-time visibility into trip status, optimized trip routing, and automated trip assignments and billing.Our technology platform and continued technological enhancements reduce inbound calls from members that require assistance identifying the location of the transportation provider, improve on-time performance, and reduce costs while increasing efficiency and member satisfaction.Specifically, our platform and continuous investment in technology improvements, as well as digital customer integration, provide opportunities for revenue growth and reduced costs as well as the following additional benefits: • member communications through texting, email and automated calls, including the ability for the member to see the location of the transportation provider in real time on a mobile device; • optimized routing from industry-leading technology software; • automated trip assignments allowing for proactive management for rejected, canceled and late rides; 9 • automated billing allowing for more precise and timely mileage logs and service outcomes; and • driver application enhancements for transportation providers.With respect to our PCS segment, process improvements, augmented by technology, are expected to help reduce costs while maintaining quality and compliant patient care.",N/A
"In addition, because a relatively small number of large manufacturers, many of whom are our customers, dominate the industries in which they operate, it may be especially difficult for us to replace these customers if we lose their business.A significant portion of orders in our backlog are orders from our principal customers.In addition, a substantial investment is required by customers to install and integrate capital equipment into a production line.As a result, once a manufacturer has selected a particular vendor to supply capital equipment, the manufacturer will often attempt to consolidate its other capital equipment requirements with the same vendor.Accordingly, if a customer selects a competitor's product over ours, we could experience difficulty selling to that customer for a significant period of time.",N/A
"We have three existing products in the video chat space: Paltalk, Camfrog and Tinychat.Our major revenue-generating live video chat products are Paltalk and Camfrog.Each product  enables individuals to self-organize around topics and users with common affinities.Tinychat is web-based, enables adaptations of our video technology and does not require a download.It is primarily targeted for use in alternative markets and is focused on a younger demographic user base.",N/A
"Our ability to raise future capital on acceptable terms or at all will  be impacted by the macroeconomic environment, including rising and fluctuating interest rates, economic uncertainty and volatility in the capital market,  geopolitical tensions, including the ongoing war between Ukraine and Russia and the rising conflict in the Middle East, reoccurrences of COVID-19 or  other pandemics, or other future widespread public health epidemics, or other factors could also adversely impact our ability to access capital as and when  needed or increase our costs in order to raise capital.Current capital market conditions, including the impact of inflation, have increased borrowing rates  and can be expected to significantly increase our cost of capital as compared to prior periods.On August 4, 2023, we completed a public offering related to  the issuance and sale of 8,064,517 shares of our common stock (or pre-funded warrant in lieu thereof) at a purchase price of $0.62.We received $5 million  in gross proceeds from issuance of these shares.Our net proceeds from the offering amounted to $4.3 million after placement agent and other fees.",N/A
"If we fail to effectively manage our business, our financial condition and operating results could be harmed.If we fail to attract and retain key personnel, effectively manage succession, or hire, develop, and motivate our employees, our  business, financial condition, and operating results could be adversely affected.If we are unable to develop and introduce new offerings or expand into new markets in a timely and cost-effective manner, our  business, financial condition, and operating results could be negatively impacted.We have a short operating history in an evolving industry and, as a result, our past results may not be indicative of future  operating performance.Our business depends on a strong brand and we may not be able to maintain our brand and reputation.",N/A
"If we are unable to service our loan, the lender may  foreclose on and sell the assets securing such indebtedness to satisfy our payment obligations, which could prevent us from accessing those assets for our business and  conducting our business as planned, which could materially harm our financial condition and results of operations.Our obligations under the Debt Agreement are secured by substantially all of our assets, other than intellectual property.If we are unable to make payment on our secured debt  instruments when due, the lender under such instrument may foreclose on and sell the assets securing such indebtedness to satisfy our payment obligations, which could prevent  us from accessing those assets for our business and conducting our business as planned, which could materially harm our financial condition and results of operations.Further, if we are liquidated, the rights of the Lenders to repayment would be senior to the rights of the holders of our common stock to receive any proceeds from the  liquidation.The Lenders could declare a default under the Debt Agreement upon the occurrence of any event that the Lenders interpret as a material adverse change as defined  under the Debt Agreement, thereby requiring us to repay the loan immediately or to attempt to reverse the declaration of default through negotiation or litigation.",N/A
"We are also exploring the potential of our PROBODY platform in preclinical research in areas  outside of oncology, including in our collaboration with Moderna.We have utilized our PROBODY therapeutic platform to build a promising, broad pipeline of potential first-in-class and best-in-class  clinical-stage molecules.These are CX-904, a conditionally activated, PROBODY® TCE,  targeting the epidermal growth factor  receptor (“EGFR”) on tumor cells and the CD3 receptor on T cells; CX-2051, an investigational, conditionally activated ADC  targeting epithelial cell adhesion molecule (“EpCAM”); and CX-801, an investigational, masked version of interferon alpha-2b  (“IFNα2b”).Our current clinical-stage molecules address targets or mechanisms that have been previously validated as having anti- cancer activity but have been limited in their utilization due to systemic toxicities.We have incorporated our significant platform  expertise and ongoing clinical learnings to optimize predicted therapeutic index and the clinical potential of these promising agents  through tumor localized conditional activation.",N/A
"Because of the lack of evaluation of allogeneic products and gamma delta T cell therapy products in the  clinic to date, any such product's failure, or the failure of other allogeneic T cell therapies or gamma delta T cell therapies, may significantly influence  physicians' and regulators' opinions in regards to the viability of our entire pipeline of allogeneic T cell therapies, which could have a material adverse  effect on our reputation.If our gamma delta T cell therapy is viewed as less safe or effective than autologous therapies or other allogeneic T cell therapies,  our ability to develop other allogeneic gamma delta T cell therapies may be significantly harmed.All of our product candidates, including ADI-001, will require additional clinical and non-clinical development, regulatory review and approval in  multiple jurisdictions, substantial investment, access to sufficient commercial manufacturing capacity and significant marketing efforts before we can  generate any revenue from product sales.In addition, because ADI-001 is our most advanced product candidate, and because our other product candidates  are based on similar technology, if ADI-001 encounters safety or efficacy problems, manufacturing problems, developmental delays, regulatory issues or  other problems, our development plans and business would be significantly harmed, which could have a material adverse effect on our business, reputation  and prospects.Our gamma delta T cell candidates represent a novel approach to the treatment of autoimmune diseases and cancer indications that creates significant  challenges for us.",N/A
"If we encounter setbacks in our efforts to employ AI/ML and other automation tools to increase our operating efficiency, or if we employ AI/ML in a manner that reduces the accuracy or reliability of medical note creation, our business may suffer and we may be exposed to increased liability risks.Additionally, we expect to incur costs associated with the development and introduction of new products before the anticipated benefits or the returns are realized, if at all.We may experience technical problems and additional costs as we introduce new features to our platform and 22 Table of Contents service, and the productivity and satisfaction of physicians and clinicians could decrease, which might result in decreased use of our Augmedix Live and Augmedix Go Assist products.If any of these problems were to arise, our revenues, operating results, and reputation could suffer.We may not be able to keep pace with changes in technology or provide timely enhancements to our products and services.",N/A
"Any further expansion will also place a significant strain on our existing management, operational, and financial resources.Additionally, due to changing conditions in financial markets, financing may be more difficult or expensive to obtain at rates and terms that are acceptable to the Company.Although we currently have no material long-term need for capital expenditures at our existing operating subsidiaries, we will likely be required to make increased capital expenditures to fund our anticipated growth of operations, infrastructure, and personnel.In the future, we may need to seek additional capital through the issuance of debt (including convertible debt) or equity, depending upon the results of our operations, market conditions, or unforeseen needs or opportunities.Our future liquidity and capital requirements will depend on numerous factors, including: • the pace of expansion of our operations; • our response to competitive pressures; and • future acquisitions of complementary products, technologies or businesses.",N/A
"Our co-founder, Dr. Hare, remains employed by UM, and provides services to us as a consultant on a limited basis.The loss of Dr. Hare or any or all of these individuals could harm our business and might significantly delay or prevent the achievement of research, development or business objectives.Competition for regulatory, clinical manufacturing and management personnel in the pharmaceutical industry is intense.We may be unable to recruit or retain personnel with sufficient management skills in the area of cell therapeutics or attract or integrate other qualified management and scientific personnel in the future.Our product candidates represent new classes of therapy that the marketplace may not understand or accept.",N/A
"This synthetic small molecule program is a G protein-coupled receptor (“GPCR”) designated ART27.13.We are developing ART27.13 as a potential treatment for anorexia associated with cancer in a Phase 1b/2a trial, titled the Cancer Appetite Recovery Study (“CAReS”).Our second program, ART26.12 is a small molecule and the lead product candidate from our chemical library of inhibitors of fatty acid binding proteins, notably Fatty Acid Binding Protein 5 (“FABP5”), undergoing pre-clinical research as a potential treatment for painful neuropathies.In addition, ART26.12 may have broad applications as a cancer therapeutic, a treatment for pain and inflammation, and potential use in anxiety-related disorders, including post-traumatic stress disorder.We are also developing our own invention ART12.11 (the “CBD cocrystal”).",N/A
"may not be able to satisfy its indemnification  obligations in the future.Risks Relating to Our Business Operations •The success of our IP licensing business is dependent on the strength of our patent portfolios.We enter into IP license agreements that have fixed expiration dates and if, upon expiration or termination, we are unable to renew or replace  such license agreements on terms favorable to us, our results of operations could be harmed.If we fail to protect and enforce our IP rights, contract rights, and our confidential information, our business will suffer.",N/A
"We believe that our solutions will not only make venues and facilities safer and more enjoyable, but also more efficient, more informed about their visitors' needs, and ultimately more profitable.Our touchless security screening systems have screened over one billion visitors since 2019 worldwide since our inception.We believe that we have screened more visitors through advanced AI-based detection systems in the United States than any organization, other than the United States Transportation Security Administration (“TSA”).Our customers include many iconic venues across a wide variety of industries, including major sports stadiums and arenas, notable performing arts and entertainment venues, major tourist destinations and cultural attractions, hospitals, large industrial workplaces, schools, and prominent houses of worship.We offer our products for lease or purchase and utilize a multi-year security-as-a-service subscription pricing model that delivers ongoing value to customers, generates predictable revenue, and creates expansion and upsell opportunities.",N/A
"In addition, the fluctuation and volatility of currencies, even when it increases our  revenues or decreases our expenses, impacts our ability to accurately predict our future results and earnings.We may not be able to increase the number of new subscription-based accounts or cause existing accounts to  renew their subscriptions, which could have a negative impact on our future revenues and results of operations.We may not be able to increase demand for our subscription-based services in line with our growth strategy.Our accounts are not obligated to renew their subscriptions for our offerings, and they may elect not to renew.We  cannot assure renewal rates or the mix of subscriptions renewals.",N/A
"The advisory service is delivered through a web- based tool, Advisor, which is offered and managed by HealthEquity Advisors, LLC, our SEC-registered investment  adviser subsidiary.HealthEquity Advisors, LLC provides investment advice to its clients exclusively through the  Advisor tool on an interactive website.Members who utilize our mutual fund investment platform or subscribe for  Advisor services pay asset-based fees, which include the cost of the advisory service and all other expenses  associated with transactions made through these online tools.Advisor provides investment education guidance and management, including maintaining HSA cash (liquidity) in  amounts directed by the member, targeting risk appropriate portfolio diversification, and mutual fund selection.We offer investors access to three levels of service:  •  Self-driven: For members who do not subscribe for Advisor, we provide a mutual fund investment platform  to invest HSA balances.",N/A
"We cannot assure you that we will be able to adjust to changing market or regulatory conditions quickly or cost-effectively.If we fail to do so, our business, results of operations, and financial condition will be adversely affected.Our business model has yet to be tested and any failure to commercialize our strategic plans would have an adverse effect on our operating results and business.Investors should be aware of the difficulties normally encountered by a relatively new enterprise that is beginning to scale its business, many of which are beyond our control, including unknown future challenges and opportunities, substantial risks and expenses in the course of entering new markets and undertaking marketing activities.The likelihood of our success must be considered in light of these risks, expenses, complications, delays, and the competitive environment in which we operate.",N/A
"Federal regulators have issued advisory statements regarding cybersecurity.Generally, federal regulators expect that financial institutions should design multiple layers of security controls to establish lines of defense and to ensure that their risk management processes also address the risk posed by compromised customer credentials, including security measures to reliably authenticate customers accessing internet-based services of the financial institution.In addition, a financial institution's management is expected to maintain sufficient business continuity planning processes to ensure the rapid recovery, resumption and maintenance of the institution's operations after a cyber-attack involving destructive malware.A financial institution is also expected to develop appropriate processes to enable recovery of data and business operations and address rebuilding network capabilities and restoring data if the institution or its critical service providers fall victim to this type of cyber-attack.If the Company fails to observe the regulatory guidance, the Company could be subject to various regulatory sanctions, including financial penalties.",N/A
"At its core, AudioEye's offering provides an always-on testing, remediation, and monitoring solution that continually improves conformance with WCAG.This in turn helps businesses and organizations comply with WCAG standards as well as applicable U.S. and foreign accessibility laws.Our technology is capable of immediately identifying and fixing most of the common accessibility errors and addresses a wide range of disabilities including dyslexia, color blindness, epilepsy and more.AudioEye also offers additional solutions to provide for enhanced compliance and accessibility, including periodic auditing, human assisted technological remediations Table of Contents 3 and legal support services.Our solutions may be purchased through a subscription service on a month-to-month basis or with one or multi-year terms.",N/A
"Pharmaceutical product development entails substantial upfront capital expenditures and significant risk that any potential product candidate will fail to demonstrate adequate efficacy or an acceptable safety profile, gain regulatory approval, secure market access and reimbursement and become commercially viable.Therefore, any investment in us would be highly speculative.Our prospects are subject to the costs, uncertainties, delays and difficulties frequently encountered by companies in clinical development, especially clinical-stage pharmaceutical companies such as ours.Any predictions you make about our future success or viability may not be as accurate as they would otherwise be if we had a longer operating history or a history of successfully developing and commercializing pharmaceutical products.We will likely encounter unforeseen expenses, difficulties, complications, delays and other known or unknown factors in achieving our business objectives.",N/A
"• Personalized treatment planning and improved decision-making.Aquablation therapy combines cystoscopic visualization, which uses a camera attached to a hollow tube, along with ultrasound imaging and advanced planning software to provide the surgeon with a multidimensional view of the treatment area and enable personalized treatment planning for the patient's unique anatomy, improved decision-making and real-time monitoring during the procedure.• Targeted and controlled resection with consistent resection times.Aquablation therapy utilizes automated robotic resection to remove prostate tissue using a precise, heat-free waterjet.These features enable targeted and controlled tissue removal with rapid resection times that are highly consistent across prostate sizes and shapes and surgeon experience.",N/A
"Our security measures may also be breached in the future as a result of  associate error, failure to implement appropriate processes and procedures, advances in computer and  software capabilities and encryption technology, new tools and discoveries, malfeasance, third-party  action, including cyber-attacks or other international misconduct by computer hackers or otherwise.Additionally, we may have heightened cybersecurity, information security and operational risks as a result  of work-from-home arrangements.Our workforce operates with a combination of remote work and  flexible work schedules opening us up for cybersecurity threats and potential breaches as a result of  increased employee usage of networks other than company-managed.Furthermore, due to geopolitical  tensions related to the current conflict between Russia and Ukraine, the risk of cyber-attacks may be  elevated.This could result in one or more third-parties obtaining unauthorized access to our customer or  supplier data or our internal data, including personally identifiable information, intellectual property and  other confidential business information.",N/A
"Our ability to respond to periods of economic contraction may be limited, as certain of our costs remain fixed or even increase when revenue declines.We are vulnerable to additional or increased taxes and feesWe believe that the prospect of raising significant additional revenue through taxes and fees is one of the primary reasons that certain jurisdictions permit legalized gaming.As a result, gaming companies are typically subject to significant taxes and fees in addition to the normal federal, state, provincial, and local income taxes and such taxes and fees may be increased at any time.From time to time, legislators and officials have proposed changes in tax laws or in the administration of laws affecting the horse racing, online wagering, and casino industries.",N/A
"Even if we succeed in receiving marketing approval for and  commercializing one or more of our product candidates, we expect that we will continue to incur substantial research and development and other expenses  in order to discover, develop and market additional potential products.We expect to continue to incur significant expenses and increasing operating losses for the foreseeable future.The net losses we incur may fluctuate  significantly from quarter to quarter such that a period-to-period comparison of our results of operations may not be a good indication of our future  performance, particularly since we expect our expenses to increase if and when our product candidates progress through late-stage clinical development,  where costs may increase significantly.The size of our future net losses will depend, in part, on the rate of future growth of our expenses and our ability to  generate revenue.Our prior losses and expected future losses have had and will continue to have an adverse effect on our working capital, our ability to  fund the development of our product candidates and our ability to achieve and maintain profitability and the performance of our stock.",N/A
"Obtaining funds at market-leading interest  rates would have an adverse impact on the Company's net interest income and overall results of operations.The loss of large deposit relationships could increase the Bank's funding costs.The Bank has several large deposit relationships that  do not require collateral; therefore, cash from these accounts can generally be utilized to fund the loan portfolio.If any of these  balances are moved from the Bank, the Bank would likely utilize overnight borrowing lines on a short-term basis to replace the  balances.The overall cost of gathering brokered deposits and/or FHLB advances, however, could be substantially higher than the  Traditional Bank deposits they replace, increasing the Bank's funding costs and reducing the Bank's overall results of operations.",N/A
"To the extent such conditions exist or worsen, we could experience adverse effects on our business, financial condition, and results of operations.Financial markets may be adversely affected by the current or anticipated impact of military conflict, other geopolitical risk, and trade tensions.Military conflicts include military actions between Russia and Ukraine, Israel and Hamas, overall tension and conflict in the Middle East, and terrorism.Geopolitical risk is generally rising, with shipping incidents in the Red Sea causing losses and disruption to commercial shipping routes.In addition, trade tensions between the U.S. and China, the two largest global economies, increases economic uncertainty.",N/A
"Electronic Signatures in Global and National Commerce ActThe federal Electronic Signatures in Global and National Commerce Act, or ESIGN, and similar state laws, particularly the Uniform Electronic Transactions Act, or UETA, authorize the creation of legally binding and enforceable agreements utilizing electronic records and signatures.ESIGN and UETA require businesses that want to use electronic records or signatures in consumer transactions to get affirmative consent from consumers to receive or sign electronically any documents otherwise required by law to be “in writing”.When a consumer registers on our platform, we obtain his or her consent to transact business electronically, receive electronic disclosures and maintain electronic records in compliance with ESIGN and UETA requirements, and we maintain electronic signatures and records in a manner intended to support enforceability of relevant consumer agreements and consents.Federal Marketing Regulations",N/A
"We compete with numerous large national and regional home products  companies for, among other things, customers, orders from Home Depot and Lowe's, raw materials, skilled management, and  labor resources.Purchase volumes from our main home center customers have fluctuated substantially from time to time in the  past, and we expect such fluctuations to occur from time to time in the future.Some of our competitors may have greater financial, marketing, and other resources than we do and, therefore, may be able to  adapt to changes in customer preferences more quickly, devote more resources to the marketing and sale of their products,  generate greater national brand recognition, or adopt more aggressive pricing policies than we can.In addition, some of our  competitors may resort to price competition to sustain or gain market share and manufacturing capacity utilization, and we may  have to adjust the prices on some of our products to stay competitive, which could reduce our revenues.We also face competition with respect to some of our products from competitors in countries with lower regulatory, safety,  environmental, and other costs, such as China, Vietnam, Thailand, and Malaysia.",N/A
"3 Table of Contents Services Agreement On December 12, 2023, the Company entered into a Services Agreement with Starboard (the “Services Agreement”), pursuant to which, upon the Company's request, Starboard will provide to the Company certain trade execution, research, due diligence and other services.Starboard has agreed to provide the services on an expense reimbursement basis and no separate fee will be charged by Starboard for the services.Pursuant to the Services Agreement, the Company has agreed that Starboard (and certain of its affiliates) will not be liable to the Company for acts or omissions relating to the Services Agreement in the absence of bad faith, fraud, willful misconduct or gross negligence.The Company will also indemnify and advance expenses to Starboard (and certain of its affiliates) against any loss, cost or expense relating to third party claims in connection with the services or the Services Agreement.The Services Agreement provides (i) that certain work product developed by each of the Company and Starboard will be owned by the party that produced such work product and (ii) for mutual confidentiality obligations between the Company and Starboard for information disclosed pursuant to the Services Agreement.",N/A
"Our internal control over financial reporting is a process designed to  provide reasonable assurance regarding the reliability of financial reporting and the preparation of financial statements for external purposes in accordance  with generally accepted accounting principles.Pursuant to the rules and regulations of the SEC regarding compliance with Section 404 of the Sarbanes-Oxley Act of 2002, we are required to furnish a report by our management on our internal control over financial reporting.However, while we remain an  emerging growth company or a smaller reporting company with less than $100 million in revenue, we will not be required to include an attestation report  on internal control over financial reporting issued by our independent registered public accounting firm.Failure to comply with the rules and regulations of  the SEC could potentially subject us to sanctions or investigations by the SEC, the applicable stock exchange or other regulatory authorities, which would  require additional financial and management resources.",N/A
"The evo Dry Vapor Shipper (“DVS”) is specifically marketed for use with cell and gene therapies.The evo DVS has several design improvements over traditional competing shipping containers, providing benefits such as extended thermal performance, reduced liquid nitrogen recharge time, improved payload extractors, and the ability to maintain temperature for longer periods if the shipper is tilted on its side.We partner with couriers with established logistic channels and distribution centers.This strategy greatly reduces the time and resource requirements associated with establishing our own logistics services, such as acquiring and maintaining fleets of delivery vehicles and building specialized facilities around the world.Partnerships with multiple white glove couriers allow us to scale our sales and marketing efforts by leveraging couriers' existing channel relationships, as well as the ongoing efforts of their sales and service teams.",N/A
"Our corporate culture promotes open and honest communication, fair treatment, collegiality and high ethics and compliance standards.Our Code of Ethics and Conduct (""Code of Conduct"") applies to all directors, officers and employees and provides clear expectations and guidance to facilitate appropriate decisioning.Our Code of Conduct covers topics such as compliance with securities laws, conflicts of interest, giving and receiving gifts, discrimination, harassment, privacy, appropriate use of Company assets, protecting confidential information, and reporting Code of Conduct violations (including through an anonymous third-party hotline).All employees are required to affirm their understanding of these standards on at least an annual basis.We also regularly conduct mandatory compliance training on the Code of Conduct, insider trading, whistleblower protections, anti-harassment and other legal and corporate policies.",N/A
"·  our ability to attract new customers, whether patients or strategic channel partners or other customers;·  the timing of recognition of revenues;·  the amount and timing of operating expenses;·  general economic, industry and market conditions, both domestically and internationally, including any economic downturns and adverse impacts resulting from the COVID-19 pandemic and/or the military conflict between Russia and Ukraine;·  the timing of our billing and collections;",N/A
"We believe that our insurance coverage is presently adequate  and similar to, or greater than, the coverage maintained by other companies in the industry of our size.If  we are unable to obtain adequate or required insurance coverage in the future, or if our insurance is not  available at affordable rates, we would violate our permit conditions and other requirements of the  environmental laws, rules, and regulations under which we operate.Such violations would render us unable  to continue certain of our operations.These events would have a material adverse effect on our financial  condition.8  The inability to maintain existing government contracts or win new government contracts over an  extended period could have a material adverse effect on our operations and adversely affect our  future revenues.",N/A
"Drug development and obtaining regulatory approval for a product involves  a long, expensive and uncertain process, involving a high degree of risk.Before obtaining regulatory approvals for the commercial sale of any product candidate, non-clinical studies and clinical trials must  demonstrate that the product candidate is safe and effective for use in each target indication.We or our collaborators, as applicable, may not  be able to demonstrate the efficacy and safety of any of our current product candidates or any future product candidate at each stage of  clinical development or we may encounter other issues with any clinical trials or non-clinical studies required for regulatory submissions.Success in non-clinical studies or in earlier clinical trials or interim results of clinical trials may not be repeated or observed in ongoing,  future or completed studies or trials involving the same compound or other product candidates.Some or all of our or our collaborators'  clinical trials may fail to meet their primary or key secondary endpoints, raise safety issues or generate mixed results.",N/A
"If agents do not understand our value proposition, we might not be able to attract, retain and incentivize agents or maintain our agent growth rate, which would adversely affect our revenue growth and results of operations.Participation in our commission plan represents a key component of our agent and broker value proposition.Agents might not understand or appreciate our value.In addition, agents might not appreciate other components of our value proposition including the systems and tools that we provide to agents, and the professional development opportunities we create and deliver.We compete with many other real estate brokerages for qualified agents and if agents do not understand the elements of our agent value proposition, or do not perceive it to be more valuable than the models used by most competitors, we might not be able to attract, retain and incentivize new and existing agents to grow our revenue.",N/A
"The market area is serviced by 51 banks, savings institutions, and credit unions and, in addition, branches of virtually every major brokerage house serve the Company's market area.The Company continues to build a stronger presence, expanding into additional markets in the last four years, which includes a commercial loan production office based in Richmond, Virginia.The banking business in Virginia, and in the Company's primary service areas in the Hampton Roads MSA, is highly competitive and dominated by a relatively small number of large banks with many offices operating over a wide geographic area.As a result, the Bank faces intense competition in all areas of its business.Among the advantages such large banks have over the Company is their ability to finance wide-ranging advertising campaigns, and by virtue of their greater total capitalization, to have substantially higher lending limits than the Company.",N/A
"A material amount of our Treatment and Services Segments' revenues are generated through various  government contracts or subcontracts.Most of our government contracts or our subcontracts granted under  government contracts are awarded through a regulated competitive bidding process.Some government  contracts are awarded to multiple competitors, which increase overall competition and pricing pressure and  may require us to make sustained post-award efforts to realize revenues under these government contracts.Contracts with, or subcontracts involving, the U.S federal government are generally terminable for  convenience at any time at the option of the governmental agency.The multi-year contract that was awarded  to us and our JV partner, Campoverde Srl, by the European Commission (the “Contracting Authority”) on  December 18, 2023, for the treatment of radioactive waste from the Joint Research Center in Ispra, Italy as  discussed previously may be terminated by the Contracting Authority under certain conditions as set forth in  the contract.",N/A
"There are two basic types of title insurance policies – one for the mortgage lender  and one for the real property owner.A lender often requires property owners to purchase title insurance to protect the priority of its  mortgage loan, but the lender's title insurance policy does not protect the property owner.The property owner has to purchase a  separate owner's title insurance policy to protect its investment.5 Insured Risk on Policies in Force:  Generally, the amount of the insured risk under a title insurance policy is equal to the purchase  price, the loan amount or the fair market value of the insured property.If a claim is made against an insured property's title, the  insurer can choose to pay the cost of eliminating the covered title defects or to defend the insured party against the covered title  defects affecting the property.",N/A
"To help support this operation, we own and operate four  natural gas-fired cogeneration plants that produce electricity and steam.These plants, in the Midway-Sunset and  McKittrick fields, supply approximately 10% of our steam needs and approximately 43% of our field electricity  needs to power our operations in California, on average generally at a discount to electricity market prices.The  lower steam and electricity contributions compared to prior year was due to economic decisions made on when to  run the cogeneration plants.To further help offset our costs, we also sell electricity produced by two of our  cogeneration facilities under long-term contracts with terms ending in December 2024 and November 2026.We also  own 59 conventional steam generators to help satisfy the steam required by our operations.",N/A
"1,822  1,623  1,416  1,265  1,114   894   605   401   264   214Onsite revenue (1) $ 2,926.7  2,465.5  1,898.0  1,485.6  1,391.7  1,081.7  770.2  569.2  454.3  387.7Average monthly sales  per Onsite location (2) $  141.6  135.2  118.0  104.1  115.5  120.3  127.6  142.7  158.4  157.6Other revenue (3) $  346.4  353.5  386.7  574.6  281.9  257.6  220.7  194.7  133.1  120.5Total in-market locations (4)   3,419  3,306  3,209  3,268  3,228  3,121  2,988  2,904",N/A
"88.0 %    100.0 %    68.4 %    63.5 %    21.0 % Carbon12.0 %    0.0 %    31.6 %    36.5 %    79.0 % Total100.0 %    100.0 %    100.0 %    100.0 %    100.0 % (1) Non-carbon usage includes hydro, nuclear, wind and solar (2) Carbon usage includes coal and natural gas 9 (4) (3)  (3) (1)  (2)(3) Norcross and College Park are offset by renewable energy credit purchases (4) Energy reported by grid operators as uncategorized is excluded from the percentages aboveWe purchase energy from the electrical grid, and as a result our energy mix will vary from period to period based on a variety of factors including weather,  temperature, demand, and how the grid operator ultimately procures and utilizes energy resources.",N/A
"Whether any competitor substantially increases its engineering and marketing resources to compete with us in the semiconductor IP interconnect and SIA software technology arena.Whether a new entrant with substantially greater resources and/or supported by governmental resources decides to enter the markets in which we compete.Whether any existing or new competitor bundles its technologies into one package at a discounted price that would make it uneconomical for our customers to license our products separately.The challenges of developing, or acquiring externally developed, technology solutions that are adequate and competitive in meeting the rapidly evolving requirements of next-generation design challenges.Our ability to compete on the basis of payment, pricing, features and/or terms.",N/A
"We have a limited operating history on which to evaluate our business and prospects.While we have generated product revenues from CAPLYTA, we cannot guarantee that CAPLYTA will be successfully commercialized or that any of our product candidates currently in development will ever become marketable products.We must demonstrate that our product candidates satisfy rigorous standards of safety and efficacy for their intended uses before the FDA and other regulatory authorities in the European Union and elsewhere will approve them for commercialization.Significant additional research, non-clinical testing and clinical testing is required before we can submit applications to the FDA or other regulatory authorities for approval of our drug candidates.In addition, to compete effectively, our drugs must be easy to administer, cost-effective and economical to manufacture on a commercial scale.",N/A
"The Association faces intense competition in its market areas both in making loans and attracting deposits.Its market  areas have a high concentration of financial institutions, including large money centers and regional banks, community banks  and credit unions, and it faces additional competition for deposits from money market funds, brokerage firms, mutual funds and  insurance companies.Some of its competitors offer products and services that the Association currently does not offer, such as  commercial business loans, trust services and private banking.The majority of the Association's deposits are held in its offices located in Cuyahoga County, Ohio.As of June 30, 2023  (the latest date for which information is publicly available), the Association had $5.0 billion of deposits in Cuyahoga County,  and ranked fifth among all financial institutions with offices in the county in terms of deposits, with a market share of 4.67%.",N/A
"We hold liabi a lities based on the value of the benefits f we expect to be payable under such guarantees in excess of the contract holders' proje o cted account balances.As a result, any periods of significant and sustained negative or low separate account returns, increased equity volatility, or reduc d ed interest rates could result in an increase in the valuation of our liabi a lities associated with variable annuity guarantees.Additionally, we make assumptions regarding policyholder behavior at the time of pricing, including the selection and utilization of the guaranteed options inherent within our produc d ts (e.g., utilization of option to annuitize within a GMIB product).An increase in the valuation of the liabi a lity could result to the extent emerging and actua t l experience deviates from these policyholder persistency and option utilization assumptions.We review key actua t rial assumptions used to record our variable annuity liabilities on an annual basis, including the assumptions regarding policyholder behavior.",N/A
"Some of the factors that could materially and adversely affect our business, financial condition, results of operations and cash flows include, but are not limited to, the following: • as a marketing services company, our revenues are highly susceptible to declines as a result of unfavorable economic conditions and future economic conditions could adversely impact our financial condition and results; • our business depends on generating and maintaining ongoing, profitable client demand for our services and solutions, and a significant reduction in such demand could materially affect our results of operations; • our business could be adversely affected if we fail to retain our existing clients; • we face significant competition, and a failure to compete successfully in the markets we serve could harm our business; • maintaining and enhancing our and our Brands' brands and reputations is critical to our business prospects, and harm to our or our Brands' brands and reputations may limit our ability to acquire new clients, retain existing clients and attract and retain qualified personnel; • if we do not successfully manage and develop our relationships with our Global Affiliate partners or if we fail to anticipate and establish new alliances in new technologies, our results of operations could be adversely affected; • we are making investments in new product offerings and technologies and may increase such investments in the future.These new ventures are inherently risky, and we may never realize any expected benefits from them; • we are subject to risks related to our use of AI, including generative AI; • as a global business, we are substantially dependent on operations outside the United States, and any failure to manage the risks presented by our international operations could have a material adverse effect on our business, results of operations, financial condition and prospects; • we are exposed to the risk of client defaults, and in an economic downturn, the risk of a material loss related to such client defaults could significantly increase; • if we fail to manage our growth effectively, we may be unable to execute our business plan, maintain high levels of customer service, or adequately address competitive challenges; • natural disasters, terrorist attacks, war, civil disturbances and infrastructure breakdowns could disrupt our business and harm our results of operations; • seasonal fluctuations in marketing, research, communications and advertising activity could have a negative impact on our revenue, cash flow and operating results; • we may not realize the benefits we expect from past and future acquisitions and other strategic transactions, including the Transactions; 15 • in the future, we may acquire other companies in pursuit of growth, which may divert our management's attention, result in dilution to our stockholders and consume resources that are necessary to sustain our business; • our business is highly dependent on the services of Mark Penn, our CEO and Chairman; • if we are unable to keep our supply of skills and resources in balance with client demand around the world and attract and retain professionals with strong leadership skills, our business, the utilization rate of our professionals and our results of operations may be materially adversely affected; • some of our Brands rely upon signatory service companies to employ union performers in commercials, and any inability to produce advertisements with union performers could impair our ability to serve our advertising clients and compete; • we face legal, reputational and financial risks from any failure to protect client data from security incidents or cyberattacks; • we are subject to extensive data privacy laws and regulations; • litigation, investigations, or other legal proceedings could expose us to significant liabilities and have a negative impact on our reputation or business; • we are subject to industry regulations and other legal or reputational risks that could restrict our activities or negatively impact our performance or financial condition; • we are subject to laws and regulations in the United States and other countries in which we operate, including export restrictions, economic sanctions, the FCPA, and similar anti-corruption laws.Compliance with these laws requires significant resources, and non-compliance may result in civil or criminal penalties and other remedial measures; • our business operations could suffer if we fail to adequately protect and enforce our intellectual property and other proprietary rights; • if we infringe, misappropriate or otherwise violate the intellectual property rights of third parties or are subject to an intellectual property infringement or misappropriation claim, our ability to grow our business may be severely limited and our business could be adversely affected; • our products and services use open source software, and any failure to comply with the terms of one or more applicable open source licenses could adversely affect our business, subject us to litigation, and create potential liability; • our substantial indebtedness could adversely affect our ability to raise additional capital to fund our operations, limit our ability to react to changes in the economy or in our industry, expose us to interest rate risk to the extent of our variable rate debt, and prevent us from meeting our obligations under our indebtedness; • we may be unable to service all our indebtedness; • we may need additional capital in the future, which may not be available to us.The raising of any additional capital may dilute holders' ownership percentage in our stock; • if our available liquidity is insufficient, our financial condition could be adversely affected and we may be unable to fund contingent deferred acquisition liabilities, and any put options if exercised; • our Up-C structure places significant limitations on our cash flow because our principal asset is our interest in OpCo, and, accordingly, we depend on distributions from OpCo to pay our taxes and expenses, including payments under the Tax Receivables Agreement; • our Tax Receivables Agreement with Stagwell Media requires us to make cash payments to Stagwell Media in respect of certain tax benefits to which we may become entitled, and we expect the payments we are required to make to be substantial, may be required to be made prior to the time that we recognize any associated tax benefits and may make our company a less attractive target to potential acquirers; • our results of operations are subject to foreign currency exchange fluctuation risks; 16 • our goodwill, intangible assets and right-of-use lease assets may become impaired; • material weaknesses in our internal control over financial reporting were identified as of December 31, 2023.If our remediation of these material weaknesses is not effective, or if we fail to maintain effective internal control over financial reporting in the future, we may not be able to accurately or timely report our financial results, which could adversely affect investor confidence in our company, our results of operation and our stock price; • our disclosure controls and procedures and internal controls may not prevent or detect all errors or acts of fraud; • if our judgments or estimates relating to our critical accounting policies are based on assumptions that change or prove to be incorrect, our results of operations could fall below expectations of securities analysts and investors, resulting in a decline in our stock price; • we may be subject to adverse tax consequences, such as those related to changes in tax laws or tax rates or their interpretations, and the related application of judgment in determining our global provision for income taxes, deferred tax assets or liabilities or other tax; • we may face material adverse tax consequences resulting from the Transactions in Canada, the United States or other jurisdictions; • our stock price may be volatile; • if our operating and financial performance in any given period does not meet any guidance that we provide to the public, the market price for our Class A common stock, par value $0.001 per share (the “Class A Common Stock”), may decline; and • a significant portion of our Class A Common Stock is restricted from immediate resale but may be sold into the market in the future, which could negatively affect the market price of our Class A Common Stock.",N/A
"In addition, the majority of our  manufactured products are produced in Mexico.The wages of our employees and certain other employee benefit and indirect costs are  made in Pesos.The Company does not employ any foreign currency hedges against this exposure.A negative shift in the value of the  U.S. dollar against the Peso could increase the cost of manufacturing.Our ability to recover these cost increases through price increases may continue to lag the cost increases, resulting in downward pressure  on margins.",N/A
"In addition, when  underwriting a commercial or industrial loan, we may take a security interest in commercial real estate, and, in some instances  upon a default by the borrower, we may foreclose on and take title to the property, which results in the incurrence of tax and  other maintenance costs and which may lead to potential financial risks for us under applicable environmental laws.If  hazardous substances were discovered on any of these properties, we may be liable to governmental agencies or third parties for  the costs of remediation of the hazard, as well as for personal injury and property damage.Many environmental laws can  impose liability regardless of whether the accused lender knew of, or had been responsible for, the contamination.Furthermore, the repayment of loans secured by commercial real estate is typically dependent upon the successful  operation of the related real estate or commercial project.If the cash flows from the project are reduced, a borrower's ability to  repay the loan may be impaired.",N/A
"References to “ARS” are to  the lawful currency of Argentina, the Argentine peso.Segment Information The Company's operations consist of four mine sites - Çöpler, located in Erzincan Province, Türkiye (“Çöpler”),  Marigold, located in Nevada, United States (“Marigold”), Seabee, located in Saskatchewan, Canada (“Seabee” or  “SGO”), and Puna, located in Jujuy Province, Argentina (“Puna”) - each of which is a reportable operating segment  and which are also referred to as producing assets.The contributions to revenue by reportable operating segment for  the year ended December 31, 2023 were 31% from Çöpler (2022 – 31%; 2021 – 41%), 38% from Marigold (2022 –  30%; 2021 – 29%), 11% from Seabee (2022 – 21%; 2021 – 15%) and 20% from Puna (2022 – 18%; 2021 – 15%).See Note 3 to the Consolidated Financial Statements for further information relating to reportable operating  segments.The Company also participates in exploration and development activities at properties located in the United States,  Argentina, Canada and Türkiye.",N/A
"The commercial success of our planned or future products is not guaranteed.d •We may a impl m ement a product recall or voluntary r market k withdrawal,l which could signi i fic i antly increase our costs, t damage our reput e ation, and disru i pt u our business.If we do not manage product inventory effe f ctivelyl and effic f iently,y it could adverse r ly affe f ct profita f bility.If we do not effe f ctivelyl manage our dist i ribution centers, it couldl adverse r ly affe f ct our business and financial condition.If we do not continue to obtain favorable purchase terms with manufac f turers, it could adverse r ly affe f ct our operating results.",N/A
