Risky Sentences,T/F
"If we fail to attract new customers, retain existing customers, or maintain or increase sales to customers, our business, financial condition, results of operations, and growth prospects will be harmed.Our operating results may fluctuate significantly and our past operating results may not be a good indication of future performance.Our efforts to transition our international go-to-market strategy from a direct model to a distributor model may not be successful and may negatively impact our operating results and brand value.• Economic uncertainty in our key markets may affect consumer purchases of discretionary items, which has affected and may continue to adversely affect demand for our products.If we are unable to maintain and enhance the value and reputation of our brand and/or counter any negative publicity, we may be unable to sell our products, which would harm our business and could materially adversely affect our financial condition and results of operations.",N/A
"If we fail to successfully construct or tool our manufacturing facilities or if our manufacturing facilities become inoperable, we will be unable to produce our vehicles and our business will be harmed.We have limited experience in high volume manufacture of our vehicles.If our vehicles fail to perform as expected, our ability to develop, market and sell or lease our products could be harmed.22 • We face challenges providing charging solutions for our vehicles, both domestically and internationally.We have limited experience servicing our vehicles and their integrated software.",N/A
"If our collaborators cease development efforts under our collaboration agreements, or if any of those agreements are  terminated, these collaborations may fail to lead to commercial products and we may never receive milestone payments or  future royalties under these agreements.If we do not achieve our projected development and commercialization goals in the timeframes we announce and expect,  the commercialization of any of our product candidates may be delayed, or never attained, and our business will be  harmed.We may not successfully engage in strategic transactions, including any additional collaborations we seek, which could  adversely affect our ability to develop and commercialize product candidates, impact our cash position, increase our  expense and present significant distractions to our management.If we are unable to successfully develop companion diagnostic tests for certain of our product candidates, or experience  significant delays in doing so, we may not realize the full commercial potential of our product candidates.We face competition from entities that have developed or may develop product candidates for cancer, including  companies developing novel treatments and technology platforms.",N/A
"Failure to comply with these regulations and requirements could lead to suspension or debarment, for cause, from government contracting or subcontracting for a period of time and could result in significant civil or criminal penalties.The termination of a government contract as a result of our failure to satisfy any of these obligations would have a material negative impact on our operations and harm our reputation and ability to procure other government contracts or grants in the future.Unfavorable provisions in government contracts and grants, some of which may be customary, may harm our future business, financial condition and potential operating results.Government contracts and grants customarily contain provisions that give the government substantial rights and remedies, many of which are not typically found in commercial contracts, including (but not limited to) provisions that allow the government to:• terminate existing contracts or grants, in whole or in part, for any reason or no reason;",N/A
"As an example of force majeure, a fire in November 2014 disrupted the operations at one of our contract manufacturers in Thailand.If we are required to identify alternative suppliers for any of our required components, qualification and pre-production periods could be lengthy and may cause an increase in component costs and delays in providing products to customers.Any extended interruption in the supply of any of the key components or the availability of manufacturing services that currently are obtained from limited sources could disrupt our operations and have a material adverse effect on our customer relationships and profitability.The long and variable sales cycle for certain of our products and services makes it more difficult for us to predict our operating results and manage our business.The sale of our products and services may require a significant technical evaluation and commitment of capital and other resources by potential customers and end users, as well as delays frequently associated with end users' internal procedures to deploy new technologies and to test and accept new technologies.",N/A
"The majority of our products are components of our customers' products that are used in critical industrial applications.A failure of our components could lead to a product recall.If a recall were to happen as a result of our components failing, we could bear a substantial part of the cost of correction.In addition to the cost of fixing the parts affected by the component, a recall could result in the loss of a portion of or all of the customer's business and damage our reputation.A successful product 11 Table of Contents     recall claim requiring that we bear a substantial part of the cost of correction or the loss of a key customer could have a material adverse effect on our business, prospects, financial condition, results of operations, or cash flows.",N/A
"Our business, financial condition or results of operations could be materially adversely affected by any of these risks.It is not possible to predict or identify all such factors.Consequently, the following description of Risk Factors is not a complete discussion of all potential risks or uncertainties applicable to our business.Risks Related to Our Business OperationsOur current cash balance is only expected to be sufficient to fund our planned business operations through approximately May 2024.",N/A
"● Failure to maintain effective internal control over financial reporting in accordance with Section 404 of the Sarbanes-Oxley Act could materially and adversely affect us.In connection with our separation from Neurotrope, we have agreed to indemnify Neurotrope for certain liabilities which could negatively impact our financial positions.● Increasing scrutiny and evolving expectations from customers, regulators, investors, and other stakeholders with respect to our environmental, social and governance (ESG) practices may impose additional costs on us or expose us to new or additional risks.We may be unable to adequately protect our information systems from cyberattacks, which could result in the disclosure of confidential or proprietary information, including personal data, damage our reputation, and subject us to significant financial and legal exposure.We are subject to risks related to corporate and social responsibility and reputation.",N/A
"Risks Related to Future Financial ConditionWe will need to raise substantial additional funding.If we are unable to raise capital when needed or on attractive terms, we would be forced to delay,  scale back or discontinue some of our product candidate development programs or future commercialization efforts.The development of pharmaceutical drugs is capital-intensive.We are engaged in clinical development activities on various programs and are also  currently advancing multiple development candidates through preclinical development across a number of potential indications.",N/A
"Typically, our average selling prices have declined over time due to continuous price pressure from our customers and competitive  cost reductions in our industry's supply chains.We seek to offset this decline by continually reducing our cost structure by  consolidating operations in lower cost areas, reducing other operating costs, by pursuing product strategies focused on product  performance and customer service, and developing new products for which we are able to charge higher prices.These efforts may  not enable us to fully offset price declines, and if they do not, our financial condition and operating results may be materially and  adversely affected.We may not be able to rapidly develop, manufacture and gain market acceptance of new and enhanced products required to  maintain or expand our business.We believe our continued success depends on our ability to continuously develop and manufacture new products and product  enhancements on a timely and cost-effective basis.",N/A
"The company's level of indebtedness could have adverse consequences to its business and operations, including the following:• the company may be unable to obtain additional financing for working capital, capital expenditures, product  development, acquisitions and other general corporate purposes; 11 • a significant portion of the company's cash flow from operations must be dedicated to debt service, which reduces  the amount of cash the company has available for other purposes; • the company may be more vulnerable in the event of a downturn in the company's business or general economic  and industry conditions and have limited flexibility in planning for, or reacting to, changes in its business and/or  industry; • the company may be disadvantaged compared to its competitors that are less leveraged and thereby have greater  financial flexibility; and • the company may be restricted in its ability to make strategic acquisitions and to pursue new business  opportunities.The company's current credit agreement limits its ability to conduct business, which could negatively affect the  company's ability to finance future capital needs and engage in other business activities.The covenants in the company's existing credit agreement contain a number of significant limitations on its ability to, among  other things:• pay dividends; • incur additional indebtedness; • create liens on the company's assets; • engage in new lines of business; • make investments;  • merge or consolidate; and • acquire, dispose of, or lease assets.",N/A
"To the extent our broad commercial release phase is unsuccessful, our financial results will be adversely impacted.Even if we are able to execute on our commercialization plan, our success depends on broad scientific and market acceptance of the Proteograph  Product Suite, which we may fail to achieve.Our ability to achieve and maintain scientific and commercial market acceptance of the Proteograph Product Suite will depend on a number of factors.We  expect that the Proteograph will be subject to the market forces and adoption curves common to other new technologies.The market for proteomics and  genomics technologies and products is in its early stages of development.",N/A
"In attempting to establish a presence in new markets, we expect to incur significant expenses and face various other challenges, such as expanding our sales force and management personnel to cover these markets.We have a history of losses, and we might not be able to achieve or sustain profitability.We experienced net losses of approximately $24.0 million and $27.6 million for the years ended December 31, 2023 and 2022, respectively.We cannot guarantee when or if we will achieve sustained profitability, particularly considering current economic uncertainty and increased interest rates.We expect to make significant future expenditures to develop and expand our business.",N/A
We could fail to continue to qualify as a REIT if the IRS successfully challenges our treatment of our mezzanine loans.We may incur a significant tax liability as a result of selling assets that might be subject to the prohibited transactions tax if sold directly by us.Our qualification as a REIT could be jeopardized as a result of our interests in joint ventures or preferred equity.We may be subject to adverse legislative or regulatory tax changes that could reduce the market price of our common stock.Set forth below are the risks that we believe are material to stockholders and prospective investors.,N/A
"We lease our properties in a relatively concentrated number of travel destinations, both in the United States and internationally.The  relative concentration of our properties in certain areas may expose us to a disproportionate level of risk relating to those areas.The location of our properties is relatively concentrated in travel destinations, including areas with possible risks associated with natural disasters and the physical effects of climate change as well as risks associated with local regulatory changes, changes in currency exchange rates and security risks.As a result, we may be disproportionately affected by adverse developments in those areas relative to competitors with more geographically diversified operations.The increasing complexity of the hospitality industry may have adverse effects on our business.",N/A
"Growth in markets we serve could be at a slow rate, or could stagnate, in each case, for an extended period of time.Differing economic and political conditions and patterns of economic growth and contraction in the geographical regions in which we operate and the markets we serve have affected, and may in the future affect, demand for our services.For the year ended December 31, 2023, 97% of our revenues were derived from our clients in the United States and Canada.Weakening demand in this market could have a material adverse effect on our results of operations.Ongoing economic and political volatility and uncertainty affects our business in a number of other ways, including making it more difficult to accurately forecast client demand beyond the short term and effectively build our revenue and resource plans, particularly in consulting.",N/A
"We are unable to predict the impact that any new regulations may have on our business at the time of filing this Annual Report.We continue to  monitor and proactively engage in dialogue on legislative matters related to our industry.In August 2021, the chair of the SEC stated that he believed investors using digital asset trading platforms are not adequately protected, and that activities on the platforms can  implicate the securities laws, commodities laws and banking laws, raising a number of issues related to protecting investors and consumers, guarding against illicit activity, and  ensuring financial stability.The chair expressed a need for the SEC to have additional authorities to prevent transactions, products, and platforms from “falling between  regulatory cracks,” as well as for more resources to protect investors in “this growing and volatile sector.”The chair called for federal legislation centering on digital asset  trading, lending, and decentralized finance platforms, seeking “additional plenary authority” to write rules for digital asset trading and lending.",N/A
"In the third  quarter of fiscal 2023, we launched a new app for Family Dollar with the goal of offering improved product discovery and engagement  with our smart coupon program, as well as to provide opportunities for our vendor partners to market their products through our app.In the fourth quarter of fiscal 2023, we entered into a multi-year sponsorship agreement with a NASCAR Cup Series racing team,  which will spotlight the Dollar Tree and Family Dollar brands as well as the brands of our vendor partners.We believe our substantial buying power and our flexibility in making sourcing decisions contributes to our successful purchasing  strategy, which includes targeted merchandise margin goals by category.We leverage our merchandising team to source products that  can be sold in both Dollar Tree and Family Dollar stores.We also believe our ability to negotiate with our vendor partners enables us  to manage the margin impact of economic pressures.",N/A
"Our cloud platform allows our developers to build and deploy in a lean and agile fashion with a focus on quality and solution adoption.We continue to build out our AI tools and predictive analytics capacity through identification of additional business cases and additional data features.Our data center is cloud-based, and through this platform we have been able to integrate the various SaaS and PaaS applications within our technology ecosystem and ensure that we have high availability and redundancy with business continuity in mind in an auto-scaling architecture.As of December 31, 2023, we had 584 total employees across all of our businesses, of which 581 are full-time.Our employees and independent contractors work from our U.S. offices or remote locations.",N/A
"If we do not compete effectively with scientific and commercial competitors, we may not be able to successfully commercialize our tests, increase our revenue or achieve and sustain profitability.If our current research collaborators or scientific advisors terminate their relationships with us or develop relationships with a competitor, our ability to discover genes, proteins, and biomarkers, and to validate and commercialize tests could be adversely affected.Risks Related to Our Intellectual Property •If we fail to protect our proprietary technology, others could compete against us more directly, which would harm our business.If we are subject to litigation or other proceedings arising from a claim of infringement of the intellectual property of a third party, we might incur significant costs and delays in test introduction or we could be prevented from using technologies incorporated in our tests.",N/A
"Any extended production halt or diminution in production capacity would have a  negative impact on our ability to fulfill orders and thus negatively impact our revenues, profitability and cash flows.Reduced profitability and liquidity, resulting in the restructuring of our credit facilities, and/or inadequate access to credit and capital  marketsThe COVID-19 pandemic and subsequent supply chain disruption have materially adversely impacted global commercial activity and  contributed to significant volatility in financial markets.The supply chain constraints, including the resulting inflationary environment  that has developed, continue to have a material adverse impact on economic and market conditions, potentially reducing our ability to  access capital, which could in the future negatively affect our liquidity.Future COVID-19 outbreaks and/or continuing supply chain constraints could cause a more severe contraction in our profits and/or  liquidity, which could lead to issues complying with the financial covenants in our credit facility.",N/A
"Douglas R. Bettinger is our executive vice president and chief financial officer with responsibility for Finance, Tax, Treasury, and  Investor Relations.Prior to joining the Company in 2013, Mr. Bettinger served as senior vice president and chief financial officer of  Avago Technologies from 2008 to 2013.From 2007 to 2008, he served as vice president of Finance and corporate controller at Xilinx,  Inc., and from 2004 to 2007, he was chief financial officer at 24/7 Customer, a privately held company.Mr. Bettinger worked at Intel  Corporation from 1993 to 2004, where he held several senior-level finance positions, including corporate planning and reporting  controller and Malaysia site operations controller.Mr. Bettinger currently serves on the Board of Directors of Lattice Semiconductor  Corporation, the SEMI Board of Industry Leaders, and the Industrial Advisory Board of the University of Wisconsin School of  Engineering.",N/A
"We have identified material weaknesses in our disclosure controls and procedures and internal control over financial reporting.Failure to remediate the material weaknesses or any other material weaknesses that we identify in the future could result in material misstatements in our financial statements.Pursuant to Section 404 of the Sarbanes-Oxley Act of 2002, as amended, our management is required to report on, and our independent registered public accounting firm is required to attest to, the effectiveness of our internal control over financial reporting.The rules governing the standards that must be met for management to assess our internal control over financial reporting are complex and require significant documentation, testing and possible remediation.Annually, we perform activities that include reviewing, documenting and testing our internal control over financial reporting.",N/A
"We are subject to risks of increased hotel operating expenses and decreased hotel revenues.Our leases with our TRS Lessees provide for the payment of rent based in part on gross revenues from our hotels.Our TRS  Lessees are subject to hotel operating risks including decreased hotel revenues and increased hotel operating expenses, including but  not limited to the following: • wage and benefit costs; • repair and maintenance expenses; • energy costs; • insurance costs; and • other operating expenses.Any increases in these operating expenses can have a significant adverse impact on our TRS Lessees' ability to pay rent and  other operating expenses and, consequently, our earnings and cash flow.In keeping with our investment strategy, we may acquire, renovate and/or re-brand hotels in new or existing geographic markets as  part of our repositioning strategy.",N/A
"Three customers, other than Infineon, represented 24%, 15%, and 10% of our revenue for the fiscal year ended December 31, 2023.Two customers, other than Infineon, represented 20% and 11% of our revenue for the fiscal year ended January 1, 2023.If we were to lose any of these key customers or experience a significant decrease in volume or sales prices, our financial results would be adversely affected.We currently sell to a relatively small number of customers in total, and we expect our operating results will likely continue to depend on sales to a relatively small number of customers for the foreseeable future.We cannot be certain that these customers will generate significant revenue for us in the future or if these customer relationships will continue to develop.",N/A
"• claim rights to products or assets, including intellectual property, developed under a contract or grant;• take actions that result in a longer development timeline or higher costs than expected;• suspend or debar a contractor from doing business with the government or a specific government agency due to regulatory or compliance failures;• pursue criminal or civil remedies under the False Claims Act and the False Statements Accountability Act; and• control or prohibit the export of products.",N/A
"We have incurred, and may continue to incur, expenses associated with sourcing, evaluating, and negotiating acquisitions (including those that do not get completed), and we have paid, and may in the future also pay, fees and expenses associated with financing acquisitions to investment banks and other advisors.Any of these amounts may be substantial, and together with the size, 22 Table of Content timing, and number of acquisitions we pursue, may negatively affect, and cause significant volatility in our financial results.In addition, we have assumed, and may in the future assume, liabilities of the companies we acquire.While we conduct a due diligence process and when appropriate, we retain third-party advisors to consult on potential liabilities related to these acquisitions, there can be no assurances that all potential liabilities will be identified or known to us.If there are unknown liabilities or other obligations, our business could be materially adversely affected.",N/A
"The mean Cmax of Anaphylm was 465 pg/mL after one dose and 2,958 pg/mL after two doses.In comparison, the epinephrine IM 0.3mg Cmax was 489 pg/mL after one dose and 911 pg/mL after two doses.The single dose of EpiPen resulted in a Cmax of 869 pg/mL.Changes in systolic blood pressure and heart rate were similar after a single dose of Anaphylm when compared to a single dose of EpiPen.This data, along with the data from the completed EPIPHAST study, was the basis for our second End-of-Phase 2 (EoP2) meeting with the FDA.",N/A
"In February 2022, we changed our name to Paramount Global.Unless the context requires otherwise, references in this document to “Paramount,” “the Company,” “we,” “us” and “our” mean Paramount Global and its consolidated subsidiaries, to “CBS” mean CBS and its consolidated subsidiaries prior to the Merger and to “Viacom” mean Viacom and its consolidated subsidiaries prior to the Merger.Our Segments TV Media Our TV Media segment consists of our (1) broadcast operations — the CBS Television Network, our domestic broadcast television network; CBS Stations, our owned television stations; and our international free-to-air networks, Network 10, Channel 5, Telefe and Chilevisión; (2) domestic premium and basic cable networks, including Nickelodeon, MTV, Comedy Central, BET and Paramount+ with SHOWTIME, and international extensions of certain of these brands; and (3) domestic and international television studio operations, including CBS Studios, Paramount Television Studios and SHOWTIME/MTV Entertainment Studios, as well as CBS Media Ventures, which produces and distributes first-run syndicated programming.TV Media also includes a number of digital properties such as CBS News Streaming for 24-hour news and CBS Sports HQ for sports news and analysis.TV Media's revenues are generated primarily from (1) advertising; (2) affiliate and subscription revenues principally comprised of (i) fees received from distributors for carriage of our cable networks (known as cable affiliate fees) and our owned television stations (known as retransmission fees) and (ii) fees received from television stations owned by third parties for their affiliation with the CBS Television Network (known as reverse compensation); and (3) the licensing and distribution of our content and other rights.",N/A
"We have based these forward-looking statements  on our management's beliefs and assumptions and on information currently available to our management.Although we believe that the  expectations reflected in these forward-looking statements are reasonable, you should not place undue reliance on forward-looking  statements because they relate to future events or our future operational or financial performance, and involve known and unknown risks,  uncertainties and other factors that may cause our actual results, performance or achievements to be materially different from any future  results, performance or achievements expressed or implied by these forward-looking statements.Important factors that may cause actual  results to differ materially from current expectations include those described under Part I, Item 1A.“Risk Factors” in this Annual Report on  Form 10-K.If one or more of these risks or uncertainties occur, or if our underlying assumptions prove to be incorrect, actual events or results  may vary significantly from those implied or projected by the forward-looking statements.",N/A
"If we raise additional funds in the future, by issuing equity securities, dilution to existing stockholders will result, and such securities may have rights, preferences and privileges senior to those of our common stock.If funding is insufficient at any time in the future and we are unable to generate sufficient revenue from new business arrangements, to repay our outstanding debts and/or redeem our preferred stock (pursuant to their terms), complete planned acquisitions or operations, our results of operations and the value of our securities could be adversely affected.Future funding may not be available on favorable terms, if at all.The terms of any new credit or debt agreement we enter into in the future to refinance or repay the Term Loan may be on less favorable terms, require additional, or more, restrictive covenants, and may further restrict our ability to operate.Uncertainty and illiquidity in credit and capital markets can impair our ability to obtain credit and financing on acceptable terms and can adversely affect the financial strength of our business partners.",N/A
"If we are unable to raise capital when needed, we may need to delay, reduce or eliminate our product  development programs or commercialization efforts.We expect our expenses to increase in parallel with our ongoing activities, particularly as we continue our discovery and preclinical development  collaborations to identify new clinical candidates and initiate clinical trials of, and seek marketing approval for, our product candidates.In addition, if we  obtain marketing approval for any of our product candidates, we expect to incur significant commercialization expenses related to product sales, marketing,  manufacturing and distribution.Accordingly, we will need to obtain substantial additional funding for our continuing operations.If we are unable to raise  capital when needed or on attractive terms, we may be forced to delay, reduce or eliminate our discovery and preclinical development programs or any  future commercialization efforts.",N/A
"We do not have  long-term supply arrangements with most of our vendors to obtain necessary components, including semiconductor chips, or  technology for our products and instead purchase components on a purchase order basis.If we are unable to purchase components  from these suppliers, our product shipments could be prevented or delayed, which could result in a loss of sales.If we are unable to  meet existing orders or to enter into new orders because of a shortage in components, we will likely lose net revenue, risk losing  customers and risk harm to our reputation in the marketplace, which could adversely affect our business, financial condition or results  of operations.For instance, we continue to experience long lead times and delays in shipments of semiconductor chips.As a result, we  have sought alternate sources of certain components, which have been at a higher cost.",N/A
"To support our manufacturing operations, we outsource certain requirements, including  sheet metal fabrication and plastic molding of components.The principal raw materials and subcomponents used in producing our security and inspection systems consist of X-ray  generators, linear accelerators, detectors, data acquisition and computer systems, conveyance systems, vehicles, and miscellaneous  mechanical and electrical components.A large portion of the optoelectronic devices, subsystems and circuit card assemblies used in our  inspection systems are manufactured in-house.A large proportion of our X-ray generators, linear accelerators, computers and  conveyance systems used in our cargo and vehicle inspection systems are purchased from unaffiliated third-party providers.The principal raw materials and subcomponents used in producing our healthcare products consist of printed circuit boards,  housings, mechanical assemblies, pneumatic devices, touch screens, medical grade displays, cables, filters, textiles, fabric, gauges,  fittings, tubing and packaging materials.",N/A
"In addition, to the extent we continue to grow our business both domestically and internationally, opening new markets  requires us to commit a substantial amount of resources even before the new services commence.Expansion is also dependent  upon our ability to maintain a safe and secure operation and requires additional personnel, equipment, and facilities.As a result, we are subject to the risks of doing business outside the United States, including: • the costs of complying with laws, regulations, and policies (including taxation policies) of foreign governments  relating to investments and operations, the costs or desirability of complying with local practices and customs, and the  impact of various anti-corruption and other laws affecting the activities of U.S. companies abroad;     • evolving local data residency requirements that require data to be stored only in and, in some cases, also to be accessed  only from within, a certain jurisdiction; • U.S. taxation of income earned abroad; • import and export licensing requirements and regulations, as well as unforeseen changes in regulatory requirements,  including imposition of tariffs or embargoes, import or export regulations, controls, and other trade restrictions;  23 • political and economic instability, including as a result of the ongoing conflict between Russia and Ukraine; • fluctuations in GDP, interest and currency exchange rates, civil disturbances, government instability, nationalization  and expropriation of private assets, trafficking and the imposition of taxes or other charges by governments; • health and safety protocols, including global care and cleanliness certifications, at the airports in which we operate; • the complexity of managing an organization doing business in many jurisdictions;  • uncertainties as to local laws and enforcement of contract and intellectual property rights and occasional requirements  for onerous contract clauses; and  • rapid changes in government, economic, and political policies; political or civil unrest; acts of terrorism; or the threat  of international boycotts or U.S. anti-boycott legislation.While these factors and the impact of these factors are difficult to predict, any one or more of them could lower our  revenues, affect our operations, increase our costs, reduce our profits, or disrupt our business.The occurrence of any of these  events in markets served by us and the resulting instability may adversely affect our business.",N/A
"Continued technological and geographic growth could also strain our ability to maintain reliable service levels for our users and advertisers, develop and improve our operational, financial, and management controls, enhance our reporting systems and procedures, and recruit, train, and retain highly skilled personnel.Our products are accessed by many users, often simultaneously.If the use of our marketplace continues to expand, we might not be able to scale our technology to accommodate increased capacity requirements, which might result in interruptions or delays in service.The failure of our systems and operations to meet our capacity requirements could result in interruptions or delays in service or impede our ability to scale our operations.These issues could result in difficulty in both attracting and retaining agents.",N/A
"The size of our future net losses will depend, in part, on the rate of future growth of our expenses and our ability to generate revenue.Our failure to become profitable would decrease our value and could impair our ability to raise capital, maintain our research and development efforts, expand our business and/or continue our operations.A decline in our value could also cause you to lose all or part of your investment.Risks Related to Discovery, Development and CommercializationWe face competition from entities that have developed or may develop programs for the diseases we plan to address with NGN-401 and NGN-101 or other product candidates.",N/A
"Our asset-liability management strategy, which is designed to mitigate risk from changes in market interest rates, may not  be able to prevent changes in interest rates from having a material adverse effect on our results of operations and financial  condition.Financial condition and profitability depend significantly on local and national economic conditions.Our success depends on general economic conditions locally, regionally and nationally.A portion of our customers' ability  to repay their obligations is directly tied to local, regional, national or global economic activity.Deterioration in the quality  of the credit portfolio could have a material adverse effect on our financial condition, results of operations, and ultimately  capital.",N/A
"Unless cured or waived, a default would permit lenders to accelerate the maturity of the debt under the credit agreement and to foreclose upon the collateral securing the debt.Loss of our key management or other personnel, or an inability to attract such management and other personnel, could negatively impact our business.We depend on the skills, working relationships, and continued services of key personnel, including our experienced senior management team.We also depend on our ability to attract and retain qualified personnel to operate and expand our business.If we lose one or more members of our senior management team whose responsibilities cannot otherwise be distributed among our other officers, or if we fail to attract talented new employees, our business and results of operations could be negatively affected.",N/A
"Thryv maintains full control over the user experience, to deliver a modern and consistent user experience.When Thryv feels functionality is of strategic long-term importance, or it is not readily available in the marketplace, we leverage our internal engineering teams to create technology and innovation on top of the existing SM 4 interoperable technology stack.Applications and/or features developed by our third-party developers specifically for our platform are not available outside of our platform on a stand-alone basis in the U.S., Canada, Australia, or New Zealand.Business Center is sold on a monthly auto-subscription basis, which generates a recurring revenue stream.Substantially all of our clients subscribe to contracts with a minimum six- month upfront commitment, after which clients continue on a month-to-month basis.",N/A
"We depend upon the supply of products available from our vendors to fulfill orders from our customers on a  timely basis.At present, there is a worldwide shortage of certain IT products resulting from shortages in  semiconductors and other components of those products.Like others in the industry, we are experiencing  ongoing supply constraints that have affected, and could continue to further affect, lead times and the  predictability of lead times for delivery of products, the cost of products, and our ability to meet customer  demands.As a result of longer lead times, some sales to customers have been deferred and we are carrying  more inventory which may result in higher warehouse and interest expenses.Delays in product shipments may  delay the completion of related services as well.",N/A
"There can be no assurance that the ISA will approve our application for a plan of work for exploitation and issue an exploitation contract to our subsidiaries in a timely manner or at all.Even if the ISA timely evaluates such applications(s), our subsidiaries may be required to submit a supplementary EIS or perform additional studies or campaigns before obtaining approval.As such, there is a risk that an exploitation contract may not be granted by the ISA, may not be granted on a timely basis, thereby delaying our potential timeline for commercial exploitation, or may be granted on uneconomic terms.Similarly, with respect to sponsoring State regulation, no assurance can be given that new rules and regulations will not be enacted or that existing rules and regulations will not be applied in a manner that would limit or curtail production or development by our subsidiaries.Amendments to current laws and regulations governing the operations and activities of deep-sea mineral resources companies, or changes in interpretation thereto, or the unwillingness of countries throughout the world to enforce such laws and regulations, could have a material adverse impact on our business, and could cause increases in exploration expenses, capital expenditures, production costs, or put the security of our equipment at risk to activism or piracy.",N/A
"If we fail to do so, our results of operations, financial condition or cash flows may be materially adversely affected.Any disruptions to the capabilities, composition, size or existence of our field sales force may have a significant adverse impact on our existing revenue stream.Further, our ability to effectively market and sell any future products that we may develop will depend on our ability to establish and maintain sales and marketing capabilities or to enter into agreements with third parties to market, distribute and sell any such products.Our field sales force has been and is expected to continue to be an important contributor to our commercial success.Any disruptions to our relationship with our field sales force could materially adversely affect our product sales.",N/A
"In May 2022, the Company entered into an Agreement and Plan of Merger (the ""BLI Agreement”) to purchase all of the membership interests of Brightline Interactive, LLC (""BLI”), an immersive technology company that provides VR and AR based training scenarios and simulations for commercial and government customers.The transaction's total potential purchase price is $32.5 million, with an initial payment of $8.0 million upon closing, consisting of $3.0 million in cash and approximately 0.71 million shares of the Company's common stock valued at $5.0 million at the time the Agreement was entered (and issued at closing based on a common stock floor price of $7.00/share).Future potential purchase price considerations, up to $24.5 million, are based on BLI's achievement of revenue growth milestones in the three years post-closing, the payment of which shall be made up to $12 million in cash and the remainder in common shares of the Company, priced at the date of the future potential share issuance subject to a common stock price floor of $7.00/share.The aggregate consideration to the members of BLI per the Agreement consisted of: (a) $568,046 cash paid (net of working capital adjustments, as defined, of $505,787) at the August 1, 2022 closing (the ""Closing”); (b) $1,926,167 of cash paid at the Closing to extinguish BLI's outstanding debt and pay down other obligations; (c) 714,286 shares of the Company's common stock fair valued at the Closing; and (d) future purchase price considerations payable to the members of BLI, up to a residual of $24,500,000.The $24,500,000 is based and payable on BLI's achievement of certain revenue growth milestones at points in time and cumulatively during the three years post-Closing Date, the payment of which shall be made up to $12,000,000 in cash and the remainder in common shares of the Company, priced at the dates of the future potential share issuance subject to a common stock price floor of $7.00 per share.",N/A
"The net losses we incur may fluctuate significantly from quarter to quarter.To become and remain profitable, we must develop, obtain approval for and eventually commercialize a drug or drugs with significant market potential, either on our own or with a collaborator.This will require us to be successful in a range of challenging activities, including completing preclinical studies and clinical trials of our product candidates, obtaining marketing approval for these product candidates, manufacturing, marketing and selling those drugs for which we may obtain marketing approval and establishing and managing any collaborations for the development, marketing and/or commercialization of our product candidates.We may never succeed in these activities and, even if we do, may never generate revenues that are significant or large enough to achieve profitability.If we do achieve profitability, we may not be able to sustain or increase profitability on a quarterly or annual basis.",N/A
"While both the U.S. and the World Health  Organization declared an end to the COVID-19 pandemic as a public health emergency in May 2023, the risks associated with  the resurgence of COVID-19 or another pandemic remains and the resulting impact on our business, results of operations,  financial conditions and cash flows as well as the U.S. and global economies is uncertain and cannot be predicted at this time.Risk Factors” for significant risks we have faced and may continue to face as a result of the COVID-19  pandemic or other pandemics, epidemics or public health emergencies.Industry Overview According to data from the Centers for Medicare & Medicaid Services (“CMS”), healthcare expenditures are a large component  of the U.S. economy and are expected to grow by an average of 5.4% per year for the period 2022-2031, reaching 19.6% of  gross domestic product, or GDP, by 2031.According to data from the 2021 American Hospital Association's Annual Survey,  published in the 2023 edition of the AHA Hospital Statistics™, there were more than 5,100 U.S. community hospitals with  approximately 788,000 staffed beds in the United States.Of these acute care facilities, approximately 3,600 were part of either  multi-hospital or diversified single hospital systems, meaning they were owned, leased, sponsored or contract managed by a  central organization.",N/A
"While not expected to review or approve each investment, our independent directors periodically review MC Advisors' services and fees as well as its portfolio management decisions and portfolio performance.In connection with these reviews, our independent directors consider whether our fees and expenses (including those related to leverage) remain appropriate.MC Advisors seeks to capitalize on the significant deal origination, credit underwriting, due diligence, investment structuring, execution, portfolio management and monitoring experience of Monroe Capital's investment professionals.The senior management team of Monroe Capital, including Theodore L. Koenig and Lewis W. Solimene, Jr., provides investment services to MC Advisors pursuant to a staffing agreement (the “Staffing Agreement”) between MC Management, an affiliate of Monroe Capital, and MC Advisors.Koenig and Solimene, Jr. have developed a broad network of contacts within the investment community and average more than 40 years of experience investing in debt and equity securities of lower middle-market companies.",N/A
"While we have discussed with Ms. Boulds the possibility of becoming our full-time Chief Financial Officer, it is anticipated that Ms. Boulds will continue to be employed on a part-time basis for the next twelve months.In addition to her role as Chief Financial Officer, Ms. Boulds is also operating her solo accounting practice providing services for clients unrelated to the Company.While we believe that Ms. Boulds currently devotes adequate time to the Company to perform the role and duties of our Chief Financial Officer, we cannot guarantee that she will be able to continue to do so until she is with the Company on a fulltime basis.If Ms. Boulds cannot devote adequate time to our Company to fulfil her role and duties as Chief Financial Officer or if any conflicts of interest arise during this time, it could have a material adverse impact on our Company.Our success depends on our continued investment in research and development, the level and effectiveness of which could reduce our profitability.",N/A
"These markets have experienced a 1.5% decrease in population between 2020 and 2024.As of December 31, 2023, the market's average median household income has increased over the last year by 6.7%, to $67,574, compared to the national median income level of $75,874.The household income growth rate in Pennsylvania of 10.3%, is projected to be slightly higher than the national average growth rates during the next five years of 10.1%.As of December 31, 2023, the market's unemployment rate was 2.8%, slightly lower than both the Commonwealth of Pennsylvania rate of 3.5% and the national average of 3.7%.As of September 30, 2023, the most recent date for which data is available, the House Price Index for the last four quarters in the state of Pennsylvania increased by 8.1%, compared to an increase in the national average of 5.5%.",N/A
"Our financial condition raises substantial doubt as to our ability to continue as a going concern.If we become unable to continue as a going  concern, we may have to liquidate our assets and the values we receive for our assets in liquidation or dissolution could be significantly lower  than the values reflected in our financial statements.We have incurred significant operating losses since our inception and expect that we will continue to incur losses over the next several years  and may never achieve or maintain profitability.We will require additional funding to be able to complete the development of our lead drug candidate.If we are unable to raise such capital,  or if we are unable to do so on acceptable terms, we will be forced to significantly alter our business strategy, substantially curtail our current  operations, or liquidate and cease operations altogether.",N/A
"Our core franchises include lifestyle and performance shoes, such as the Dasher and the Runner.We think of each franchise as a unique design that can leverage new materials innovations, colors, partnerships, and adjacent stylings to create freshness for the brand and our customers.Our unique technical expertise in footwear and materials research and development is a basis for our secondary apparel offerings, such as classic tees, sweats, socks, and underwear.We have examined every component that goes into our products to ensure we deliver design, comfort, and performance.Our innovative approach consists of leveraging materials that are both more sustainable than synthetic alternatives and have tangible benefits for our customers, such as comfort, temperature regulation, and odor control.",N/A
"Our partnership is currently active in fifteen markets, and we plan to expand this partnership over time to serve more of our collective communities.Citi Trends empowers small business owners in our store areas through our Black History Makers Grant program.Launched in  2021, the program supports Black entrepreneurs who are making an impact in their communities.It is designed to increase  awareness of Black-owned businesses, and we provide ten $5,000 grants to Black business owners each year.Since its launch,  CITIcares, on behalf of Citi Trends, has awarded a total of $150,000 to 30 outstanding Black entrepreneurs.",N/A
Risks Related to Our Securities ●Our failure to meet the continued listing requirements of Nasdaq could result in a delisting of our common stock.The market price for our common stock may be volatile.A significant portion of our total outstanding shares are restricted from immediate resale but may be sold into the market in the near future.We have a significant number of outstanding warrants.,N/A
"As of February 28, 2024, we have consummated certain of the Announced Divestitures, including our rights to two women's healthcare products in certain countries (other than in the U.K., which remains subject to regulatory approval) and commercialization rights in certain of the Upjohn Distributor Markets.Additionally, we expect to consummate the divestiture of our women's healthcare business and our API business in India by the end of the first quarter of 2024, in each case subject to satisfaction of certain closing conditions, and in January 2024, we exercised our option to accept the offer in the OTC Transaction and entered into a definitive transaction agreement with respect to such OTC Transaction.However, there remain a number of risks and uncertainties associated with the Announced Divestitures, including the remaining Announced Divestitures that have not been consummated (all such remaining Announced Divestitures referred to as the Pending Announced Divestitures), including, among other things: • the Pending Announced Divestitures not being completed on the expected timelines or at all, including but not limited to the inefficiencies and lack of control that may result if the Pending Announced Divestitures are delayed or not implemented effectively, and unforeseen difficulties and expenditures that may arise as a result; • the risk that the conditions set forth in the definitive agreements with respect to the Pending Announced Divestitures will not be satisfied or waived (including that, with respect to the OTC Transaction, the potential failure of the conditions in that transaction agreement related to obtaining required regulatory and other consents and approvals, which could give rise to the termination of that transaction agreement); • failure to realize the total transaction values for the Announced Divestitures and/or the expected proceeds for any or all of the Announced Divestitures, including as a result of any purchase price adjustment or a failure to achieve any 23 Table of Contents conditions to the payment of any contingent consideration (including, with respect to the OTC Transaction, that transaction agreement's net indebtedness and working capital adjustments as well as the up to €100.0 million in contingent additional cash consideration); • the possibility that the Company may be unable to realize the intended or expected benefits of, or achieve the intended or expected goals, outlooks, synergies or operating efficiencies with respect to, the Announced Divestitures, including but not limited to as a result of carrying stranded costs; • the risk that we will incur additional losses related to the Pending Announced Divestitures (with respect to the OTC Transaction, for instance, we recorded an estimated pre-tax loss of $735 million in the fourth quarter of 2023 for the difference between the estimated consideration to be received, less estimated costs to sell the business, and the carrying value of the business to be divested, including an allocation of goodwill (see Note 5 Divestitures in Part II, Item 8 of this Form 10-K for more information); • the cost of continued post-closing activities related to the divestiture of the commercialization rights in the Upjohn Distributor Markets and the risk that if the divestiture of the commercialization rights in the remaining Upjohn Distributor Markets are not completed, the distribution arrangements will expire in accordance with our agreement with Pfizer and the Company will wind down operations in these markets, which may result in significant additional asset write-offs and other costs being incurred; and • the risk that we may incur losses related to unhedged foreign exchange exposure related to receiving proceeds from the OTC Transaction in Euros.To the extent that the current market price of our common stock reflects an assumption that the Pending Announced Divestitures will be consummated in the timeframe and manner currently anticipated, and that the Company will prioritize use of net proceeds from the Pending Announced Divestitures for debt paydown, any delay in closing or failure to close the Pending Announced Divestitures could result in a decline in the market price of our common stock.Similarly, any delay in closing or failure to close the Pending Announced Divestitures could result in damage to our relationships with customers, suppliers and employees and have an adverse effect on our business.",N/A
"The SCS Microinjector, shown in the picture below, is composed of a syringe and two 30-gauge hollow microneedles of varying lengths, each  approximately one millimeter, within a custom-designed hub that optimizes insertion and suprachoroidal administration of drugs.Current intravitreal injections are performed in a procedure similar to that of suprachoroidal injections, except that the hypodermic needles and  syringes used in intravitreal injection procedures are designed so that the needle penetrates through all of the layers of the eye and drug is injected into the  vitreous cavity.Intravitreal injections are typically performed using a needle that is approximately five millimeters in length, or five times the length of our  microneedle.Using a needle of this length, the physician penetrates past the sclera, choroid and retina until reaching the vitreous and does not receive any  tactile feedback as to when the needle reaches one of the layers between the sclera and the vitreous.By contrast, our SCS Microinjector is designed to inject drug into the SCS.",N/A
"There can be no assurance as to the effect that NCM LLC's bankruptcy and emergence from Chapter 11 will have on its  ongoing relationships with its ESA Parties, vendors, network theater circuits, employees and customers.The Chapter 11 Case  required NCM LLC to forbear making payments to vendors for certain pre-petition goods and services until NCM LLC  assumed the underlying agreements.The delay of payments or non-payment due to provisions of the Bankruptcy Code may  have damaged underlying relationships with certain vendors and network theater circuits that may be difficult to repair.Additionally, AMC and Cinemark, the ESA Parties, sought a stay of the Confirmation Order and the Regal Order in the  Bankruptcy Court, the District Court for the Southern District of Texas, and the Fifth Circuit Court of Appeals, all of which  denied the request.The consolidated appeals of the Confirmation Order and the Regal Order on the merits are pending in the  United States District Court for the Southern District of Texas.",N/A
"Retail inventories are generally financed through trade credit at terms of 60 days or less.These various trade terms are aided by rapid product turnover of the restaurant inventory.Employees generally are  paid on weekly or semi-monthly schedules in arrears of hours worked except for bonuses that are paid either quarterly  or annually in arrears.Many other operating expenses have normal trade terms and certain expenses, such as  certain taxes and some benefits, are deferred for longer periods of time.Investing in our securities involves a degree of risk.",N/A
"If we do not adequately address these risks and difficulties or successfully  make such a transition, our business will suffer.We have not generated any product revenue to date, have incurred significant net losses since our inception, and expect to continue to incur significant  net losses for the foreseeable future.We have incurred significant net losses since our inception, have not generated any product revenue to date and have financed our operations  principally through issuances of our stock.As of December 31, 2023, we had an accumulated deficit of $403.3 million.Substantially all of our losses have  resulted from expenses incurred in  37",N/A
"Further, even if we do achieve profitability, we may not be able to sustain or increase profitability on a quarterly or annual  basis.Our failure to become and remain profitable would depress the value of our company and could impair our ability to raise capital, expand our  business, maintain our research and development efforts, diversify our product candidates or even continue our operations, any of which could have a  material adverse effect on our  37business, financial condition, results of operations, and prospects and cause investors to lose all or part of their investments.Our history of recurring losses and anticipated expenditures could raise substantial doubts about our ability to continue as a going concern.As of the date of this Annual Report on Form 10-K, we believe that with $159.7 million in cash and cash equivalents as of December 31, 2023, as  well as the proceeds raised subsequent to year end through our ATM program and underwritten public offering, we are capitalized into the second half of  2026.",N/A
"Generally, real estate  secured loans and mortgage loans are made when the borrower produces evidence of the ability to make timely debt service payments  along with appropriate equity investment in the property.Appropriate and regulatory compliant third party valuations are required at  the time of origination for real estate secured loans.The following briefly describes the composition of our loan portfolio by segment:  Commercial and industrial  The Bank offers a variety of commercial loan services to a diversified customer base over a range of industries, including wholesale  and retail trade in various durable and nondurable products, manufacturing of such products, financial and professional services,  healthcare services, marine transportation and maritime construction, and energy, among others.Commercial and industrial loans are  made available to businesses for working capital (including financing of inventory and receivables), business expansion, to facilitate  the acquisition of a business, and for the purchase of equipment and machinery, including equipment leasing, among other items.Commercial non-real estate loans may be secured by the assets being financed or other tangible or intangible business assets such as  accounts receivable, inventory, enterprise value or commodity interests, and may incorporate a personal or corporate guarantee;  however, some short-term loans may be made on an unsecured basis, including a relatively small portfolio of corporate credit cards,  generally issued as a part of overall customer relationships.",N/A
"32 Table of Contents • Our ability to continue to produce safe and effective products depends on the safety of our plasma supply, testing by third parties and the timing of receiving the testing results, and the manufacturing processes we have in place to counter transmittable diseases.We could become supply-constrained and our financial performance would suffer if we cannot obtain adequate quantities of FDA-approved source plasma with proper specifications or other necessary raw materials.The market price of our common stock may be volatile and may fluctuate in a way that is disproportionate to our operating performance.Risk Factors Described below are various risks and uncertainties that may affect our business.These risks and uncertainties are not the only ones we face.",N/A
"Further, if Cass fails to adopt or develop new technologies or to adapt its products and services to emerging industry standards, Cass may lose current and future customers.Finally, Cass' ability to adopt these technologies can also be inhibited by intellectual property rights of third parties.Any of these could have a material adverse effect on its business, financial condition and results of operations.The payment processing and financial services industries are changing rapidly and in order to remain competitive, Cass must continue to enhance and improve the functionality and features of its products, services and technologies.These changes may be more difficult or expensive than the Company anticipates.",N/A
"If we are unable to raise additional funds through equity or debt financings when needed, we may be required to delay,  limit, reduce or terminate our product development or future commercialization efforts or grant rights to develop and market product candidates that we  would otherwise prefer to develop and market ourselves.Because of the numerous risks and uncertainties associated with product development, we cannot  predict the timing or amount of increased expenses and cannot assure you that we will ever be profitable or generate positive cash flow from operating  activities.Our financial condition could be adversely affected if the financial institutions in which we hold our cash fail.We maintain cash deposits in Federal Deposit Insurance Corporation (FDIC) insured banks.The bank deposit balances may exceed the FDIC  insurance limits, and, currently, we hold our cash in a limited number of accounts.",N/A
"We anticipate that we will have sufficient access to liquidity to fund our cash needs; if we are unable to do so, we would  need to reduce our spending and it could have an adverse effect on us.We anticipate continuing to invest in our network infrastructure across our Uniti Leasing and Uniti Fiber portfolios.We  anticipate declaring dividends for the 2023 tax year to comply with our REIT distribution requirements.We anticipate that  we will partially finance these needs, together with operating expenses (including our debt service obligations) from our  cash on hand and cash flows provided by operating activities.We also expect the need to raise capital to fund obligations to  Windstream, including (i) $490.1 million of settlement payments payable over time (of which $171.5 million remains to be  paid as of December 31, 2023) and (ii) an aggregate of up to $1.75 billion for certain growth capital improvements (of  which $955.8 million remains to be paid as of December 31, 2023) in long-term value accretive fiber and related assets  made by Windstream (or other applicable tenant) to certain ILEC and CLEC properties (the “Growth Capital  Improvements”) subject to the Windstream Leases (although such investments will lead to higher rent payments).",N/A
"Our near-term success depends in large part upon the  performance by GSK of its commercial obligations under the GSK Agreements and the commercial success of RELVAR®/BREO® ELLIPTA® and  ANORO® ELLIPTA®.We have no control over GSK's marketing and sales efforts, and GSK might not be successful, which would harm our business and  cause the price of our securities to fall.Our quarterly royalty revenues may fluctuate due to a variety of factors, many of which are outside of our control.The amount of royalties and  milestone payments, if any, we receive will depend on many factors, including but not limited to the following: • the extent and effectiveness of the sales and marketing and distribution support GSK provides to our partnered products; • market acceptance and demand for our partnered products; • changes in the treatment paradigm or standard of care for COPD or asthma, for instance through changes to the GOLD (Global Initiative for  Chronic Obstructive Lung Disease) guidelines; • the competitive landscape of generic and branded products and developing therapies that compete with our products owned by GSK (such as  Advair®) but which are not partnered with us and pricing pressure in the respiratory markets targeted by our partnered products; • the size of the market for our partnered products; • the mix of sales of our partnered products; • decisions as to the timing of product launches, pricing and discounts; • reprioritization of GSK's commercial efforts on other products owned by GSK, which are not partnered with us; • GSK's ability to expand the indications for which our partnered products can be marketed; 35 Table of Contents• a satisfactory efficacy and safety profile as demonstrated in a broad patient population; • acceptance of, and ongoing satisfaction with, our partnered products by the medical community, patients receiving therapy and third-party  payors; • timing and amounts of payor rebate adjustments and prior period rebate adjustments; • seasonal fluctuations of demand; • the ability of patients to be able to afford our partnered products or obtain health care coverage that covers our partnered products; • safety concerns in the marketplace for respiratory therapies in general and with our partnered products in particular; • regulatory developments relating to the manufacture or continued use of our partnered products; • the requirement to conduct additional post‑approval studies or trials for our partnered products; • GSK's ability to obtain regulatory approval of our partnered products in additional countries; • the unfavorable outcome of any potential litigation relating to our partnered products; • general economic conditions in the jurisdictions where our partnered products are sold, including microeconomic disruptions or slowdowns; or • if our royalty revenue or operating results fall below the expectations of investors or securities analysts or below any guidance we may provide to  the market, the price of our common stock could decline substantially.",N/A
"We expect our expenses to increase as we advance our current and future drug candidates through preclinical studies and clinical trials, commercialize our drug candidates, and pursue the acquisition or in-licensing of any additional drug candidates.Our expenses could increase beyond expectations if the FDA or other regulatory authorities require us to perform preclinical studies or clinical trials in addition to those that we currently anticipate.In addition, even if we obtain marketing approval for our drug candidates, they may not achieve commercial success.Our revenue, if any, will be derived from sales of drugs that we do not expect to be commercially available for a number of years, if at all.If we obtain marketing approval for any drug candidates that we develop or otherwise acquire, we expect to incur significant expenses related to manufacturing, marketing, sales and distribution.",N/A
"Our solutions address complex environments where it is critical to optimize across the full asset lifecycle - asset design, operation, and maintenance - enabling customers to run their assets safer, greener, longer and faster.Thousands of companies, ranging from multi-national corporations to start-ups, rely on our software to help them run their assets more profitably, resiliently, and sustainably to meet their operational excellence and sustainability goals.We help customers solve some of their critical challenges via our purpose-built software that combines engineering first principles, deep industry domain knowledge, and advanced technologies.We drive significant value creation through our decades of experience in modeling, simulation, and optimization technologies.The operational challenges we help our customers solve include maintaining maximum efficiency in process operations, managing electrical grids amid the growth in renewable energy sources, helping ensure supply chain resiliency, reducing carbon emissions and more.",N/A
"As we are subject to risks inherent in substantial investments in a single industry, a decrease in the  communications business or development and implementation of any such new technologies would likely have an adverse  effect on our revenues.Our business is subject to government regulations and changes in current or future laws, regulations or rules could  restrict our ability to operate our business in the manner currently contemplated.Our business, and that of our tenants, is subject to federal, state and local regulation.In certain jurisdictions these  regulations could be applied or enforced retroactively.Local zoning authorities and community organizations are often  opposed to construction in their communities and these regulations can delay, prevent or increase the cost of new  distribution system construction and modifications, thereby limiting our ability to respond to customer demands and  requirements.",N/A
"We might require additional financing in the near-term and, if our operations do not achieve, or we experience an unanticipated delay in achieving, our intended level and pace of profitability, we will continue to need additional funding, none of which may be available on favorable terms or at all and could require us to sell certain assets or discontinue or curtail our operations.While we are attempting to diversify our customer base, we have historically derived a significant portion of our revenue from a few customers, and the loss of one of these customers, or a reduction in their demand for our products, could adversely affect our business, financial condition, results of operations, and prospects.Historically our customer base has been highly concentrated and a few customers have represented a substantial portion of our net sales.In 2023, two customers accounted for 48% of net sales.Total sales to our primary distributor to the U.S. Navy, combined with sales to shipbuilders for the U.S. Navy represented 70% of net sales in 2023.",N/A
"While these restrictions have been lifted, new variants of the coronavirus and/or the continued spread of the virus could cause government authorities to extend, reinstitute and/or adopt new restrictions.As a result, the possibility remains that the COVID-19 pandemic may   negatively impact almost every industry, both inside and outside these metro regions, directly or indirectly and has created business continuity issues.For instance, a number of our commercial tenants temporarily closed their offices or stores and requested temporary rent deferral or rent abatement during the pandemic.In addition, jurisdictions where we own and operate properties had implemented rent freezes, eviction freezes, or other similar restrictions.The full extent of the impacts on our business over the long term are   dependent on a number of factors beyond our control.",N/A
"If we are unable to effectively and efficiently market our products and services, our business, results of operations, and financial condition may be adversely affected.For example, historically one of our primary means of communicating with our subscribers and keeping them engaged with our products has been via email communication.Our ability to communicate via email enables us to keep our subscribers updated on new products and present discount and promotional offers, among other things.As consumer habits evolve in the era of web-enabled mobile devices and messaging/social networking apps, email use, particularly among the younger demographic, has declined.In addition, deliverability and other restrictions imposed by third-party email providers and/or applicable law have limited our ability to send emails to our current or prospective subscribers.",N/A
"Market, Interest Rate, and Liquidity Risks A Lack of Liquidity could Adversely Affect our Operations, Financial Condition and Results of Operations Liquidity is essential to our business and our ability to fund our operations, effectively manage the repayment and  maturity schedules of our loans and investment securities, distribute dividends to our shareholders, and fulfill our  debt obligations or deposit withdrawal demands.Our most important source of funding consists of deposits, which    is affected by external factors outside the Bank's control as well as customers' perceptions, business operations,  and investment goals.If customers move money out of bank deposits and into other investments, then we would  lose a relatively low-cost source of funds, increasing our funding costs and reducing our net interest income and net  income.Based on experience, we believe that our deposit accounts are relatively stable sources of funds.Other primary sources of funds consist of cash flows from operations, investment maturities and sales, loan  repayments, and proceeds from the issuance and sale of any equity and debt securities to investors.",N/A
"If demand for their products increases, our results are favorably impacted, while if demand for their products decreases, they may reduce their purchases of, or stop purchasing our products and our operating results would suffer.Even if we achieve a design win, our customers can delay or cancel the release of a new handset for any reason.Most of our customers can cease incorporating our products into their devices with little notice to us and with little or no penalty.The loss of a large customer and failure to add new customers to replace lost revenue would have a material adverse effect on our business, financial condition and results of operations.We face risks of a loss of revenue if contracts with the United States government or defense and aerospace contractors are canceled or delayed or if defense spending is reduced.",N/A
"We anticipate that our expenses will increase substantially if, and as, we: • enroll patients in our INSPIRE Duchenne trial and advance clinical development of SGT-003;  • advance our other Candidates into clinical trials; • continue research and preclinical development of our Candidates and adjacent technologies such as assays; • seek to identify additional candidates; • engage in regulatory interactions with the FDA and other regulatory authorities; • submit regulatory filings relating to the development of our Candidates and seek marketing approvals for our Candidates that successfully  complete clinical trials, if any; • establish a sales, marketing and distribution infrastructure to commercialize any products for which we may obtain marketing approval; • arrange manufacturing for larger quantities of our product candidates for preclinical and clinical development and potential commercialization; • maintain, expand, protect and enforce our intellectual property portfolio; • hire and retain additional clinical, quality control and scientific personnel; • build out new facilities or expand existing facilities to support our activities; • acquire or in-license other drugs, drug candidates, technologies and intellectual property; • fund a portion of the development or commercialization of products in collaboration with Ultragenyx pursuant to our collaboration and license  agreement with Ultragenyx; and • add operational, financial and management information systems and personnel.To become and remain profitable, we must develop and eventually commercialize one or more product candidates with significant market potential.This will require us to be successful in a range of challenging activities, and our expenses will increase substantially as we enroll patients in and conduct  the INSPIRE Duchenne trial and continue to develop our pipeline and complete ongoing and planned preclinical studies and clinical trials of our  Candidates, obtain marketing approval for our Candidates, develop adjacent technologies such as assays, develop and validate commercial-scale  manufacturing processes, manufacture, market and sell any future candidates for which we may obtain marketing approval and satisfy any post-marketing  requirements.Moreover, the manufacturing process requires materials which may fluctuate in cost or be limited or unavailable to us, as well as  relationships with contract development and manufacturing organizations to facilitate the manufacturing process.We may never succeed in any of these  activities and, even if we do, we may never generate revenue that is significant or large enough to achieve profitability.",N/A
"We have no products approved for commercial sale and, since our inception, we have been incurring significant operating losses, and expect to incur significant losses in the foreseeable future.As with any clinical development, we cannot be certain that our planned clinical trials will begin or be completed on time or at all.In addition, we have not yet demonstrated an ability to obtain marketing approvals, manufacture a commercial-scale product or arrange for a third party to do so on our behalf, or conduct sales, marketing and distribution activities necessary for successful product commercialization.Our ability to generate revenue depends on a number of factors, including, but not limited to, our ability to:• successfully complete our ongoing and planned preclinical and clinical studies for SLK; • timely file and gain acceptance of IND applications for our programs in order to commence planned clinical trials or future clinical trials; • successfully enroll subjects in, and complete, our ongoing and planned clinical trials; • obtain data related to SLK and generated prior to the License Agreement, but not transferred from MHKDG, which may delay our development and commercialization; • initiate and successfully complete all safety and efficacy studies required to obtain U.S. and foreign regulatory approval for our product candidates, and additional clinical trials or other studies beyond those planned to support the approval and commercialization of SLK; • successfully demonstrate to the satisfaction of the FDA, EMA, or similar foreign regulatory authorities the safety and efficacy and acceptable risk to benefit profile of SLK or any future SLK product candidates; • successfully manage the prevalence, duration and severity of potential side effects or other safety issues experienced with our product candidates, if any; • obtain the timely receipt of necessary marketing approvals from the FDA, EMA and similar foreign regulatory authorities; • establish commercial manufacturing capabilities or make arrangements with third-party manufacturers for clinical supply and commercial manufacturing; • obtain and maintain patent and trade secret protection or regulatory exclusivity for our product candidates; • launch commercial sales of our products, if and when approved, whether alone or in collaboration with others; • obtain and maintain acceptance of the products, if and when approved, by patients, the medical community and third-party payers; • position our product conducts to effectively compete with other therapies; • obtain and maintain healthcare coverage and adequate reimbursement for our products; • enforce and defend intellectual property rights and claims; and • maintain a continued acceptable safety profile of SLK following approval.",N/A
"In addition, stock market volatility has had a significant effect on the market prices of securities issued by many companies for reasons  unrelated to the operating performance of these companies.Downturns in the stock market may cause the price of our common stock  to decline.In the past, following periods of volatility in the market price of a company's securities, securities class action litigation has  often been initiated against such companies.If similar litigation were initiated against us, it could result in substantial costs and a  diversion of our management's attention and resources, which could have an adverse effect on our business.RISKS RELATED TO OUR INDEBTEDNESS AND FINANCING",N/A
"Since our inception, we have incurred significant operating losses.Our net loss was $201.6 million and $197.7 million for the  years ended December 31, 2023 and 2022, respectively.As of December 31, 2023, we had an accumulated deficit of $928.7 million.We expect to continue to incur expenses and operating losses for the foreseeable future.It could be several years, if ever, before  VOQUEZNA, VOQUEZNA TRIPLE PAK and VOQUEZNA DUAL PAK or other product candidates, if approved, generate significant  revenues to offset these expenses and operating losses.",N/A
"Incentive Fees The “Incentive Fees” are comprised of two parts: (1) the Income Based Fee; and (2) the Capital Gains Fee.Income Based Fee The “Income Based Fee” is calculated and payable quarterly in arrears based on the Pre-Incentive Fee Net Investment Income for the immediately preceding  calendar quarter and is payable promptly following the filing of our financial statements for such quarter.Under the Investment Management Agreement, “Pre-Incentive Fee Net Investment Income” is defined as interest income, dividend income and any other income  (including any other fees (other than fees for providing managerial assistance), such as commitment, origination, structuring, diligence and consulting fees we receive from  portfolio companies) we accrue during the relevant calendar quarter, minus the  operating expenses for such calendar quarter (including the Base Management Fee, expenses  payable under the Administration Agreement, and any interest expense and dividends paid on any issued and outstanding preferred stock, but excluding any portion of Incentive  Fee).Pre-Incentive Fee Net Investment Income includes any accretion of original issue discount, market discount, payment-in-kind interest, payment-in-kind dividends or  other types of deferred or accrued income, including in connection with zero coupon securities, that we have recognized in accordance with GAAP, but have not yet received in  cash (collectively, “Accrued Unpaid Income”).Pre-Incentive Fee Net Investment Income does not include any realized capital gains, realized and unrealized capital losses, or  unrealized capital appreciation or depreciation.",N/A
"We may also incur  additional unanticipated expenses in connection with this process.A considerable portion of these costs will be incurred regardless of whether any such  course of action is implemented or transaction is completed.Any such expenses will decrease the remaining cash available for use in our business.In addition, potential counterparties in a strategic transaction involving the Company may place minimal or no value on our assets or our public listing.Further, should we resume the development of our product candidates, the development and any potential commercialization of our product candidates will  require substantial additional cash to fund the costs associated with conducting the necessary preclinical and clinical testing and obtaining regulatory  approval.",N/A
"Most notably, First Watch is proud of two key efforts to give back in a meaningful way: • Project Sunrise: Through this initiative of passion, we source our coffee beans from women-owned farms in Colombia, and we pay an annual quality incentive bonus to farmers to further support their high-quality production.This program in turn empowers these women leaders to reinvest in their communities.• Pediatric Cancer Research: Through each sale of a First Watch kid's meal, we donate a portion of proceeds to the V Foundation in order to support and advance pediatric cancer research.To date, we have donated $1.0 million towards these important efforts.Growth Strategies New Restaurant Openings",N/A
"To the extent that we raise additional capital through the sale of common stock, convertible securities or other equity securities, our existing stockholders' ownership interests may be diluted, and the terms of these securities could include liquidation or other preferences and anti-dilution protections that could adversely affect the rights of our stockholders.In addition, debt financing, if available, may result in fixed payment obligations and may involve agreements that include restrictive covenants that limit our ability to take specific actions, such as incurring additional debt, making capital expenditures, creating liens, redeeming stock or declaring dividends, that could adversely impact our ability to conduct our business.In addition, securing financing could require a substantial amount of time and attention from our management and may divert a disproportionate amount of their attention away from day-to-day activities, which may adversely affect our management's ability to oversee the development of our product candidates.If we raise additional funds through collaborations or marketing, distribution, licensing and royalty arrangements with third parties, we may have to relinquish valuable rights to our technologies, future revenue streams or product candidates or grant licenses on terms that may not be favorable to us.If we are unable to raise additional funds when needed, we may be required to delay, limit, reduce or terminate our product development or future commercialization efforts or grant rights to develop and market product candidates that we would otherwise prefer to develop and market ourselves.",N/A
"We may need to raise additional capital to fund our existing operations, develop our products and/or expand our operations.• Failure or perceived failure to comply with existing or future laws, regulations, contracts, self-regulatory schemes, standards, and other obligations related to data privacy and security (including security incidents) could harm our business.Compliance or the actual or perceived failure to comply with such obligations could increase the costs of our products and services, limit their use or adoption, and otherwise negatively affect our operating results and business.21 Risks Related to Our Business and StrategyWe have a limited operating history and only recently launched our commercial products, which may make it difficult to  evaluate the prospects for our future viability and predict our future performance.",N/A
"We may not actually achieve the plans,  intentions or expectations disclosed in our forward-looking statements and you should not place undue reliance on our  forward-looking statements.1  PART I  ITEM 1. Business  Overview  Nutanix, Inc. (""we,"" ""us,"" ""our"" or ""Nutanix"") provides a leading enterprise cloud platform, which we call the  Nutanix Cloud Platform, that consists of software solutions and cloud services that power our customers' enterprise  infrastructure.Our solutions deliver a consistent cloud operating model across edge, private-, hybrid- and multicloud  environments for all applications and their data.Our solutions allow organizations to simply run and move their  workloads, including enterprise applications, high-performance databases, end-user computing and virtual desktop  infrastructure (""VDI"") services, container-based modern applications, and analytics applications, between on- premises and public clouds.Our goal is to provide a single, simple, open software platform for all hybrid and  multicloud applications and their data.",N/A
"In addition, a failure to comply with the conditions of our Loan Agreement, including a breach of any  covenant, could result in an event of default thereunder.In the event of an acceleration of amounts due under our Loan Agreement as a result of an event of  default, including upon the occurrence of an event or circumstance that could be expected to have a material adverse effect on our business, operations,  properties, assets or financial condition or a failure to pay any amount due, we may not have sufficient funds or may be unable to arrange for additional  financing to repay our indebtedness or to make any accelerated payments, and the lenders could seek to enforce security interests in the collateral securing  such indebtedness.Any declaration by the lenders of an event of default could significantly harm our business and prospects and could cause the price of  our common stock to decline.In addition, our outstanding debt combined with our other financial obligations and contractual commitments could have significant adverse  consequences, including: • restricting the amount of our cash resources, after satisfaction of our debt service obligations, available to fund working capital, research and  development efforts and other general corporate purposes; • limiting our flexibility in planning for, or reacting to, changes in our business and our industry; and • placing us at a competitive disadvantage compared to our competitors that have less debt or better debt servicing options.Raising additional capital may cause dilution to our stockholders, restrict our operations or require us to relinquish rights to our technologies or  product candidates.",N/A
"Gautam Ramdas  50  Vice President and Director – Global Market Development – Oil & GasBrian Haglund  39  Vice President of Operations – North America  Vineet R. Dalal, an employee of NTIC since 2004, has served as Vice President and Director – Global Market  Development – Natur-Tec® since November 2005.Prior to joining NTIC, Mr. Dalal was a Principal in the Worldwide  Product Development Practice of PRTM, a management consultancy to technology-based companies (now part of  PricewaterhouseCoopers Management Consulting).In this position, Mr. Dalal consulted for several Fortune 500  companies, in the areas of product strategy, Product Lifecycle Management (PLM) and technology management.Prior  to that, Mr. Dalal held positions in program management and design engineering at National Semiconductor  Corporation in Santa Clara, California.",N/A
"Our communications and marketing efforts across multiple geographies and demographic groups play an important role in building brand visibility, usage, and overall preference among customers.• Risk and compliance management—our enterprise risk and compliance management program is designed to help keep customer information secure and ensure we process legitimate transactions around the world, while identifying and minimizing illegal, high-risk, or fraudulent transactions.• Regulatory licenses—we believe that our regulatory licenses, which enable us to operate in markets around the world, are a distinct advantage and help support business growth.Merchant and Consumer Payment SolutionsIn late 2023, we reorganized our operations to be more closely aligned to the customers we serve—consumers, small businesses, and large enterprises—and to help enable our teams to deliver more seamless and differentiated end-to-end experiences.",N/A
"In addition, any such sublicense agreement must include certain provisions to ensure our ability to comply with the Harvard License Agreement.We are  also responsible for any breaches of a sublicense agreement by the applicable sublicensee, if such breach results in a material breach of the Harvard License  Agreement, provided that if we cure the breach or diligently enforce our rights to terminate the sublicense, we will not be subject to termination by Harvard  for the sublicensee's breach, even if it resulted in a material breach of the Harvard Agreement.In exchange for the licenses granted to us under the Harvard License Agreement, we initially issued to Harvard 101,363 shares of our common stock and  subsequently issued 765,549 shares of our common stock pursuant to anti-dilution rights in the Harvard License Agreement.We are also required to pay to  Harvard an annual license maintenance fee ranging from low-to-mid five figures to low six figures, depending on the particular calendar year.Harvard is  also entitled to receive potential clinical and regulatory milestones in the mid-to-high eight figure range, and to receive success payments based on  increases in the fair market value of our common stock.",N/A
"The long and variable sales cycle for certain of our products and services makes it more difficult for us to predict our operating results and manage our business.The sale of our products and services may require a significant technical evaluation and commitment of capital and other resources by potential customers and end users, as well as delays frequently associated with end users' internal procedures to deploy new technologies and to test and accept new technologies.For these and other reasons, the sales cycle associated with certain of our products is typically lengthy and is subject to a number of significant risks, such as end users' internal purchasing reviews, as well as availability of capital for deployments, that are beyond our control.Because of the lengthy sales cycle and the large size of certain customer orders, if orders forecasted for a specific customer are not realized or delayed, our operating results could be materially adversely affected.Our participation in a services and solutions model, using hardware and cloud-based services, presents execution and competitive risks.",N/A
"During the past five calendar years ending on December 31, 2023, we generated gross licensing revenue of approximately $225.7 million and returned approximately $84.9 million to our patent partners.Refer to Item 7. “Management's Discussion and Analysis of Financial Condition and Results of Operations” for additional information concerning our Patent Licensing, Enforcement and Technologies business.Energy Operations Business In November 2023, we invested $10.0 million to acquire a 50.4% equity interest in Benchmark Energy II, LLC (""Benchmark"").Headquartered in Austin, Texas, Benchmark is an independent oil and gas company engaged in the acquisition, production and development of oil and gas assets in mature resource plays in Texas and Oklahoma.Benchmark is run by an experienced management team led by Chief Executive Officer Kirk Goehring, who previously served as Chief Operating Officer of both Benchmark and Jones Energy, Inc.",N/A
"The availability of such products at competitive prices depends on many factors beyond our control, including the number and size of farms that grow natural or organic crops or raise livestock that meet our quality, welfare and production standards, tariffs and import regulations or restrictions on foreign-sourced products and the ability of our vendors to maintain required attributes or organic, non-genetically modified or other applicable third-party certifications for such products.Produce is also vulnerable to adverse weather conditions and natural disasters, such as floods, droughts, storms, frosts, wildfires, earthquakes, hurricanes, pestilences and other extreme or abnormal environmental conditions, including the potential effects of climate change, any of which can lower crop yields and reduce crop size and quality.This could reduce the available supply of, or increase the price of, fresh produce, which may adversely impact sales of our fresh produce and our other products that rely on produce as a key ingredient.In addition, we and our suppliers compete with other food retailers in the procurement of fresh, natural and organic products, and other specialty, attribute-driven products which are often less available than conventional products.If our competitors significantly increase these types of product offerings due to increases in consumer demand or otherwise, we and our suppliers may not be able to obtain a sufficient supply of such products on favorable terms, or at all, and our sales may decrease, which could have a material adverse effect on our business, financial condition, results of operations and cash flows.",N/A
"Our business depends on, and is directly affected by, the output and sales of the global automotive industry and the use of automobiles by  consumers.Pandemics or disease outbreaks, such as COVID-19, have disrupted, and may continue to disrupt, global  16automotive industry customer sales and production volumes.Vehicle production initially decreased significantly in China, which was first affected by  COVID-19, then Europe and also the United States.Subsequent events resulted in the shutdown of manufacturing operations in China, Europe and the  United States, and even though manufacturing operations have resumed, the capacity of such global manufacturing operations remains uncertain.",N/A
"The value of the properties leased to these tenants is materially dependent on their performance under their respective leases.These tenants face competition within their industries and other factors that could reduce their ability to pay us rent based on market and economic conditions, such as high interest rates, prolonged high inflation, supply chain challenges and economic downturns or a possible recession.A default by a single or majority tenant, the failure of a guarantor to fulfill its obligations or other premature termination of a lease to such a tenant or such tenant's election not to extend a lease upon its expiration could have an adverse effect on our financial condition, results of operations, liquidity and ability to pay distributions to our shareholders.We currently have a concentration of properties in the metropolitan Washington, D.C. market area and are exposed to changes in market conditions in this area.As of December 31, 2023, we derived approximately 22.2% of our annualized rental income from our consolidated properties located in the metropolitan Washington, D.C. market area.",N/A
"The failure to satisfy the required conditions could delay the completion of the Merger for a significant period of time or prevent it from occurring.Further, there can be no assurance that the conditions to the closing of the Merger will be satisfied or waived or that the Merger will be completed.If the Merger is not completed in a timely manner or at all, our ongoing business may be adversely affected, including as follows: • we may experience negative reactions from the financial markets, and our stock price could decline to the extent that the current market price reflects an assumption that the Merger will be completed; • we may experience negative reactions from employees, guests, suppliers, communities or other third parties; • we may be subject to further litigation, which could result in significant costs and expenses; • management's focus may be diverted from our day-to-day business operations and from pursuing other opportunities that could have been beneficial to the Company; • our costs of pursuing the Merger may be higher than anticipated; • we may have difficulties in attracting and/or retaining key employees; and • our access to capital markets may be limited and we may experience increased borrowing costs.If the Merger is not consummated, there can be no assurance that these risks will not materialize and will not materially adversely affect our stock price, business, results of operations and financial condition.The Merger Agreement includes customary termination rights in favor of each party.",N/A
"If one or more of these third-party providers cease to provide  financing or EPP to our customers, provide financing to fewer customers or no longer provide financing on  competitive terms, make changes to their products or no longer provide their products on competitive terms, it could  have a material adverse effect on our business, sales, and results of operations.Additionally, if we were unable to  replace the current third-party providers upon the occurrence of one or more of the foregoing events, it could also  have a material adverse effect on our business, sales, and results of operations.The success of our business relies heavily on our marketing and branding efforts and our ability to attract new  customers, and these efforts may not be successful.We operate dealership locations and our Cash Offer technology under our RideNow brand.In addition, we  operate certain dealership locations under OEM brands, such as Harley-Davidson, BMW and Indian.",N/A
"They may be able to respond more rapidly to new regulations and/or devote greater resources to the development and promotion of their business model.These third parties compete with us in recruiting and retaining qualified scientific and management personnel, establishing clinical trial sites and patient registration for clinical trials, and in acquiring technologies and technology licenses competitive to our programs or of potential use to our business.Early-stage companies may also prove to be significant competitors, particularly through collaborative arrangements with large and established companies.Mergers and acquisitions in the pharmaceutical and biotechnology industries may result in even more resources being concentrated among a smaller number of our competitors and could increase their ability to rapidly gain market share.As a result of these factors, management cannot be certain that the Company will be able to compete against current or future competitors or that competitive pressure will not seriously harm our business.",N/A
"Our United States operations generated revenue of $54.1 million for the year ended December 31, 2023, consisting of solar and battery revenue of $50.5 million, LED revenue of $3.1 million and finance revenue of $0.6 million.Our United States operations generated revenue of $45.5 million for the year ended December 31, 2022, consisting of solar and battery revenue of $40.6 million, LED revenue of $3.3 million and finance revenue of $0.8 million.· We commenced operations in China following the completion of two acquisitions on April 28, 2015.· We acquired the ownership of Chengdu Zhonghong Tianhao Technology Co., Ltd., (""Chengdu ZHTH”), through a share exchange agreement among us, one of our PRC subsidiaries and the equity owners of Chengdu ZHTH (together with its subsidiaries thereunder, ""ZHTH”).· We acquired the ownership of Jiangsu Zhonghong Photovoltaic Electric Co., Ltd., or ZHPV, through a share exchange agreement, as subsequently amended, between us and the holders of the stock of Accumulate Investment Co. Ltd., (""Accumulate”).",N/A
"Because of the numerous risks and uncertainties associated with product development, we cannot  predict the timing or amount of increased expenses and cannot assure you that we will ever be profitable or generate positive cash flow from operating  activities.Our financial condition could be adversely affected if the financial institutions in which we hold our cash fail.We maintain cash deposits in Federal Deposit Insurance Corporation (FDIC) insured banks.The bank deposit balances may exceed the FDIC  insurance limits, and, currently, we hold our cash in a limited number of accounts.Our access to these balances could be impacted if one or more of the  financial institutions in which we deposit monies fails or is subject to other adverse conditions in the financial or credit markets.",N/A
"We may be unable to obtain regulatory approval, manufacture a commercial scale product, or arrange for a third  party to do so on our behalf, achieve market access, and acceptance with insurers and health care providers, or conduct sales and marketing activities  necessary for successful product commercialization.Investment in biopharmaceutical product development is highly speculative because it entails substantial upfront capital expenditures and  significant risk that any potential product candidate will fail to demonstrate adequate efficacy or an acceptable safety profile, gain regulatory approval  and become commercially viable.If and when one of our product candidates were to  38receive regulatory approval, we would need to transition from a company with a research and development focus to a company capable of supporting  commercial activities.We may not be successful in such a transition.",N/A
"We own two patent families covering the composition of matter, form and methods of use for our product candidate TNG348 and other structurally  related USP1 inhibitors.The first family is jointly owned by us and Medivir AB and exclusively licensed to us under the Medivir Agreement.Patent  applications are pending in the United States, Australia, Brazil, Canada, China, Eurasia, Europe, Israel, India, Japan, Korea, Mexico, Malaysia, New  Zealand, Singapore, Thailand, Ukraine and South Africa.Any patents granted in this family would be expected to expire no earlier than 2043.The second  family is exclusively owned by us.",N/A
"Within our Viator segment, we are investing in growth, future scale, and market share gains to accelerate our market leadership  position, while improving unit economics on both sides of the marketplace that provide visibility to sustainable future profitability.This means driving  awareness and higher quality audience engagement, which we believe will drive greater repeat behavior, more direct traffic, and translate into improved  unit economics over time.Our investments on both sides of our marketplace, as well as in our primary offerings, are intended to deliver a differentiated  value proposition that we believe will drive sustainable market leadership as our partners, operators, and travelers find themselves in an increasingly  competitive marketplace environment.We are focused on continuing to grow both our supplier base and our user base by offering innovative tools and  features on our branded platforms, and through continued awareness of our brand through marketing efforts.We are focused on executing initiatives across the Tripadvisor group through organic investment in data, products, marketing and technology to  further enhance the value we deliver to travelers and partners across our brands, platforms, and segments.",N/A
