Risky Sentences,T/F
"However, compliance with such laws and regulations on the part of our suppliers may result in increased costs of supply to us, particularly if domestic environmental regulations in China become more prevalent.We have not been engaged in any environmental litigation or incurred any material costs related to compliance with environmental or other regulations.From time to time, we incur chemical and/or safety laboratory testing expenses in order to address customer requests regarding our product materials or method of manufacture, or regarding their packaging methods and standards.There are no specific regulatory or environmental requirements imposed upon the design segment of our business.As a paid service provider, customers are assisted in securing regulatory certifications including UL (Underwriters Laboratories – a U.S. based safety certification organization), FCC (Federal Communications Commission – U.S. governmental certification department for electronic goods), CE (Conformité Européenne – a European certification for health, safety and environmental protection standards) and others depending on needs, product types and locations of customers' product markets.",N/A
"Also, in response to the Russian attack on Ukraine that began in February 2022, the United States and many other countries began imposing sanctions on Russia and certain parts of Ukraine, including restrictions on the import and export of goods and services to those regions.These restrictions have also been expanded to other countries, including Belarus.Although we do not have a significant number of customers located in those regions, such actions have had some immaterial impact on our business.It is difficult to predict how long the conflict may last, how the conflict could escalate, and how the sanctions may evolve, which could cause a greater adverse impact on our business and operations.While we maintain incident response plans that include defined processes, roles, communications, responsibilities and procedures for responding to cybersecurity incidents and other events that impact our operations, and such plans are tested and evaluated on a regular basis, our disaster recovery planning cannot account for all eventualities and even if we anticipate an incident, our disaster recovery plans may not be sufficient to timely and effectively address the issue.",N/A
"We rely on third parties to fulfill buyer orders.We face significant competition and expect to face increasing competition in many aspects of our business, which could cause our operating results to suffer.We may not be able to rapidly grow our business outside the United States.We may not realize all of the anticipated benefits from the acquisition of Thomas because of difficulties related to integration, the achievement of synergies, and other challenges.• Unstable market and economic conditions, including a global or domestic recession or the fear of a recession, and inflation may have serious adverse consequences on our business, financial condition and share price.",N/A
"If there are substantial sales or issuances of shares of our Common Stock, the price of our Common Stock could decline.Our failure to meet the continued listing requirements of The Nasdaq Capital Market could result in a delisting of our securities.• Economic, regulatory, political and other events, including fluctuating interest rates, sustained inflation, slower growth or recession, issues with supply chain, shortage of labor, national and global geopolitical and economic uncertainty, may adversely affect our financial results.Our ability to meet the timelines we have established for production and manufacturing milestones of our EVs is uncertain.Risks Related to Our Business and Financial Results",N/A
"We rely heavily on information technology systems in all aspects of our operations including our restaurant point-of sale systems, financial systems, marketing programs, employee engagement, supply chain management, cyber-security, and various other processes and transactions.This reliance has grown since the onset of the COVID-19 pandemic as we have had to rely to a greater extent on systems such as online ordering, contactless payments, online reservations, and systems supporting a remote workforce.Our ability to effectively manage and run our business depends on the reliability and capacity of our information technology systems, including technology services and systems for which we contract from third parties.These systems and services may be insufficient to effectively manage and run our business.These systems and our business needs will continue to evolve and require upgrading and maintenance over time, consequently requiring significant future commitments of resources and capital.",N/A
"We estimate that there is a $12.5 billion total addressable market opportunity for FUROSCIX in the United States including both chronic heart  failure and CKD.We believe FUROSCIX will allow eligible patients with chronic heart failure and, if approved, chronic kidney disease with  worsening congestion due to fluid overload, to receive IV-strength diuresis outside the high-cost hospital setting.At a price of approximately  $898 per dose, we estimate the average cost of treatment with FUROSCIX for each episode to be approximately $4,490, which can be  significantly lower than the cost of a single hospitalization.Prevention of hospital admission and reduced readmission rates would result in  reducing days patients spend in the hospital each year.By decreasing the number of admissions and readmissions to hospitals, we believe  we can drive significant cost savings to payers and hospitals and improve patients' quality of life through outpatient management of their fluid  overload.",N/A
"A privacy or security breach involving our information technology systems, or the failure of our data security measures could interrupt our business, damage our reputation, and negatively affect our operations and profits.The protection of Guest, Team Member, and Company data is critical to us.We are subject to laws and regulations relating to information security, privacy, cashless payments, consumer credit, and fraud.Additionally, an increasing number of government and industry groups have established laws and standards for the protection of personal and health information.The regulatory environment surrounding information security and privacy is increasingly demanding, with the frequent imposition of new and constantly changing requirements including the California Consumer Privacy Act (CCPA) and other similar legislative initiatives.",N/A
"We expect to continue to incur operating losses as a result of expenses associated with the continued development and expansion of our business.Such expenses include among others, transaction costs associated with acquisitions, sales and marketing, research and development, consulting and support services and other costs relating to the development, marketing and sale and service of our products that may not generate revenue until later periods, if at all.Any failure to increase revenue or manage our cost structure as we implement initiatives to grow our business could prevent us from achieving or sustaining profitability.In addition, our ability to achieve profitability is subject to a number of the risks and uncertainties discussed below, many of which are beyond our control, including the impact of the current economic environment.We cannot be certain that we will be able to achieve or sustain profitability on a quarterly or annual basis.",N/A
"We may also be required to modify our plans for future studies based on findings in our ongoing clinical trials.Many compounds  that initially showed promise in early-stage testing have later been found to cause side effects that prevented further development of the compound.In  addition, regulatory authorities may draw different conclusions or require additional testing to confirm these determinations.Any of these occurrences may  harm our business, financial condition and prospects significantly.Undesirable side effects or other previously unknown problems could prevent us from achieving or maintaining market acceptance of Gimoti, or our future  product candidates, if approved, and could substantially increase the costs of commercializing and developing such products or product candidates.",N/A
"Although EPIFIX and EPICORD have coverage with the majority of large payers, a significant number of public and private insurers currently do not cover or reimburse our other products.The reimbursement landscape for our products varies depending upon the site in which the products are administered.If we are not successful in obtaining adequate coverage and reimbursement for our products from these third-party payers in one or more of the sites of service where our products are used, it could have an adverse effect on market acceptance of our products.Inadequate reimbursement levels would likely also create downward price pressure on our products.Even if we do succeed in obtaining widespread coverage and reimbursement rates or policies for our products, future changes in coverage or reimbursement rates or policies could have a negative impact on our business, financial condition and results of operations.",N/A
"Such factors may result in our being unable to pay our debts timely or as agreed.If we were unable to pay our debts, we would be required to pursue one or more alternative strategies, such as selling assets, refinancing or restructuring our indebtedness or selling additional equity capital.These alternative strategies might not be feasible at the time, might prove inadequate, or could require the prior consent of our lenders.If executed, these strategies could reduce the earnings available to our shareholders.We Need Substantial Liquidity to Operate Our Business.",N/A
"In this assessment, we projected significant delays due to several factors, including the operational challenges we faced enrolling a genetically defined subset of patients in the frontline setting, the impacts of COVID-19 on clinical trial site staffing and the loss of access to planned clinical trial sites in Ukraine and Russia.Patients who had already enrolled in the Phase 3 study were able to complete their course of treatment.Furthermore, in December 2023, we announced that we would not be continuing into the Phase 2 portion of the lanraplenib trial due to insufficient responses observed in the Phase 1b portion of the study.While we are open to partnering opportunities for the development of entospletinib or lanraplenib, any benefits we realize from the asset acquisition from Gilead will be much more limited than we originally hoped, and we may ultimately not realize any benefits from the acquisition.In addition, we may acquire other businesses, products or technologies as well as pursue joint ventures or investments in complementary businesses.",N/A
"Weak economic conditions or a significant deterioration in economic conditions reduce the amount of disposable income consumers have, which in turn reduces consumer spending and the willingness of qualified borrowers to take out loans.Such conditions are also likely to affect the ability and willingness of borrowers to pay amounts owed to automotive lenders, each of which would have a material adverse effect on our business.General economic conditions and the willingness or ability of automotive lenders to deploy capital impact our performance.Recently, the credit markets have experienced instability, resulting in credit and liquidity concerns and increased loan default rates.Many lenders have subsequently reduced their willingness to make new loans and have tightened their credit requirements.",N/A
"Challenges and risks presented by joint venture structures not otherwise present with respect to our wholly-owned subsidiaries and direct operations, include: • our joint ventures may fail to generate the expected financial results, and the return may be insufficient to justify our investment of effort and/or funds; • we may not control the joint ventures or our venture partners may hold veto rights over certain actions; • the level of oversight, control and access to management information we are able to exercise with respect to these operations may be lower compared to our wholly-owned businesses, which may increase uncertainty relating to the financial condition of these operations, including the credit risk profile; • we may experience impasses or disputes with our joint venture partners on certain decisions, which could require us to expend additional resources to resolve such impasses or disputes, including litigation or arbitration; • we may not have control over the timing or amount of distributions from the joint ventures; • our joint venture partners may have business or economic interests that are inconsistent with ours and may take actions contrary to our interests; • our joint venture partners may fail to fund capital contributions or fail to fulfill their obligations as partners; • the arrangements governing our joint ventures may contain restrictions on the conduct of our business and may contain certain conditions or milestone events that may never be satisfied or achieved; • we may suffer losses as a result of actions taken by our venture partners with respect to our joint ventures; and • it may be difficult for us to exit joint ventures if an impasse arises or if we desire to sell our interest for any reason.We believe an important element in the success of any joint venture is a solid relationship between the members of that venture.If there is a change in ownership, a change of control, a change in management or management philosophy, a change in business strategy or another event with respect to a member of our joint venture that adversely impacts the relationship between the venture partners, it could adversely impact such venture.If our partners are unable or unwilling to invest in our joint venture in the manner that is anticipated or otherwise fail to meet their contractual obligations, the joint venture may be unable to adequately perform and conduct its respective operations, or may require us to provide, or make other arrangements for additional financing for the joint venture.Such financing may not be available on favorable terms, or at all.",N/A
"We have received clearance from the U.S. Food and Drug Administration, or FDA, for an Investigational New Drug,  or IND, application to advance ACR-368 in Phase 2 single arm clinical trials conducted under the FDA program known as the master  protocol, which was developed to help expedite drug development in multiple tumor types for drugs with an established RP2D within  the same overall trial structure.Initially, patients with platinum-resistant ovarian, endometrial, or bladder cancer will be treated in this  trial.Patients will be stratified for treatment based on OncoSignature-predicted sensitivity to ACR-368 across multiple sites in the  United States in this trial with registrational intent.Through the use of our OncoSignature test, we believe we can significantly  increase the overall response rate, or ORR, observed in previous trials that were conducted without a prospective patient responder  identification method.We also plan to study ACR-368 in additional indications, such as human papilloma virus positive, or HPV+, squamous cell  carcinomas, including squamous cell cancer, or SCC, of head and neck, or SCCHN, anal, and cervical cancer, based on demonstrated  clinical single-agent activity in SCCHN and anal cancer and OncoSignature-based prediction of sensitivity to ACR-368 in a  proportion of patients in past clinical trials.",N/A
"We believe that our future success depends, in part, on our ability to grow this offering, both by retaining and expanding our relationship with existing customers and attracting new customers.Many customers initially use our platform within specific groups or departments within their organizations, or for specific use cases.Our ability to grow our UB business depends, in part, on our ability to persuade these customers to expand their use of our platform to address additional use cases.Further, the continued growth of our business requires that our customers renew their subscriptions with us and that we expand our relationships with our existing customers.Customers may decide not to renew their subscriptions with a similar contract period, at the same prices and terms, with the same or a greater number of users, or at all.",N/A
"Our cost reduction plan may be disruptive to our operations, and our workforce reductions could yield unanticipated consequences, such as attrition beyond planned workforce reductions, increased difficulties in our day-to-day operations and reduced employee morale.If employees who were not affected by the reduction in force seek alternate employment, this could result in the need for contract support at unplanned additional expense or harm our productivity.Our workforce reductions could also harm our ability to attract and retain qualified personnel.In addition, we may not realize the anticipated benefits, savings and improvements from our cost reduction efforts due to unforeseen difficulties, delays or unexpected costs.We operate in highly competitive, evolving markets, and if we do not continue to innovate and evolve, our business operations and competitiveness may be harmed.",N/A
"By comparison, medical conditions with a similar prevalence, such as diabetes and asthma, are comprehensively covered by conventional health insurance carriers and employers.Due to the high prevalence of infertility, its high costs of treatment and the limited insurance coverage provided for the disease, there is a significant unmet need for fertility services in the United States and several macro trends are driving that need for fertility treatments and propelling the overall size of the fertility market higher.While fertility treatments have been available for over 40 years to help individuals suffering from infertility build their families, access to these treatments has been limited due to the lack of comprehensive coverage and the prohibitive costs.We believe that the lack of adequate coverage has been the result of both broader public policy issues, as well as conventional health insurance carrier-specific policies.For example, it was not until 2017 that infertility was first recognized as a disease by the American Medical Association and, as of February 2024, only 21 states and the District of Columbia have mandated insurance coverage for infertility.",N/A
"We also continue to collect clinical data through post- market registries for all of our products and plan to continue to provide the scientific results of these registries to the clinical user community.• Strong relationship with the clinical transplant communityThe transplant community is highly concentrated in the leading academic medical centers around the world.We have developed strong clinical  relationships with many of these centers through their participation in our clinical trials and their commercial utilization of our products and  services.In addition, many transplant surgeons at our clinical trial locations may have moved to new centers, bringing their OCS experience  with them and allowing our relationships to grow to these new centers.",N/A
"Cultural Barriers to Entry.Understanding Chinese cooking culture is important to running a Chinese restaurant, and, therefore, most Chinese restaurants are operated by Chinese Americans.We believe that it is very difficult for mainstream food distributors to serve these restaurants due to various cultural and language barriers.The Asian foodservice market is currently highly fragmented with many small and unsophisticated direct store distributors, such as small-scale wholesaler redistributors, specialty import brokers, farmers markets, and local produce retailers, operating without significant financial support or a sophisticated logistics infrastructure.We are a leading Asian food distributor in the U.S. with a well-developed logistics infrastructure, strong financial means, and experienced management team that provides the marketplace with an avenue for consolidated purchasing, high fill rate, and efficient delivery frequency at a competitive price.",N/A
"Our inability to obtain or maintain any or all these factors could impair our ability to implement  our business strategies successfully, which could have material adverse effects on our results of operations and financial  condition.Our laboratories are subject to regulation and licensure requirements, and the healthcare industry is highly  regulated; we may face substantial penalties, and our business activities may be impacted, if we fail to comply.Our research services are performed in laboratories that are subject to state regulation and licensure requirements.Such  regulation and requirements are subject to change, and may result in additional costs or delays in providing our products to our  customers.In addition, the healthcare industry in general is highly regulated in the United States at both the federal and state  levels.",N/A
"We received an SEC subpoena and are cooperating with the SEC.In July 2023, we received a subpoena from the SEC requesting the production of documentation and other information since January 1, 2020, relating to various subjects, including executive departures, related-party transactions, and EV charging station and other discrete disclosure matters.We intend to fully cooperate with the SEC and are in the process of responding to the subpoena.At this point, we are unable to predict what the timing or the outcome of the SEC investigation may be or what, if any, consequences the SEC investigation may have on us.We can provide no assurances as to the outcome of the SEC investigation.",N/A
"We invest substantial resources in researching and developing new offerings and enhancing our solutions by incorporating additional features, improving functionality, and adding other improvements to meet our customers' evolving demands.The success of any enhancements or improvements to our services or any new offerings depends on a number of factors, including timely completion, competitive pricing, adequate quality testing, integration with new and existing technologies, and overall market acceptance.We may not succeed in developing, marketing, and delivering on a timely and cost-effective basis enhancements or improvements to our services or any new offerings that respond to continued changes in market demands or new customer requirements, and any enhancements or improvements to our services or any new offerings may not achieve market acceptance.Since developing enhancements to our services and the launch of new offerings can be complex, the timetable for the release of new offerings and enhancements to our existing services is difficult to predict, and we may not launch new offerings and updates as rapidly as our current or prospective customers require or expect.Any new offerings or service enhancements that we develop may not be introduced in a timely or cost-effective manner, may contain errors or defects, or may not achieve the broad market acceptance necessary to generate sufficient revenue.",N/A
"A large portion of our revenue in our TTEC Engage business is generated from a limited number of clients and the loss of one or more of these clients or significant reduction in their business volumes with us could adversely affect our businessOur TTEC Engage business relies on strategic, long-term relationships with large, global companies in targeted industries and certain government agencies.As a result, our Engage business derives a substantial portion of its revenue from relatively few clients.Our five and ten largest clients, collectively, represented 36% and 50% of our revenue in 2023, respectively, with one client representing over 10% of our revenue.While we have multiple engagements with our largest clients and all contracts are unlikely to terminate at the same time, the contracts with our five largest clients expire between 2024 and 2027; and there can be no assurance that these contracts will continue to be renewed at all or be renewed on favorable terms.",N/A
"Management is committed to maintaining a strong internal control environment and is working towards achieving effective controls.Management anticipates that the new controls, as implemented and when tested for a sufficient period of time, will remediate the material weaknesses.We may not be successful in promptly remediating the material weaknesses identified by management, or be able to identify and remediate additional control deficiencies, including material weaknesses, in the future.If not remediated, our failure to establish and maintain effective disclosure controls and procedures and internal control over financial reporting could result in material misstatements in our financial statements and a failure to meet our reporting and financial obligations, each of which could have a material adverse effect on our financial condition and as a result, our stockholders could lose confidence in our financial results, which could harm our business and the value of our shares.Disruption of our supply chain or distribution capabilities have an adverse effect on our business, financial condition, and results of operations.",N/A
"Reduced sales and lower gross margins would materially adversely  affect our business and results of operations.The semiconductor industry has experienced, and may continue to experience, significant consolidation among companies and  vertical integration among customers.Larger competitors resulting from consolidations may have certain advantages over us,  and we may be at a competitive disadvantage if we fail to identify attractive opportunities to acquire companies to expand our  business.Consolidation among competitors and integration among customers could erode our market share, impair our capacity  to compete and require us to restructure operations, any of which could have a material adverse effect on our business.In addition, some of our competitors may receive governmental subsidies or other incentives that give them a competitive  advantage over us.",N/A
"In addition, we may seek additional capital due to favorable market conditions or strategic considerations,  even if we believe we have sufficient funds for our current or future operating plans.If we are unable to raise capital when needed or on attractive terms, we  would be forced to delay, reduce or eliminate our research and development programs or future commercialization efforts.Raising additional capital may cause dilution to our stockholders, restrict our operations or require us to relinquish rights to our technologies or product  candidates.Until such time, if ever, as we can generate substantial product revenue, we expect to finance our operations through equity offerings, debt financings or  other capital sources, including potentially grants, collaborations, licenses or other similar arrangements.To the extent that we raise additional capital through  the sale of equity or convertible debt securities, current stockholders will be diluted, and the terms of these securities may include liquidation or other  preferences that adversely affect the rights of existing stockholders.",N/A
"We believe this capability is critical to help security executives effectively translate technical information and communicate cybersecurity risk to a non-technical audience, including the C-suite and the board of directors, to enable them to make better strategic decisions on where to focus investment to maximize cybersecurity risk reduction.• Tenable Attack Surface Management: our External Attack Surface Management solution continuously maps the internet, enabling security teams to discover connections to internet- facing assets so they can assess the cybersecurity posture of their entire external attack surface.• Tenable Security Center: our on-premises Vulnerability Management offering that provides a risk-based view of an organization's IT, security and compliance posture so organizations can quickly identify, investigate and prioritize their assets and vulnerabilities based on risk assessment and predictive analytics, and provide insightful remediation guidance.• Tenable OT Security: our Operational Technology Security solution that provides threat detection, asset tracking, vulnerability management, and configuration control capabilities to protect OT environments, including industrial networks.All of the above products, now available in Tenable One, continue to be offered as standalone solutions.",N/A
"Any of these factors could cause our business, financial condition, operations and reputation to be adversely affected.Additionally, offshoring could expose performance of these activities to the risks described under International Operations  Risks within this section.We may not be successful in implementing, or in anticipating, the impact of our cash collections generating and cost-related  operational initiatives in our U.S. business, and our plans for implementing such initiatives may be altered or delayed due to  various factors, which could have an adverse impact on our business and results of operations.Our future growth depends, in part, on our ability to generate higher cash collections at a lower marginal cost through  effective execution.In our U.S. business, we continue to identify and implement initiatives that we believe will position our  business for long-term sustainable growth and profitability by allowing us to achieve a lower marginal cost structure and to  execute effectively, particularly around customer contact strategies and post-judgment legal collection processes.",N/A
"However, if beverage products taken to market are or become  contaminated or adulterated, the Company may be required to conduct costly product recalls and may become subject to product  liability claims and negative publicity, which could cause its business and reputation to suffer.The Company's success also depends in large part on its ability and the ability of The Coca-Cola Company and other beverage  companies it works with to maintain the brand image of existing products, build up brand image for new products and brand  extensions and maintain its corporate reputation and social license to operate.Engagements by the Company's executives in social and  public policy debates may occasionally be the subject of criticism from advocacy groups that have differing points of view and could  result in adverse media and consumer reaction, including product boycotts.Similarly, the Company's sponsorship relationships and  charitable giving program could subject the Company to negative publicity as a result of actual or perceived views of organizations the  Company sponsors or supports financially.Likewise, negative postings or comments on social media or networking websites about the  Company, The Coca-Cola Company or one of the products the Company carries, even if inaccurate or malicious, could generate  adverse publicity that could damage the reputation of the Company's brands or the Company.",N/A
"TMTG has a limited operating history, making it difficult to evaluate TMTG's business and prospects and may increase the risks associated with your investment.Private TMTG was formed on February 8, 2021 and started formulating its business plan at that time.Private TMTG did not begin developing the Truth Social platform until June 2021.Private TMTG made Truth Social available for general use in the first quarter of 2022.We pride ourselves on building Truth Social without relying on hostile technology companies.",N/A
"During 2023, we introduced a new CELSIUS Essentials line, available in 16-ounce cans.Our products are currently offered in major retail channels across the U.S., including conventional grocery, natural, convenience, fitness, mass market, vitamin specialty and e-commerce.Additionally, our products are currently offered in certain Canadian, European, Middle Eastern and Asia-Pacific markets.During January 2024, we broadened our international expansion through the following arrangements: • An expansion of our existing relationship with Pepsi to serve as our exclusive distributor in Canada, expanding the area served under the Pepsi distribution agreement established in the U.S. in 2022.Sales in Canada under this arrangement began in December 2023; and • A new relationship with Suntory Beverage & Food to serve as our exclusive sales and distribution partner in the United Kingdom of Great Britain and Northern Ireland, the Channel Islands, the Isle of Man and the Republic of Ireland.",N/A
"Our efforts to grow our business may be more costly than we expect, and we may not be able to increase our revenue enough to offset our higher operating expenses.If we were to reduce our expenses, it could negatively impact our growth and growth strategy.As a result, we can provide no assurance as to whether or when we will achieve profitability.If we are not able to achieve and maintain profitability, the value of our company and our common stock could decline significantly, and you could lose some or all of your investment.Our annual and quarterly results of operations have fluctuated from period to period and may do so in the future, which could cause our stock price to fluctuate and the value of your investment to decline.",N/A
"We do not record interest income on  nonaccrual loans or other real estate owned, thereby adversely affecting our net income and returns on assets and equity,  increasing our loan administration costs and adversely affecting our efficiency ratio.When we take collateral in  foreclosure and similar proceedings, we are required to mark the collateral to its then-fair market value, which may  result in a loss.These nonperforming loans and other real estate owned also increase our risk profile and the level of  capital our regulators believe is appropriate for us to maintain in light of such risks.The resolution of nonperforming  assets requires significant time commitments from management and can be detrimental to the performance of their other  responsibilities.If we experience increases in nonperforming loans and nonperforming assets, our net interest income  may be negatively impacted and our loan administration costs could increase, each of which could have an adverse effect  on our net income and related ratios, such as return on assets and equity.",N/A
"This pattern may recur in the future and could have a material adverse effect on our revenue, results of operations, cash flows and financial condition.In addition, elevated interest rates have had and may continue to have the effect of further increasing economic uncertainty and heightening these risks, as well as increasing the cost of capital.Turmoil in the credit markets or a contraction in the availability of credit would make it more difficult for businesses to meet their capital requirements and could lead clients to change their financial relationship with their vendors, 17 including us, which could negatively affect our working capital.In such circumstances, we may need to obtain additional financing to fund our day-to-day working capital requirements, which may not be available on favorable terms or at all, including as a result of elevated interest rates.Even if we take action to respond to adverse economic conditions, reductions in revenue and disruptions in the credit markets by aligning our cost structure and more efficiently managing our working capital, such actions may not be effective.",N/A
"Our reliance upon customer demand arising primarily from a limited number of countries could materially and adversely impact our future results of operations.The cyclicality of the industries we serve directly affects our business.Our business depends in large part upon the capital expenditures of manufacturers in our four end-markets: Semiconductor; Compound Semiconductor; Data Storage; and Scientific & Other.We are subject to the business cycles of these industries, the timing, length, and volatility of which are difficult to predict.These industries have historically been highly cyclical and have experienced significant economic downturns in the last decade.",N/A
"For us to keep up with technological changes and remain competitive, we may need to make significant capital  expenditures, including capital to design and launch new products and services over the short to medium term, and, over the  longer term, the acquisition of additional spectrum, satellites, launch vehicles and other network resources to support continued  growth.Customer acceptance of the products and services that we offer will continually be affected by technology-based  differences in our product and service offerings compared to those of our competitors.New technologies may also be protected  by patents or other intellectual property laws and therefore may not be available to us.Any failure on our part to implement  new technology within our system may compromise our ability to compete.Our networks and those of our third-party service providers may be vulnerable to cybersecurity risks.",N/A
"Our tenants' failure to successfully operate their businesses could materially and adversely affect us.If our hotel managers fail to operate our hotels profitably, we may need to fund operating losses for those hotels or make capital contributions to Sonesta.The owner's priority returns we receive from our managed hotels are dependent upon the financial results of those hotels' operations.Decrease demand from pandemics, public health safety concerns or otherwise may result in our managed hotels experiencing operating losses that we will need to fund.Further, we own 34% of Sonesta.",N/A
"Failure to protect our brand and reputation could have a material adverse effect on our brand name, business, results of operations,  financial condition, and cash flows.We believe our Company has built an excellent reputation as a leading retailer in the automotive aftermarket industry.We believe our  continued success depends, in part, on our ability to preserve, grow, and leverage the value of our brand.Our reputation is based, in  part, on perceptions of subjective qualities; negative publicity involving the Company, our merchandise or our industry in general that  erode customer trust or confidence could adversely affect our reputation and business.Failure to comply with ethical, social, product,  labor, health and safety, accounting or environmental standards, or existing or future laws or regulations, as well as failure or perceived  failure to achieve or make progress with environmental, social, and governance goals, could also jeopardize our reputation and",N/A
"Due to how we recognize revenue, our quarterly and annual revenues may not reflect our underlying  business.We have concluded that our contracts include variable consideration because the amounts paid by Medicare or  commercial health insurance carriers may be paid at less than our standard rates or not paid at all, with such  differences considered implicit price concessions.Variable consideration attributable to these price concessions is  measured at the expected value using the ‘‘most likely amount'' method under Accounting Standards Codification  (‘‘ASC'')Topic 606, Revenue from Contracts with Customers (“ASC 606”).The amounts are estimated using  historical average collection rates by test type and payor category taking into consideration the range of possible  outcomes, the predictive value of our past experiences, the time period of when uncertainties expect to be resolved  and the amount of consideration that is susceptible to factors outside of our influence, such as the judgment and  actions of third parties.",N/A
"Risk Factors—Risk Factors”.Deliver Consistent Comparable Restaurant Sales Growth.We believe we will be able to generate comparable restaurant sales growth by growing  traffic through increased brand awareness, consistent delivery of a unique and engaging dining experience, new menu offerings, and restaurant renovations.We will continue to manage our menu and pricing as part of our overall strategy to drive traffic and increase average check.We continue to explore  initiatives to increase off-premises sales, enhance our rewards program, and improve our mobile application.",N/A
"We cannot be certain that additional funding will be available on acceptable terms, or at all.We have no committed  source of additional capital and, if we are unable to raise additional capital in sufficient amounts or on terms acceptable to us, we may have to significantly  delay, scale back or discontinue the development or commercialization of product candidates or other research and development initiatives.Our license  agreements and any future collaboration agreements may also be terminated if we are unable to meet the payment or other obligations under the  agreements.We could be required to seek collaborators for product candidates at an earlier stage than otherwise would be desirable or on terms that are less  favorable than might otherwise be available or relinquish or license on unfavorable terms our rights to product candidates in markets where we otherwise  would seek to pursue development or commercialization ourselves.If we are unable to obtain funding on a timely basis, we may be required to significantly curtail, delay or discontinue one or more of our research or  development programs or the commercialization of any product candidate, or be unable to expand our operations or otherwise capitalize on our business  opportunities, as desired, which could materially affect our business, financial condition and results of operations.",N/A
"If we are not able to obtain, or if there are delays in obtaining, required regulatory approvals for our product candidates, we will not be able to commercialize, or will be delayed in commercializing, such product candidates, and our ability to generate revenue will be materially impaired.The market price of our common stock may continue to be volatile.If our legacy lease obligations are not subleased, assigned, terminated or otherwise addressed or the legacy assets subject to the CVR Agreement are not sold, respectively, in a timely manner, we may have to incur time and resources to take such actions.• Future sales of shares by existing stockholders could cause our stock price to decline.Our executive officers, directors and principal stockholders have the ability to control or significantly influence all matters submitted to our stockholders for approval.",N/A
"We believe that Aquablation therapy represents a paradigm shift in the surgical treatment of BPH by addressing compromises associated with alternative surgical interventions.We designed Aquablation therapy to deliver effective, safe and durable outcomes for males suffering from lower urinary tract symptoms, or LUTS, due to BPH that is independent of prostate size and shape, and delivers resection independent of surgeon experience.We have developed a significant and growing body of clinical evidence, which includes nine clinical studies and over 150 peer-reviewed publications, supporting the benefits and clinical advantages of Aquablation therapy.As of December 31, 2023, we had an install base of 418 AquaBeam Robotic Systems globally, including 315 in the United States.BPH refers to the non-malignant enlargement of the prostate gland, a small gland in the male reproductive system.",N/A
"Because of the numerous risks and  uncertainties associated with pharmaceutical product development, we are unable to accurately predict the timing or amount of increased  expenses or when, or if, we will be able to generate revenue or achieve profitability.Even if we are able to generate revenue from the sale of any approved products, we may not become profitable and may need to obtain  additional funding to continue operations.Our revenue will be dependent, in part, upon the size of the markets in the territories for which we  gain regulatory approval, the accepted price for the product,  58the ability to obtain coverage and reimbursement, and whether we own the commercial rights for that territory.If the number of our  addressable patients is not as significant as we estimate, the indication approved by regulatory authorities is narrower than we expect, or the  treatment population is narrowed by competition, physician choice or treatment guidelines, we may not generate significant revenue from  sales of such products, even if approved.",N/A
"We seek to protect our  proprietary technology and processes, in part, by confidentiality agreements with our employees, consultants, scientific advisors, and contractors.We also  seek to preserve the integrity and confidentiality of our data and trade secrets by maintaining physical security of our premises and physical and electronic  security of our information technology systems.While we have implemented measures to protect and preserve our trade secrets, such measures can be  breached, and we may not have adequate remedies for any such breach.In addition, our trade secrets may otherwise become known or be independently  discovered by competitors.For more information regarding the risks related to our intellectual property, please see Item 1A., Risk factors—Risks related to  our intellectual property, in this Annual Report on Form 10-K.",N/A
"Gladstone Administration, LLC (the “Administrator”), provides administrative services to us.Both our Adviser and our Administrator are affiliates of ours and each other.Our Investment Objectives and Our Strategy Our principal investment objectives are to generate income from rental properties, which we use to fund our continuing operations and to pay monthly cash distributions to our stockholders.Our strategy is to invest in and own a diversified portfolio of leased properties (primarily industrial and office) that we believe will produce stable cash flow and increase in value.We may sell some of our real estate assets when our Adviser determines that doing so would be advantageous to us and our stockholders.",N/A
"The Company experienced an average combined bid market share in the U.S. of 33% over the three year period ended December 31, 2023, including 36%, 56%, 23% and 22% of the domestic capital, coastal protection, maintenance and rivers & lakes sectors, respectively, exclusive of liquefied natural gas (“LNG”) projects.Over its 133 year history, the Company has grown to be a leader in capital, coastal protection and maintenance dredging in the United States and is one of the oldest and most experienced dredging companies in the country.The Company's foreign projects are typically categorized in the capital work type, but are not included in the aforementioned bid market.Domestic Capital (32% of 2023 revenues).Capital dredging consists primarily of port expansion projects, which involve the deepening of channels and berthing basins to allow access by larger, deeper draft ships and the provision of land fill used to expand port facilities.",N/A
"The  anticipated growth and expansion of our business depends on a number of factors, including our ability to: • increase awareness of our brand and successfully compete with other companies; • effectively market our products through Honest.com and retail partnerships to increase sales velocity; • price our products effectively so that we are able to attract new consumers and expand sales to our existing consumers; • expand distribution and points of sales (the number of SKUs) with new and existing consumers; • continue to innovate and introduce new products; • maintain and improve our technology platform supporting our Honest.com business; • expand our supplier and fulfillment capacities; • maintain quality control over our product offerings; and • effectively implement our business strategies.Such growth and expansion of our business will place significant demands on our management and operations teams and require significant additional resources, financial and otherwise, to meet our needs, which may not be available in a cost-effective  manner, or at all.We expect to continue to expend substantial resources on: • our sales and marketing efforts to increase brand awareness, further engaging our existing and prospective consumers, and driving sales of our products; • technology platforms to support sales of our products and make our supply chain and operations more efficient; • product innovation and development; and • general administration, including increased finance, legal and accounting expenses associated with being a public company.These investments may not result in the growth of our business.Even if these investments do result in the growth of our business, if we do not effectively manage our growth we may not be able to execute on our business plan, respond to competitive  pressures, take advantage of market opportunities, satisfy consumer requirements or maintain high-quality product offerings, any  of which could adversely affect our business, financial condition, results of operations and prospects.",N/A
"As a comprehensive clean energy solutions provider, we also design and build, as well as operate and maintain  (“O&M”), public and private vehicle fueling stations in the U.S. and Canada; sell and service compressors and other  equipment used in RNG production and at fueling stations; transport and sell RNG and conventional natural gas via  “virtual” natural gas pipelines and interconnects; sell U.S. federal, state and local government credits (collectively,  “Environmental Credits”) we generate by selling RNG as a vehicle fuel, including Renewable Identification Numbers  (“RIN Credits” or “RINs”) under the federal Renewable Fuel Standard Phase 2 and credits under the California, Oregon,  and Washington Low Carbon Fuel Standards (collectively, “LCFS Credits”); and obtain federal, state and local tax credits,  grants and incentives.We serve fleet vehicle operators in a variety of markets, including heavy-duty trucking, airports,  refuse, public transit, industrial and institutional energy users, and government fleets.We believe these fleet markets will  continue to present a growth opportunity for our vehicle fuels for the foreseeable future.Commercial transportation, including heavy-duty trucking, generates a significant portion of the emissions of overall  carbon dioxide and other climate-harming GHGs, and transitioning this sector to low and negative carbon fuels is a critical  step towards reducing overall global GHG emissions.According to the Global Carbon Project's Global Carbon Budget  published in December 2023 and International Energy Agency's topic analysis on transport, 37.1 billion metric tons of  carbon dioxide were emitted globally in 2022, of which 8.0 billion metric tons, or 22%, came from the transportation  sector.",N/A
"Tranche 2 may be advanced upon the request of the Company between April 1, 2024 and September 30, 2024, subject to the Company having achieved Product Revenue for the three-month period prior to funding of not less than 85% of projected Product Revenue for such period.The uncommitted Discretionary Tranche may be advanced after April 1, 2024 subject to (i) the Agent and Lenders having received investment committee approval and (ii) the Company and Lenders having mutually agreed to draw and fund, respectively, such amount.If we are unable to satisfy the conditions for the draw-down of Tranche 2 or the Lenders do not agree to fund the Discretionary Tranche, we would not be able to draw down such tranches and may not be able to obtain alternative financing on commercially reasonable terms or at all.Our Loan Agreement contains restrictions that limit our flexibility in operating our business.The Loan Agreement contains various covenants that limit our ability to engage in specified types of transactions without the prior consent of the Agent and the Lenders.",N/A
"The Company is one of only a few worldwide broad-line manufacturers of welding, cutting and brazing products.The  Company is the world leader in the design, development and manufacture of arc welding products, automated joining,  assembly and cutting systems, plasma and oxy-fuel cutting equipment.The Company also has a leading global position  in brazing and soldering alloys.The Company's products include arc welding, brazing and soldering filler metals (consumables), arc welding equipment,  plasma and oxyfuel cutting systems, wire feeding systems, fume control equipment, welding accessories, specialty gas  regulators, and education solutions; as well as a comprehensive portfolio of automated solutions for joining, cutting,  material handling, module assembly, and end of line testing.The arc welding power sources and wire feeding systems manufactured by the Company range in technology from basic  units used for light manufacturing and maintenance to highly sophisticated robotic applications for high volume  production welding and fabrication.",N/A
"On a five-year rotational basis, Medicare requests bids for its regional Medicare Administrative Contractors, or MAC, services.The MAC for California is currently Noridian Healthcare Solutions.Our current Medicare coverage through Noridian provides  for reimbursement for tests performed for qualifying Medicare patients throughout the U.S. so long as the tests are performed in  our California laboratory.We cannot predict whether Noridian or any future MAC will continue to provide reimbursement for  AlloMap Heart, AlloSure Kidney, AlloSure Heart or AlloSure Lung at the same payment amount or with the same breadth of  coverage in the future, if at all.Additional changes in the MAC processing Medicare claims for AlloSure Kidney, AlloMap  Heart, AlloSure Heart or AlloSure Lung could impact the coverage or payment amount for our tests and our ability to obtain  Medicare coverage for any products we may launch in the future.",N/A
"We may be unable to implement our growth initiatives or strategic priorities or reach  profitability in the near future or at all, due to many factors, including factors outside of our control.We also cannot  be certain that executing on our strategy will generate the benefits we expect.If we fail to execute successfully on our  strategic priorities, if we pursue strategic priorities that prove to be unsuccessful, or if our investments in these growth  initiatives do not yield anticipated returns for any reason, our business, financial position, results of operations and  cash flows may be materially and adversely affected.We may not be successful in identifying, consummating and integrating future acquisitions, if any.We may not be able to identify attractive acquisition candidates or complete the acquisition of identified  candidates at favorable prices and upon advantageous terms.",N/A
"3 Table of contents • Our sales force and other employees, PPN and other distribution partners, CMOs, CROs, principal investigators, collaborators, independent contractors, consultants and other vendors may engage in misconduct or other improper activities, including noncompliance with regulatory standards and requirements.Risks Related to Our Intellectual Property •If we are unable to protect our intellectual property rights or if our intellectual property rights are inadequate to protect our technology, XHANCE or our other product candidates, our competitors could develop and commercialize technology similar to ours, and our competitive position could be harmed.We may become involved in lawsuits to protect or enforce our patents or the patents of our licensors, which could be expensive, time consuming and unsuccessful.Third parties may initiate legal proceedings alleging that we are infringing their intellectual property rights, the outcome of which could be uncertain and could harm our business.",N/A
"We may also be required to obtain funds through arrangements with collaborators, which arrangements may require us to relinquish rights to certain intellectual property, technologies or products that we otherwise would not consider relinquishing, including rights to future product candidates or certain major geographic markets.This could result in sharing revenues which we might otherwise retain for ourselves.Any of these actions may harm our business, financial condition and results of operations.The amount of capital we may need depends on many factors, including the progress, timing and scope of our product development programs; the progress, timing and scope of our pre-clinical studies and clinical trials; the time and cost necessary to obtain regulatory approvals; the time and cost necessary to further develop manufacturing processes and arrange for contract manufacturing; our ability to enter into and maintain collaborative, licensing and other commercial relationships; and our partners' commitment of time and resources to the development and commercialization of our products.Even if we can raise additional funding, we may be required to do so on terms that are dilutive to you.",N/A
"5 Table of Contents PART I Item 1. Business National Vision Holdings, Inc., a Delaware corporation, and its consolidated subsidiaries are referred to here as “we,” “our,” “us,” “the Company,” or “National Vision.”National Vision Holdings, Inc. conducts substantially all of its activities through its indirect, wholly-owned subsidiary, National Vision, Inc. (“NVI”), and NVI's subsidiaries.Our website is www.nationalvision.com.Investors can obtain copies free of charge of our Annual Reports on Form 10-K, Quarterly Reports on Form 10-Q and Current Reports on Form 8-K, and amendments to these reports, as soon as reasonably practicable after we electronically file such material with, or furnish such material to, the SEC.You may access these documents on the “Investors” section of our website.",N/A
"If any of our trade secrets were to be lawfully obtained or  independently developed by a competitor, we would have no right to prevent them, or those to whom they communicate it,  from using that technology or information to compete with us.If any of our trade secrets were to be disclosed to or  independently developed by a competitor, our competitive position would be harmed.Claims by others that our products infringe their patents or other intellectual property rights could adversely affect  our financial condition.The healthcare industry has been characterized by frequent litigation regarding patent and other intellectual property rights.Patent applications are maintained in secrecy in the United States and also are maintained in secrecy outside the United States  until the application is published.",N/A
"• Economic uncertainties, changes in economic conditions, including rising inflation, or downturns in the general  economy or the industries in which our clients operate could disproportionately affect the demand for our products and  services and may have a material adverse effect on our business.The market for independent software support services is relatively undeveloped and may not grow.We face significant competition for all components of our Solutions Portfolio.We have had a history of losses and may not achieve or sustain revenue growth or profitability in the future.If our retention rates decrease or we do not accurately predict retention rates, our future revenue and results of  operations may be harmed.",N/A
"On April 29, 2022, HF Foods acquired substantially all of the assets of Sealand Food, Inc., one of the largest frozen seafood suppliers servicing the Asian/Chinese restaurant market along the eastern seaboard, from Massachusetts to Florida, as well as Pennsylvania, West Virginia, Ohio, Kentucky, and Tennessee.Our Business and Products Our business features eighteen strategically positioned distribution centers and cross-docks with over one million square feet of warehouse space and a fleet of over 400 vehicles to provide a wide variety of products with a strong focus on Asian specialty food ingredients essential for Asian cooking.Supported by an extensive supplier network, we aim to provide a one-stop service with on-time delivery and high fulfillment rates, at competitive pricing.We offer over 2,000 different products to our customers, which include virtually all items needed to operate their restaurant business.Product offerings range from meat and poultry, perishable fresh produce, frozen seafood, general commodities and takeout food packaging materials to meet our customers' demands.",N/A
"In New York State, title  insurance is obtained on most transfers of real estate and mortgage transactions.Our principal market area is Greater Long Island, which includes the counties of Kings, Queens, Nassau and Suffolk, and  Manhattan.Industries represented across the principal market areas include retail establishments; construction and trades;  restaurants and bars; lodging and recreation; professional entities; real estate; health services; passenger transportation;  high-tech manufacturing; and agricultural and related businesses.Given its proximity, Long Island's economy is closely  linked with New York City's and major employers in the area include municipalities, school districts, hospitals, and  financial institutions.The Holding Company, the Bank and its subsidiaries, report their income on a consolidated basis using the accrual method  of accounting and are subject to federal taxation as well as income tax of the State and City of New York, and the State of  New Jersey.",N/A
"If one or more of the product candidates that we develop is approved for commercial sale, we anticipate incurring significant costs associated with commercializing any approved product candidate.Even if we are able to generate revenues from the sale of any approved products, we may not become profitable and may need to obtain additional funding to continue operations.We will need substantial additional funding to continue our operations.If we are unable to raise capital when needed, we may be required to delay, limit, reduce or terminate our research or product development programs or future commercialization efforts.We expect our expenses to increase substantially in connection with our ongoing activities, particularly as we continue our ongoing and initiate our planned clinical trials of vepdegestrant (ARV-471), ARV-766, ARV-393 and ARV-102, in addition to our ongoing bavdegalutamide (ARV-110) clinical trials, advance our other oncology and neurodegenerative programs and continue research and development and initiate additional clinical trials of and potentially seek marketing approval for our lead programs and our other product candidates.",N/A
"· Our cash and cash equivalents could be adversely affected if the financial institutions in which we hold our cash and cash equivalents fail.· The ongoing military action in Ukraine and the Middle East could have negative impact on the global economy, which could materially adversely affect our business, operations, operating results and financial condition.· Our business could be negatively impacted by corporate social responsibility and sustainability matters.Risks Related to Our BusinessWe have a history of operating losses and will need to raise significant additional capital to continue our business and operations.",N/A
"To obtain FDA approval of a product candidate, we must, among other things, submit clinical data providing substantial evidence of safety and  efficacy of the product candidate for its intended use, as well as detailed information on product composition, its manufacture and controls and proposed  labeling.The testing and collection of data and the preparation of necessary applications are expensive and time-consuming.The FDA may not act quickly  or favorably in reviewing these applications, and we may encounter significant difficulties or costs in our efforts to obtain FDA approvals that could delay  or preclude us from marketing our products.The steps required before a drug may be approved for marketing in the U.S. generally include the following: • completion of pre-clinical laboratory tests and animal toxicity testing, including studies conducted in accordance with good laboratory  practice requirements; • submission of an investigational new drug (""IND"") for conducting human clinical testing to the FDA, which must become effective before  human clinical trials commence;  • approval by an Institutional Review Board (“IRB”) or independent ethics committee at each clinical trial site before each trial may be  initiated; • performance of adequate and well-controlled human clinical trials in accordance with good clinical practice (""GCP"")_ requirements and  other clinical trial-related regulations to establish the safety and efficacy of the drug product for each indication, including controlled  studies or comparison of treated group from clinical trials to data from natural history data or studies; • submission of a complete and compliant marketing application containing chemistry, manufacturing and control information for the drug  substance and drug product, reports of nonclinical and clinical trials, product labeling and administrative information; • satisfactory completion of an FDA inspection of the commercial manufacturing facilities at which the drug substance and drug product are  made to assess compliance with cGMP; -18-• satisfactory FDA audit of the clinical trial site(s) that generated the pivotal safety and efficacy data included in the marketing application  and also potentially the nonclinical trial site(s) in the form of pre-approval inspections; and • FDA review and approval of the marketing application.",N/A
"We rely on third party or sole source suppliers to provide certain key components for our products.We do not have guaranteed supply contracts with any of our component suppliers, and our suppliers could delay shipments, increase prices or cease manufacturing or selling such components to us at any time, such as the shortages in global microchip availability we experienced during much of 2022 and 2023.Such disruptions resulted in delays in delivery of products to customers and could in the future result in additional delays, even if we are able to source components from alternate suppliers.Supply chain disruptions have, in the past, impacted our ability to maintain sufficient inventory on hand.As a result, we have paid, and if future disruptions occur we may have to pay in the future, increased shipping charges to expedite our receipt of components and inventory and the delivery of finished products to our customers.",N/A
"We believe our proprietary suprachoroidal administration platform has the potential to become a  standard for delivery of therapies intended to treat chorioretinal diseases.We are leveraging our SCS injection platform by building an internal research and development pipeline targeting retinal diseases and by creating  external collaborations with other companies.We are developing our own pipeline of small molecule product candidates for administration via our SCS  Microinjector, and we also strategically partner with companies developing other ophthalmic therapeutic innovations to be administered using our SCS  injection technology.Our first product, XIPERE (triamcinolone acetonide injectable suspension) for suprachoroidal use, was approved by the U.S. Food  and Drug Administration, or the FDA, in October 2021.Approval of XIPERE was a significant milestone for us as it is the first approved therapeutic  delivered into the SCS, the first commercial product developed by us and the first therapy for macular edema associated with uveitis.",N/A
"Should there be any change in our current relationship structure, whereby they do not buy our oranges, we would need to find replacement buyers to purchase our remaining crop, which could take time and expense and may result in less favorable terms of sale.The loss of Tropicana as a customer or significant reduction in business with Tropicana may cause a material adverse impact to our financial position, results of operations and cash flows.In addition, with the sale of a majority ownership of Tropicana by PepsiCo to a French private equity firm (the “Firm”), there is some heightened risk and uncertainty in our current relationship with Tropicana, which potentially could result in a significant reduction in revenues and cash flows if that relationship were to be changed.We currently have citrus supply contracts with Tropicana that expire in both 2024 and 2025, with the majority expiring in 2024.If Tropicana were to reduce the volume of oranges purchased from us and/or purchased from owners of groves that we manage, we would need to find, and/or the owners of groves that we manage would need to find or work with us to find, replacement buyers to purchase any remaining crop of our and/or of the owners of the groves we manage, which could take time and expense and may result in less favorable terms of sale.",N/A
"However, the amount of our future losses is uncertain.Our ability to generate revenue from product sales and achieve or sustain profitability,  if ever, will depend on, among other things, successfully developing drug candidates, obtaining regulatory approvals to market and commercialize drug  candidates, manufacturing any approved products on commercially reasonable terms, entering into any future collaborations or other partnerships,  establishing a sales and marketing organization or suitable third-party alternatives for any approved product and raising sufficient capital to finance our  operations.If we, or any of our future partners, are unable to develop and commercialize one or more of our drug candidates, or if sales revenue from any  drug candidate that receives regulatory approval is insufficient, we will not achieve or sustain profitability, which would have a material and adverse effect  on our business, financial condition, results of operations and prospects.Zelnecirnon and tivumecirnon are in clinical development, which may fail or suffer delays that materially and adversely affect their commercial  viability.We have no products on the market or that have gained regulatory approval.",N/A
"In addition, there can be considerable pressure by governments  and other stakeholders on prices and reimbursement levels.For instance, governmental authorities in the EU Member States and third-party payors could base  pricing and reimbursement terms on what they perceive to be comparable products, even if approved for different indications.In addition, the EU provides  options for EU Member States to restrict the range of medicinal products for which their national health insurance systems provide reimbursement and to control  the prices of medicinal products for human use.An EU Member State may approve a specific price for the medicinal product, it may refuse to reimburse a  product at the price set by the manufacturer or it may instead adopt a system of direct or indirect controls on the profitability of the company placing the  medicinal product on the market.These pricing and reimbursement decisions may impact the pricing and reimbursement of our approved medicines in such  jurisdictions.",N/A
"Our framework for managing risk, including our underwriting practices, may not prevent future losses.We have established processes and procedures intended to identify, measure, monitor, report, and analyze the types  of risk to which we are subject, including liquidity risk, credit risk, market risk, interest rate risk, operational risk,  legal and compliance risk, and reputational risk, among others.However, as with any risk management framework,  there are inherent limitations to our risk management strategies, as there may exist, or develop in the future, risks  that we have not appropriately anticipated or identified.For example, if our underwriting practices or criteria fail to  adequately identify, price, and mitigate credit risks, such as risks related to continued economic disruption and the  risk in our refund advance loan portfolio that the IRS or the relevant state revenue department does not pay our  customer's tax refund in full or the risk that any of our EROs will facilitate or engage in malfeasance or offer the  Bank's products and services in a manner that does not comply with applicable law or contractual representations,  warranties and covenants, it is possible that losses in our loan portfolio will exceed the amounts the Bank has set  aside for loss reserves and result in reduced interest income and increased provision for credit losses, which could  have an adverse effect on our financial condition and results of operations.Any resulting deterioration in our loan  and lease portfolio could also cause a decrease in our capital, which would make it more difficult to maintain  regulatory capital compliance.",N/A
"If the Company is not successful in obtaining the necessary financing, we do not currently have the cash resources to meet our operating commitments for the next twelve months.The consolidated financial statements included in this report do not include any adjustments for this uncertainty.Therefore, management has concluded that Company that there is substantial doubt its ability to continue as a going concern for the next twelve months from the date of the issuance of the financial statement.As of August 31, 2023, the Company had cash of $0.1 million and a working capital deficit of $51.0 million.During the year ended August 31, 2023, the Company used approximately $9.2 million of cash from its continuing operations and incurred recurring losses, resulting in an accumulated deficit of $226.4 million.",N/A
"Furthermore, a CPT code for microdeletions went into effect beginning in January 2017.We have experienced low average reimbursement rates for microdeletions testing under this code, and our microdeletions Table of Contents 32 reimbursement may continue to remain low, at least in the near term, either due to reduced reimbursement, or third-party payers declining to reimburse, under the microdeletions code, which has had and will likely continue to have an adverse effect on our revenues.In addition, a CPT code for expanded carrier screening went into effect beginning in January 2019, and has had, and may continue to have, an adverse effect on our reimbursement rates for our broader Horizon carrier screening panel, for which we previously primarily received reimbursement on a per condition basis, as those tests may be reimbursed as a combined single panel instead of as multiple individual tests.As further discussed in the risk factor entitled “—We may not be successful in commercializing our cloud-based distribution model,” our results of operations may be adversely affected if we do not sell a sufficient volume of tests under our cloud-based distribution model to offset the lower revenues per test performed under that model.Our ability to forecast our future operating results, including revenues, cash flows and profitability, is limited and subject to a number of uncertainties.",N/A
"In addition, new competitors and alliances may emerge to take market share away, and as we enter into new lines of business, due to acquisition or otherwise, we face competition from new players with different competitive dynamics.We may be unable to maintain our competitive position in our market segments, especially against larger competitors.We may also invest further to upgrade our systems in order to compete.If we fail to successfully compete, our business, financial position and results of operations may be adversely affected.To the extent the availability of free or relatively inexpensive information increases, the demand for some of our solutions may decrease.",N/A
"This competition may effectively limit the prices we can charge and requires us to control costs aggressively in order to maintain acceptable profit margins.Competition could also result in a loss of existing distribution partners and customers and greater difficulty attracting new distribution partners and customers.One or more of these factors could have a material adverse effect on our business, financial condition and results of operations.In addition, we are also subject to risks as a result of changes in business habits of our vendors and customers as they adjust to the competitive marketplace.Because our standing arrangements and agreements with our vendors and customers typically contain no purchase or sale obligations and are terminable by either party upon no or relatively short notice, we are subject to significant risks associated with the loss or change at any time in the business habits and financial condition of key vendors as they adapt to changes in the market.",N/A
"As a result, interest rates tend to have a more significant impact on our performance than general levels of inflation  or deflation.Interest rates do not necessarily move in the same direction or by the same magnitude as the prices of goods and services.Risks Related to our Lending ActivitiesOur loan portfolio possesses increased risk due to a large percentage of consumer loans.Our consumer loans accounted for $646.8 million, or 26.6% of our total gross loan portfolio as of December 31, 2023, of which  $569.9 million (88.1% of total consumer loans) consisted of indirect home improvement loans (some of which were not secured by a  lien on the real property), $73.3 million (11.3% of total consumer loans) consisted of marine loans secured by boats, and $3.5 million  (0.6% of total consumer loans) consisted of other consumer loans, which includes personal lines of credit, credit cards, automobile,  direct home improvement, loans on deposit, and recreational loans.",N/A
"If the Bank seeks to acquire another depository institution or branches of another depository institution, it is required to obtain  the prior approval of the OCC.In reviewing the application, the OCC will consider, among other things, the Bank's capital level,  its financial and managerial resources and future prospects, the impact of the transaction on the Bank's safety and soundness, the  impact of the transaction on competition in the relevant geographic market, its record in combating money laundering activities,  the impact on the convenience and needs of the communities served, and the Bank's record of Community Reinvestment Act  performance.Scope of Permissible Bank Holding Company ActivitiesIn general, the Bank Holding Company Act limits the activities permissible for bank holding companies to the business of  banking, managing or controlling banks, and such other activities as the Federal Reserve has determined to be so closely related  to banking as to be properly incident thereto.A bank holding company may elect to be treated as a financial holding company and receive expanded powers if it and its  depository institution subsidiaries are “well capitalized” and “well managed,” and its subsidiary banks controlled by it have at  least a “satisfactory” Community Reinvestment Act rating.",N/A
"The year 2023 was our seventh year of annual profitability; it featured growth in net product revenues of approximately 16% year-over-year as a result of increased sales of our cabozantinib products in the U.S., supplemented by an approximately 22% year-over-year increase in royalties earned pursuant to collaboration agreements with our ex-U.S. partners.We plan to continue leveraging our operating cash flows to advance a broad array of diverse biotherapeutics and small molecule programs for the treatment of cancer, as well as to support ongoing company-sponsored and externally sponsored trials evaluating cabozantinib.The product candidates furthest along in our pipeline are: zanzalintinib, a novel, potent, next-generation oral tyrosine kinase inhibitor (TKI) that targets VEGF receptors, MET and the TAM kinases (TYRO3, AXL and MER); and XB002, a next-generation tissue factor (TF)-targeting ADC, administered via intravenous infusion and composed of a human monoclonal antibody (mAb) against TF that is conjugated to an auristatin-based microtubulin inhibitor (MTI) payload.Our internal drug discovery efforts are supplemented through in-licensing investigational oncology assets or obtaining options to acquire other investigational oncology assets from third parties if they demonstrate evidence of clinical success.Examples are: XL309, a clinical-stage and potentially best-in-class small molecule inhibitor of USP1, which has emerged as a synthetic lethal target in the context of BRCA-mutated tumors; and ADU-1805, a clinical-stage and potentially best-in-class mAb that targets SIRPα.",N/A
"The development and deployment of AI  systems involve inherent technical complexities and uncertainties, and our AI systems may encounter unexpected technical difficulties, limitations or  errors, including inaccuracies in data processing or flawed algorithms, which could compromise the reliability and effectiveness of our products and  services based on AI.In addition, our competitors or other third parties may incorporate AI into their products more quickly or more successfully than us,  which could impair our ability to compete effectively.The use of AI applications, including large language models, may result in cybersecurity incidents that implicate the personal data of end users of such  applications.Any such cybersecurity incidents related to our use of AI applications could adversely affect our reputation and results of operations.AI also  presents emerging ethical issues, and if our use of AI becomes controversial, we may experience brand or reputational harm, competitive harm, regulatory  scrutiny or legal liability.",N/A
"Clinical drug development for our clinical assets is very expensive, time-consuming, difficult to design and implement, and uncertain.Our clinical trials may fail to adequately demonstrate the safety and efficacy of our clinical assets, which could prevent or delay regulatory approval and commercialization.Clinical drug development for our clinical assets is very expensive, time-consuming, difficult to design and implement, and its outcome is inherently uncertain.Before obtaining regulatory approval for the commercial sale of a clinical asset, we must demonstrate through clinical trials that a clinical asset is both safe and effective for use in the target indication, which is impossible to predict.Most clinical assets that commence clinical trials are never approved by regulatory authorities for commercialization.",N/A
"The goal of the  study, which was initiated in October 2023, is to prevent the progression of DCIS to breast cancer.Participants receive six months of treatment with a 10  mg oral dose of (Z)-endoxifen daily with the intent of determining their suitability for long-term active surveillance without surgery.On February 22, 2024,  the first patient was dosed with Atossa's proprietary SERM (Z)-endoxifen.DCIS is the presence of abnormal cells inside a milk duct in the breast.It is considered to be the earliest form of breast cancer and is noninvasive,  meaning it has not spread beyond the milk duct.",N/A
"Consumer loans are primarily all other non-real estate loans to individuals in our regional market area.Consumer loans can  entail risk, particularly in the case of loans that are unsecured or secured by rapidly depreciating assets.In these cases, any  repossessed collateral may not provide an adequate source of repayment of the outstanding loan balance.The remaining  deficiency often does not warrant further substantial collection efforts against the borrower beyond obtaining a deficiency  judgment.In addition, consumer loan collections are dependent on the borrower's continuing financial stability, and thus are  more likely to be adversely affected by job loss, divorce, illness, or personal bankruptcy.",N/A
"While lower occupancy rates can increase distribution of accommodation reservations through third-party intermediaries such as us, if there are lower ADRs, it generally has a negative effect on our revenues and results of operations.For a discussion of occupancy rates and ADRs, see Part II, Item 7, Management's Discussion and Analysis of Financial Condition and Results of Operations - Trends.Macroeconomic uncertainties have led to significant volatility in currency exchange rates, stock markets, and oil prices, which can impact consumer travel behavior.The uncertainty of macroeconomic factors and their impact on consumer behavior makes it difficult to forecast industry and consumer trends and the timing and degree of their impact on our business, which could adversely affect our ability to effectively manage our business and adversely affect our results of operations.9 Other events beyond our control such as pandemics and epidemics, terrorist attacks, natural disasters, wars and regional hostilities, travel-related accidents, or increased focus on the environmental impact of travel may disrupt or limit the ability or willingness of travelers to visit certain locations, or result in declines in demand for our travel offerings.",N/A
"Although our research and development efforts to date have resulted in potential clinical assets, we may not be able to continue to identify and develop additional clinical assets.Even if we are successful in continuing to build our pipeline, the potential clinical assets that we identify may not be suitable for clinical development.For example, these potential clinical assets may be shown to have harmful side effects or other characteristics that indicate that they are unlikely to receive marketing approval and achieve market acceptance.If we do not successfully develop and commercialize clinical assets based upon our approach, we will not be able to obtain product revenue in future periods, which likely would result in significant harm to our financial position.There is no assurance that we will be successful in our preclinical and clinical development of our current or future clinical assets, and the process of obtaining regulatory approvals will, in any event, require the expenditure of substantial time and financial resources.",N/A
"Cloud technologies are also critical to the operation of the Company's systems, and reliance on cloud technologies is growing.Service disruptions in cloud technologies may lead to delays in accessing, or the loss of, data that is important to the Company's businesses and may hinder customers access to products and services.Although the Company makes significant efforts to maintain the security and integrity of Cass' information systems and have implemented various measures to manage the risk of a security breach or disruption, there can be no assurance that Cass' security efforts and measures will be effective or that attempted security breaches or disruptions would not be successful or damaging.Even the most well protected information, networks, systems and facilities remain potentially vulnerable because attempted security breaches, particularly cyber-attacks and intrusions, or disruptions will occur in the future, and because the techniques used in such attempts are constantly evolving and generally are not recognized until launched against a target, and in some cases are designed not to be detected and, in fact, may not be detected.Accordingly, the Company may be unable to anticipate these techniques or to implement adequate security barriers or other preventative measures, and thus it is virtually impossible to entirely mitigate this risk.",N/A
"Forte's prospects are highly dependent on a single product candidate, FB-102.If we are unable to complete further development of, obtain approval for and  commercialize FB-102 for one or more indications in a timely manner, our business will be harmed.Forte's long-term prospects are highly dependent on future acceptance and revenues from a single product, FB-102.FB-102 is our only product candidate  at this time and is currently in a Phase 1 clinical trial.Any further development of FB-102 would require substantial capital and time to complete and there is no  guarantee that any future clinical trial, if pursued, would be timely or successful, or that FB-102 would be approved or, if approved, that commercialization  would be successful.",N/A
"7 PART I ITEM 1. BUSINESS Overview American Airlines Group Inc. (AAG), a Delaware corporation, is a holding company and its principal, wholly-owned subsidiaries are American Airlines, Inc. (American), Envoy Aviation Group Inc., PSA Airlines, Inc. (PSA) and Piedmont Airlines, Inc. (Piedmont).AAG was formed in 1982, under the name AMR Corporation (AMR), as the parent company of American, which was founded in 1934.AAG's and American's principal executive offices are located at 1 Skyview Drive, Fort Worth, Texas 76155 and their telephone number is 682-278-9000.Airline Operations Together with our wholly-owned regional airline subsidiaries and third-party regional carriers operating as American Eagle, our primary business activity is the operation of a major network air carrier, providing scheduled air transportation for passengers and cargo through our hubs in Charlotte, Chicago, Dallas/Fort Worth, Los Angeles, Miami, New York, Philadelphia, Phoenix and Washington, D.C. and partner gateways, including in London, Doha, Madrid, Seattle/Tacoma, Sydney and Tokyo (among others).In 2023, approximately 211 million passengers boarded our flights.",N/A
"Our business depends on generating and maintaining ongoing, profitable client demand for our services and solutions, and a significant reduction in such demand could materially affect our results of operations.Our revenue and profitability depend on the demand for our services and favorable margins, which have been and may continue to be negatively affected by numerous factors, many of which are beyond our control and unrelated to our work product.To increase our revenues and achieve favorable margins, we will need to attract additional clients or generate demand for additional services and products from existing clients, and such demand will depend on factors including clients' and potential clients' requirements, pre-existing vendor relationships, financial condition, strategic plans, internal resources and satisfaction with our work product and services, as well as broader economic conditions, competition and the quality of our Brands' employees, services and reputation and the breadth of our services.As described above, volatile, negative or uncertain global economic and political conditions have adversely affected client demand for our services and solutions.In addition, developments in the markets we serve, which may be rapid, could shift demand to services and solutions where we are less competitive, or might require significant investment by us to upgrade, enhance or expand our services and solutions to meet that demand.",N/A
"Our selling prices and profitability are impacted  during periods of shortages or excess industry capacity relative to market demand.We may also experience limited  capacity among suppliers of certain products as a result of supply chain challenges, which may impact our profitability  and ability to meet sales objectives.Our growth may be limited by our ability to make successful acquisitions.A key component of our growth strategy is to  complete business combinations.Business combinations involve inherent risks, including assimilation and successfully  managing growth.",N/A
"The COVID-19 pandemic has had a widespread and detrimental effect on the global economy, particularly in the U.S. since 2020, but to a lesser extent in 2023.The repercussions of COVID-19 is likely to continue to have, a material and substantial adverse impact on our results of operations, including a decrease in our sales and delays in sourcing raw materials from suppliers.In addition, COVID-19 adversely affected the economies and financial markets of many countries, which may affect our level of indebtedness, our need to generate sufficient cash flows to service our indebtedness and our ability to comply with the covenants contained in the agreements that govern our indebtedness.In the event of a sustained market deterioration and continued declines in net sales, and other repercussions of COVID-19, we may need additional liquidity.The need for additional liquidity may also be affected by the federal government's potential failure to raise the debt ceiling or correct a prolonged banking or financial crisis.",N/A
"We seek to operate our businesses in a responsible manner by balancing the twin priorities of (i) maintaining a strong balance sheet across commodity cycles and (ii) making investments to lower our cost structure, expand our production capacity, and increase our competitiveness.Century has invested significant capital in recent years to increase production and grow our product portfolio to include more value-added aluminum products to better serve our customers in the U.S. and Europe.We believe that our focus on lowering costs and decommoditizing our product line will enable us to deliver profitable long-term growth and differentiate us from overseas competitors with longer supply lines into the markets we serve.We conduct our business with a focus on sustainability, including the health and safety of our people and the communities in which we operate.Through our Natur-Al  product line, we are able to provide our customers with world-class, low-carbon aluminum products that demonstrate our commitment to sustainability.",N/A
"This strategic framework emphasizes our focus on alignment across all of our supportive care services.By adhering to this strategy, we aim to cultivate best practices, achieve operational scalability and efficiencies, and standardize processes to ensure an optimal experience for both our members and customers.ModivCare is focused on aligning our people, processes, and technology for each business segment while integrating data across our point solutions to better serve our members and customers.ModivCare is focused on execution, growth, and results.To highlight a couple of strategic initiatives in our business segments: • NEMT – our transportation network is selected using a partnership model with credentialed transportation providers to ensure we provide our members with high quality service and on-time performance.",N/A
"In addition, our agreements with our sponsor banks and our third-party payment processors (as well as payment  network requirements) require us to take certain protective measures to ensure the confidentiality of client and consumer data.Any failure to adequately comply with these protective measures could result in fees, penalties, litigation or termination of our  sponsor bank agreements.Further, certain of our sponsor banks have experienced, and could in the future experience,  cybersecurity incidents that could disrupt our operations, expose us to liability and protracted and costly litigation and damage  our reputation.Security breaches may be subject to scrutiny from governmental agencies such as the CFPB, the FTC and the U.S.  Department of Health and Human Services Office for Civil Rights.See “Risks Related to Regulation” below.",N/A
"Our history of unique, industry-oriented market insights allows us to be at the forefront of  innovation which includes multiple industry-leading solutions.For example, we pioneered criminal fulfillment  technology (CourtDirect), arrest record and incarceration alert products, post-hire monitoring capabilities, AI- enhanced record review and validation process and the industry's only proprietary technology in a single-sourced  U.S.-nationwide fingerprint network.Our commitment to innovation has continued with the recent development of  enhanced global language support capabilities, a cloud-based operating platform, our exclusive partnership with the  Financial Industry Regulatory Authority, Inc. (“FINRA”) serving as their fingerprint services provider, and a  comprehensive global identity verification solution through our partnership with ID.me in the U.S. and with Yoti  internationally.Enabled by our market leadership and platform investments, we have established a foundation and  roadmap for future innovation which includes industry-specific products, growing our Identity-as-a-Service  capabilities and further geographic expansion.On September 27, 2021, we completed our initial public offering (“IPO”), in which we and certain selling  stockholders sold an aggregate of 16,427,750 shares of our common stock, $0.01 par value per share, consisting of  4,760,000 newly issued shares that we sold, 9,525,000 secondary shares that the selling stockholders sold and  2,142,750 shares that the selling stockholders sold pursuant to the full exercise of the underwriters' option to  purchase additional shares at an offering price of $23.00 per share, resulting in net proceeds to us of $94.5 million,  after deducting the underwriting discount of $6.8 million and offering expenses of $8.1 million, of which $0.2 million  was unpaid as of December 31, 2021.",N/A
"Our strength lies in embracing diverse perspectives and experiences, which fuels innovation, creativity and problem-solving.By fostering an inclusive environment where everyone feels valued and respected, we unlock the full potential of our talent, allowing us to navigate challenges and thrive in a competitive marketplace.In 2023, we focused on: • Creating opportunities for employees to engage in cultural competency workshops and conversations • Creating new programming to build and champion our diverse merchant base • Engaging our employees by launching a monthly DEI newsletter.This is emailed to all employees and details any DEI updates, Employee Resource Group activities, other resources and more.Compensation and Benefits.",N/A
"Because our lawn and garden products are used primarily in the spring and summer, the Garden business is seasonal.In fiscal 2023, approximately 67% of our Garden segment's net sales and 58% of our total net sales occurred during our second and third fiscal quarters.Substantially all of the Garden segment's operating income is generated in this period.Our working capital needs and our borrowings generally peak in our second fiscal quarter because we are generating lower revenues while incurring expenses in preparation for the spring selling season.If cash on hand and borrowings under our credit facility are ever insufficient to meet our seasonal needs or if cash flow generated during the spring and summer is insufficient to repay our borrowings on a timely basis, this seasonality could have a material adverse effect on our business.",N/A
"Within this 30% basket, we have and may make additional investments in debt and equity securities of financial companies and companies located outside of the United States.Our investments may include other equity investments, such as warrants, options to buy a minority interest in a portfolio company, or contractual payment rights or rights to receive a proportional interest in the operating cash flow or net income of such company.When determined by the Investment Adviser to be in our best interest, we may acquire a controlling interest in a portfolio company.Any warrants we receive with our debt securities may require only a nominal cost to exercise, and thus, as a portfolio company appreciates in value, we may achieve additional investment return from this equity interest.We have structured, and will continue to structure, some warrants to include provisions protecting our rights as a minority-interest or, if applicable, controlling-interest holder, as well as puts, or rights to sell such securities back to the company, upon the occurrence of specified events.",N/A
"If the use of “cookie” tracking technologies is further restricted, regulated, or blocked, or if changes in technology cause cookies  to become less reliable or acceptable as a means of tracking consumer behavior, the amount or accuracy of internet user  information we collect would decrease, which could harm our business and operating results.If we cannot successfully protect our intellectual property, our business would suffer.We may be accused of infringing intellectual property rights of third parties.Risks Relating to Taxes • Changes in U.S. tax or tariff policy regarding apparel produced in other countries could adversely affect our business.We could be required to collect additional sales taxes or be subject to other tax liabilities that may increase the costs our clients  would have to pay for our offering and adversely affect our operating results.",N/A
The market price of our common stock has historically been volatile and may drop in the future.We incur significant costs associated with complying with public company reporting requirements.• A lack of analyst coverage may cause a decline in our stock price or trading volume.We may fail to maintain proper and effective internal controls.37 Table of Contents Risks Related to Our Financial Condition and Capital Requirements,N/A
"Prior to August 12, 2022, the Company's common stock traded on the NASDAQ Global Select Market under the ticker  “AINV”.On November 7, 2023, the Company entered into (i) an Agreement and Plan of Merger (the “AFT Merger Agreement”) with  Apollo Senior Floating Rate Fund Inc., a Maryland corporation (“AFT”), AFT Merger Sub, Inc., a Maryland corporation and a  direct wholly-owned subsidiary of the Company (“AFT Merger Sub”), and, solely for the limited purposes set forth therein, the  Adviser, and (ii) an Agreement and Plan of Merger (the “AIF Merger Agreement” and, together with the AFT Merger Agreement,  the “Merger Agreements”) with Apollo Tactical Income Fund Inc., a Maryland corporation (“AIF”), AIF Merger Sub, Inc., a  Maryland corporation and a direct wholly-owned subsidiary of the Company (“AIF Merger Sub”), and, solely for the limited  purposes set forth therein, the Adviser.The Merger Agreements provide that, subject to the terms and conditions set forth in the  applicable Merger Agreement, at the effective time of such merger, AFT (the “AFT Effective Time”) and AIF (the “AIF Effective  Time”) will, through a two-step merger process, merge with and into the Company, with the Company continuing as the surviving  company (each, the “AFT Merger” or the “AIF Merger”, and collectively, the “Mergers”).Each of the Company's Board of  Directors, and AFT's and AIF's board of directors, including all of the respective independent directors, in each case, on the  recommendation of special committees comprised solely of certain independent directors of the Company or AFT and AIF, as  applicable, have approved the applicable Merger Agreement and the transactions contemplated thereby.Consummation of the  Mergers, which is currently anticipated to occur in the first half of 2024, is subject to certain closing conditions, including requisite  approvals of the Company's, AFT's and AIF's stockholders and certain other closing conditions.",N/A
"If we fail to penetrate new markets, including the automotive OEM and ADAS market, our revenue and financial condition could be harmed.We believe that our future revenue growth, if any, significantly depends on our ability to expand within the Internet of Things, or IoT, camera  markets with our new artificial intelligence, or AI, computer vision SoC solutions, and the OEM automotive, robotics and industrial markets.Our AI  computer vision SoC solutions have functionality that may also be applicable to other developing markets, such as processing of large language models  (LLMs).Each of these markets presents distinct and substantial risks and, in many cases, requires us to develop new functionality or software to address the  particular requirements of that market.If any of these markets do not develop as we currently anticipate, the technical requirements of these markets evolve  in ways we do not anticipate, the development of such markets is delayed or impacted by factors outside of our control, or if we are unable to penetrate  them successfully with our solutions, our revenue could decline and our financial condition would be negatively impacted.",N/A
