Risky Sentences,T/F
"Although many of the telehealth waivers enacted as part of the public health emergency were extended by the Consolidated Appropriations Act of 2023 until December 31, 2024, in its 2024 physician fee schedule final rule, CMS made further changes to its 31 policies regarding, and the reimbursement of, telehealth service by Medicare, including the expansion of reimbursement for certain behavioral telehealth services and an increase in reimbursement for certain telehealth related services.Although we are still gauging the overall impact of such changes to our business, CMS appears to be committed to permanently increasing the utilization of telehealth services by Medicare beneficiaries.The expiration of the public health emergency and state budget woes could result in certain costs that have been borne by the government being passed on to patients, which will result in less patients covered by federal health care programs and thereby increasing both the cost of collections and potential bad debt to health care providers.All of these changes could adversely affect our financial conditions and results of operations.Our revenues and profits could be diminished if we fail to retain our health system partners or our Privia Physicians or if we fail to recruit new Privia Physicians to affiliate with our Medical Groups.",N/A
"Other teams, such as engineers, product designers, marketers and editors, power the platform and curate the experiences.Within our human capital management strategy, there are three core pillars: Our People & Culture, Diversity, Equity & Inclusion (""DEI"") and Compensation & Benefits.At Groupon, we believe experiences make life richer and that philosophy extends to our work culture as well.We thrive on the strength and diversity of our global teams, where resilient, energized and collaborative individuals bring their unique perspectives to the table.Our mission is to foster a culture that ignites innovation, empowers smart decision-making and celebrates every success along the way.",N/A
"• Raising additional capital may cause dilution to our existing stockholders, restrict our operations or require us to relinquish rights to our technologies or product candidates.Risks related to our common stock •We do not intend to pay dividends on our common stock so any returns will be limited to the value of our stock.Our principal stockholders and management own a significant percentage of our stock and will be able to exert significant control over matters subject to stockholder approval.• Anti-takeover provisions under our charter documents and Delaware law could delay or prevent a change of control which could limit the market price of our common stock and may prevent or frustrate attempts by our stockholders to replace or remove our current management.",N/A
"The size of our future net losses  will depend, in part, on the rate of future growth of our expenses and our ability to generate revenues.Our prior net losses and expected future net losses  have had and will continue to have an adverse effect on our stockholders' equity and working capital.Because of the numerous risks and uncertainties  associated with drug development, we are unable to accurately predict the timing or amount of increased expenses, or when, if at all, we will be able to  achieve profitability.We will need substantial additional financing to develop tildacerfont and any future product candidates and implement our operating plan.If we fail to  obtain additional financing, we may be forced to delay, reduce or eliminate our product development programs or commercialization efforts.",N/A
"If Symbotic is unable to compete effectively with these potential competitors and developments, its sales and profitability could be adversely affected.If Symbotic is unable to develop new solutions, adapt to technological change, evolving industry standards and changing business needs or preferences, sell its software, services and products into new markets or further penetrate its existing markets, its revenue may not grow as expected.◦ Laws and regulations governing the robotics and warehouse automation industries are still developing and may restrict Symbotic's business or increase the costs of its solutions, making Symbotic's solutions less competitive or adversely affecting its revenue growth.◦ Supply chain interruptions may increase Symbotic's costs or reduce its revenue.• Risks related to intellectual property, including that: ◦ Symbotic may need to bring or defend itself against patent, copyright, trademark, trade secret or other intellectual property infringement or misappropriation claims, which may adversely affect its business, financial condition and results of operations by limiting its ability to use technology or intellectual property and causing it to incur substantial costs.",N/A
"Unless the context requires otherwise, references to ""we,” ""us,” ""our,” and ""Virpax,” refer to Virpax Pharmaceuticals, Inc. and its subsidiaries.Risks Related to Our Financial Position and Need for Additional Capital● We are a preclinical stage biopharmaceutical company with a limited operating history.● We have incurred losses since inception and anticipate that we will continue to incur losses for the foreseeable future.We are not currently profitable, and we may never achieve or sustain profitability.",N/A
"Our new products and services and changes to existing products and services may not succeed.Our ability to retain, increase and engage our customer base and to increase our revenue depends, in large part, on our ability to continue to evolve existing solutions and to create successful new solutions.We may introduce significant changes to our existing solutions or acquire or introduce new and unproven products and services, including using technologies or entering markets or industries in which we have little or no experience.For example, as Government Solutions customers increase their requirements related to data security, privacy and IT architecture, we may be unable to develop new solutions to keep up with increasing requirements.The failure of any new or enhanced solution to achieve customer adoption or our failure to otherwise successfully monetize our development efforts could have a material adverse effect on our business, financial condition and results of operations.",N/A
"For example, during fiscal 2023 we sold 7,500,000 shares in the SPB Exchange that we owned and realized a loss from such sale in the amount of $73.4 million.We attribute this loss to a combination of factors, including heightened market uncertainty and increased volatility caused by the Russia-Ukraine conflict and its geopolitical consequences.Although neither FRHC nor any of its group companies is the subject of any sanctions imposed by the United States, the European Union or the United Kingdom, and we have divested our Russian subsidiaries, sanctions related to Russia could adversely impact our business.For example, we continue to provide brokerage services to a significant number of Russian persons through their non-Russian accounts with us or indirectly through accounts held with FST Belize, and sanctions could restrict our ability to continue to provide brokerage services to such Russian persons.Sanctions could also limit our ability to, or make it difficult for us to, enter into agreements with counterparties, who may refuse to work with us due to our significant Russian customer base.",N/A
"We may redeem unexpired warrants prior to their exercise at a time that is disadvantageous to investors, thereby making Public Warrants worthless.• Currently outstanding Public Warrants, Private Warrants, SPA Warrants and New SPA Warrants are exercisable for shares of Common Stock.Additionally, the Debentures are currently convertible.Any future exercise of such warrants or conversion of the Debentures would increase the number of shares of Common Stock eligible for future resale in the public market and result in dilution to our stockholders.Risks Relating to our Business and Industry",N/A
"Our net proceeds from the offering  amounted to $3.0 million after placement agent and other fees.Future issuances of common stock may include, but not be limited to, (i) the issuance of  581,826 remaining shares of common stock pursuant to our Purchase Agreement with Lincoln Park, (ii) the issuance of up to 350,589 remaining  outstanding shares of common stock upon the exercise of warrants issued in connection with our March 2019 public offering of common stock and  warrants, (iii) the issuance of the remaining outstanding shares of common stock upon the exercise of warrants issued in connection with our August 2023  public offering of common stock and warrants that would result in gross proceeds of $1.2 million, (iv) the issuance of the remaining shares of common  stock upon the exercise of warrants issued in connection with our November 2023 Warrant Inducement Agreement with certain Holders of our Series A  and Series B common warrants issued in connection with our August 2023 public offering that would result in gross proceeds of $6.6 million, or (v) the  issuance of common stock in a firm commitment offering or private placement.Public or bank debt financing, if available, may involve agreements that  include covenants limiting or restricting our ability to take specific actions, such as incurring additional debt, making capital expenditures, pursuing  acquisition opportunities, declaring dividends, our ability to acquire, sell or license intellectual property rights and other operating restrictions that could  adversely impact our ability to conduct our  25If we raise funds by issuing equity securities, our stockholders will experience dilution.If we raise funds through collaboration and licensing  arrangements with third parties or enter into other strategic transactions, it may be necessary to relinquish valuable rights to our technologies or product  candidates or grant licenses on terms that may not be favorable to us.",N/A
"Because our stock price has been and will likely continue to be highly volatile, the market price of  our common stock may be lower or more volatile than expected.•  Litigation or regulatory investigations could have a material adverse impact on our results of  operation and financial condition.We or the third parties upon whom we depend may be adversely affected by natural or man-made  disasters or public health emergencies, such as the COVID-19 pandemic.Risks Related to Our Financial Condition and Capital RequirementsWe have a history of losses and our future profitability is uncertain.",N/A
"The  Company has rigorous product safety and quality standards.However, if beverage products taken to market are or become  contaminated or adulterated, the Company may be required to conduct costly product recalls and may become subject to product  liability claims and negative publicity, which could cause its business and reputation to suffer.The Company's success also depends in large part on its ability and the ability of The Coca-Cola Company and other beverage  companies it works with to maintain the brand image of existing products, build up brand image for new products and brand  extensions and maintain its corporate reputation and social license to operate.Engagements by the Company's executives in social and  public policy debates may occasionally be the subject of criticism from advocacy groups that have differing points of view and could  result in adverse media and consumer reaction, including product boycotts.Similarly, the Company's sponsorship relationships and  charitable giving program could subject the Company to negative publicity as a result of actual or perceived views of organizations the  Company sponsors or supports financially.",N/A
"The laws and regulations in  these jurisdictions are inherently complex and we will be obliged to make judgments and interpretations about the application of these laws and regulations to us, including our  subsidiaries and our operations and businesses.Those laws and regulations include those related to any restructuring of intercompany operations, holdings or financings, the valuation  of intercompany services; cross-border payments between affiliated companies; and the related effects on income tax, VAT and transfer tax.Further, our tax liabilities could be  adversely affected by numerous other factors, including income before taxes being lower than anticipated in countries with lower statutory tax rates and higher than anticipated in  countries with higher statutory tax rates, changes in the valuation of deferred income tax assets and liabilities, and changes in tax laws and regulations.Although we believe our tax  estimates are reasonable, any changes in our judgments and interpretation of tax laws or any material differences as a result of any audits could result in unfavorable tax adjustments  that may have an adverse effect on our overall tax liability.Changes in tax laws could result in additional tax liabilities.",N/A
"A number of our dealers maintain a rental fleet of their own.Boom trucks can be rented for either short  or long-term periods.Knuckle Boom Cranes  PM knuckle boom cranes are hydraulic folding and articulating cranes, mounted on a commercial chassis, with lifting capacities that  range from small (lifting capacity up to three-ton meter) to super heavy (lifting capacity up to two-hundred-and-ten-ton meter), often  supplied with a jib for additional reach.The knuckle boom has a compact design and footprint which can be mounted on a chassis to  maximize the load carrying capability.Combined with the crane's ability to operate in a compact footprint the ability to carry a payload  provides a competitive advantage over other truck mounted cranes and makes the knuckle boom crane particularly attractive for a variety  of end uses in the construction and product delivery sectors.",N/A
"Our estimates of the market opportunities for LUMRYZ are based on the estimated market size for the twice-nightly administration of sodium oxybate, and our expectations with regard to LUMRYZ's potential to take -24- share of this market segment as well as attract oxybate-naïve patients and patients who have previously discontinued twice-nightly oxybate treatment.These estimates have been derived from a variety of sources, including scientific literature, surveys of clinics, patient foundations, or market research, and may prove to be incorrect.Further, new studies may change the estimated incidence or prevalence of these diseases.The potential target population for LUMRYZ may turn out to be lower or more difficult to identify than expected.Even if we obtain significant market share for LUMRYZ in this indication, because the potential target population for LUMRYZ is small, we may never achieve profitability without obtaining marketing approval for additional indications.",N/A
"If one or more of our competitors were to merge, the change in the competitive landscape could adversely affect  our competitive position.Consolidation by industry participants could increase their resources and result in competitors  with expanded market share, larger customer bases, greater diversified product offerings and greater technological and  marketing expertise, which may allow them to compete more effectively against us.In addition, our competitors may  develop products that are superior to our products (on a price-to-value basis or otherwise) or may adapt more quickly to  new technologies or evolving customer requirements.If we do not compete effectively, our net sales, margins, and  profitability and our future prospects for success may be harmed.We may not be able to compete as effectively with our competitors, and ultimately satisfy the needs and  preferences of our customers, unless we can continue to enhance existing products and technologies and develop new  innovative products and marketing strategies for the markets in which we compete.",N/A
"Demand for our services and products is sensitive to the level of exploration, development and production activity of, and the corresponding capital spending by, oil and natural gas companies, including national oil companies, regional exploration and production providers, and related service providers.The level of exploration, development and production activity is directly affected by trends in oil and natural gas prices, which historically have been volatile and are likely to continue to be volatile.Prices for oil and natural gas are subject to large fluctuations in response to relatively minor changes in the supply of and demand for oil and natural gas, market uncertainty, and a variety of other economic factors that are beyond our control.Any prolonged reduction in oil and natural gas prices will depress the immediate levels of exploration, development and production activity, which could have an adverse effect on our business, results of operations and financial condition.Even the perception of longer-term lower oil and natural gas prices by oil and natural gas companies and related service providers can similarly reduce or defer major expenditures by these companies and service providers given the long-term nature of many large-scale development projects.",N/A
"The master franchise agreement typically requires the franchisees to open a minimum number of restaurants within a specified period.The master franchisee is generally required to pay an initial, upfront development fee for the territory as well as a franchise fee for each restaurant opened.Under our current standard master franchise agreement, each master franchisee is also required to pay a continuing royalty fee as a percentage of sales, which varies among international markets, but is currently set at 6%.Suppliers and Distribution Our franchisees are required to purchase all chicken, groceries, produce, beverages, equipment and signage, furniture, fixtures, logo-imprinted paper goods, and cleaning supplies solely from suppliers that we designate and approve.Our supply partners are required to meet strict quality standards.",N/A
"Because our business depends on insurance retail agents, brokers, wholesalers and program administrators, we are  exposed to certain risks arising out of our reliance on these distribution channels that could adversely affect our results.Substantially all of our products are ultimately distributed through independent retail agents and brokers who have the  principal relationships with policyholders.Retail agents and brokers generally own the “renewal rights,” and thus our  business model is dependent on our relationships with, and the success of, the retail agents and brokers with whom we do  business.Further, we are also dependent on the relationships our wholesalers and program administrators maintain with the  agents and brokers from whom they source their business.Our relationship with our retail agents, brokers, wholesalers and program administrators may be discontinued at any  time.",N/A
"In August 2021, we acquired Nebula, a privately-owned personal genomics company.We have transitioned Nebula's whole genome sequencing services into the area where clinical diagnostic services were offered at our CLIA-certified molecular testing laboratories.In March 2022, we formed ProPhase Biopharma, Inc. for the licensing, development and commercialization of novel drugs, dietary supplements, and compounds.We may in the future consider and pursue investments and acquisitions in other sectors and industries.We have and will continue to incur significant expenses as we grow our new businesses.",N/A
"We also made progress in the capital management pillar of our business strategy, repurchasing 1,439,575 common shares during 2023.As of December 31, 2023, Maiden Reinsurance owns 29.9% of the Company's total outstanding common shares which is eliminated for accounting and financial reporting purposes on our consolidated financial statements.The voting power of Maiden Reinsurance, with respect to its investment in Maiden Holdings common shares, is capped at 9.5% pursuant to the bye-laws of the Company.The ownership of the common shares by Maiden Reinsurance was made in compliance with Maiden Reinsurance's investment policy as approved by the Vermont Department of Financial Regulation (""Vermont DFR"").Details of our recent capital transactions are discussed in our Notes to the Consolidated Financial Statements in ""Note 6 — Shareholders' Equity"" included under Item 8 ""Financial Statements and Supplementary Data"" of this Annual Report on Form 10–K.",N/A
"We have historically derived our revenue from the sale or lease of our LENSAR Laser and ALLY Systems  as well as the associated procedure licenses and sale of consumables used in each procedure involving our  systems.The commercial success of our ALLY System will depend upon receipt of additional regulatory  clearances or certifications and our ability to maintain and grow significant market acceptance for it.Our growth depends on our ability to gain regulatory clearances and certifications, as well as our ability to  meet production goals for our ALLY System.• Patients may not be willing to pay for the price difference between a standard cataract procedure and an  advanced cataract procedure in which a laser system such as ours is used, an increment which is typically not  covered by Medicare, private insurance or other third-party payors.If we are not able to effectively grow our U.S. sales and marketing organization or maintain or grow an  effective network of international distributors, our business prospects, results of operations and financial  condition could be adversely affected.",N/A
"Pursuant to the Akebia License Agreement, Akebia will be responsible for all future research, development, regulatory, and commercialization  activities for the out-licensed Praliciguat products.Akebia paid a $3.0 million up-front payment to the Company upon signing of the Akebia License Agreement and the Company is eligible to  receive additional milestone cash payments of up to $585 million in total potential future development, regulatory, and commercialization milestone  payments for Praliciguat.In addition to these cash milestone payments, Akebia will pay the Company tiered royalty payments on net sales in certain major  markets at percentages ranging from the mid-single digits to the high-teens, subject to certain reductions and offsets.Unless earlier terminated, the Akebia License Agreement will expire on a product-by-product and country-by-country basis upon the expiration  of the last royalty term, which ends upon the longest of (i) the expiration of the patents licensed under the Akebia License Agreement, (ii) the expiration of  regulatory exclusivity for such product, and (iii) 10 years from first commercial sale of such product.Akebia may terminate the Akebia License Agreement  in its entirety or only with respect to a particular licensed compound or product upon 180 days' prior written notice to Cyclerion, subject to certain  obligations to license back to Cyclerion licensed compounds and candidates and related assets.",N/A
"Our investment portfolio consisting of a variety of investment vehicles that are subject to interest rate trends, market  volatility, and other economic factors.The effects of the COVID-19 pandemic and related public health measures.Risks Relating to Our Business and StrategyOur strategy to develop and introduce new products and services exposes us to risks such as limited customer acceptance, costs  related to product defects, and large expenditures, each of which may result in no additional net revenue or decreased net  revenue.The software industry is characterized by rapid technological changes as well as changes in customer requirements and  preferences.",N/A
"In  addition, our sales are impacted by changes to the economic health of vehicle owners.The economic health of vehicle owners is  affected by many factors, including, among others, general business conditions, interest rates, inflation, consumer debt levels,  the availability of consumer credit, taxation, fuel prices, new and used vehicle pricing, unemployment trends and other matters  that influence consumer confidence and spending.Many of these factors are outside of our control.If inflationary pressures or  any of these other conditions worsen, our business, results of operations, financial condition and cash flows could be adversely  affected.In addition, economic conditions, including decreased access to credit, may result in financial difficulties leading to  restructurings, bankruptcies, liquidations and other unfavorable events for our customers, suppliers, logistics and other service  providers and financial institutions that are counterparties to our credit facilities and hedge transactions.",N/A
"Actions by monetary and fiscal authorities, including the Federal  Reserve, could lead to inflation, deflation, or other economic phenomena that could adversely affect our financial performance.Inflation  has risen sharply since the end of 2021 and throughout 2022 at levels not seen for over 40 years.Inflationary pressures, while easing  recently, remained elevated throughout the first half of 2023.Small to medium-sized businesses may be impacted more during periods  of high inflation as they are not able to leverage economics of scale to mitigate cost pressures compared to larger businesses.Consequently, the ability of our business clients to repay their loans may deteriorate quickly, which would adversely impact our results  of operations and financial condition.",N/A
"We do not have any products approved for sale and have not generated any revenue from product sales.Antibiotic Background Antibiotics are a class of medications used to treat diseases caused by bacterial infections.There are two main groups of bacteria, Gram-positive bacteria and Gram-negative bacteria, which are distinguished by structural differences in their cellular envelope.Gram-positive bacteria are surrounded by a single lipid-based cell membrane and a thick cell wall, while Gram-negative bacteria are encircled by two lipid membranes, an inner membrane and an outer membrane, with a thinner cell wall in between, as shown in the illustration below.Antibiotics that target Gram-negative bacteria must be specifically designed to cross both the inner and outer membranes to enter the bacterial cells.",N/A
"If the CRADA is terminated before completion of the Phase 3 study, NICHD will cooperate with us to transfer the data and the conduct of the study to us or our designee and will continue to conduct the study for so long as necessary to enable such transfer to be completed without interrupting the study.If we terminate the CRADA before the completion of any active study protocol, we generally will be responsible for providing sufficient clinical supplies of Ovaprene to NICHD in order to complete the study.NICHD may retain and use payments we make under the CRADA for up to one year after expiration or termination to cover costs associated with the conduct of activities described under the research plan in the CRADA that were initiated prior to expiration or termination, and any unused funds will be returned to us.Under the CRADA, each party granted the other party rights to use their respective background inventions solely to the extent necessary to conduct the activities described in the research plan in the CRADA.Subject to the U.S. government's nonexclusive, nontransferable, irrevocable, paid-up right to practice any CRADA invention for research or other government purposes, each party will own inventions, data and materials produced by its employees, and both parties will jointly own inventions jointly invented by their employees in performing the research plan.",N/A
"At the time of filing this Form 10-K, the American and world economies have largely recovered from effects of the COVID-19 pandemic but continue to be affected by a combination of factors arising from the continuing war in Ukraine, the more recent and worsening crisis in the Israel and the Middle East, and continued tensions between the U.S. and China.While inflation appears to be cooling, food, housing and transportation prices remain significantly higher than prior to the pandemic – that is not likely to change in the near term and could be further impacted by the global environment.The weakening labor market may relieve pressure on our ability to hire qualified employees, but recent wage gains are not likely to be reversed.Higher unemployment together with continued high interest rates may further dampen consumer demand and affect the Company's future financial performance.Our customers fall into two broad categories: those who shop in retail stores and on our website (""Retail Customers”) and those whom we serve through our commercial division (""Commercial Customers”).",N/A
"The outcome of litigation or government investigations is inherently uncertain.If one or more  legal matters were resolved against us or an indemnified third party in a reporting period for amounts above management's  expectations, our results of operations and financial condition for that reporting period could be materially adversely affected.Further,  such an outcome can result in significant compensatory, punitive or trebled monetary damages, disgorgement of revenue or profits,  remedial corporate measures or injunctive relief against us, and has from time to time required, and can in the future require, us to  change our business practices and limit our ability to offer certain products and services, all of which could materially adversely affect  the Company's business, reputation, results of operations and financial condition.While we maintain insurance coverage for certain  types of claims, such insurance coverage may be insufficient to cover all losses or all types of claims that may arise.SUPPLY CHAIN AND THIRD PARTIES",N/A
"Our net and same store sales and results of operations, reported and expected, have fluctuated in the past and will vary from quarter to  quarter in the future.These fluctuations may adversely affect our financial condition and the market price of our common stock.A number of factors,  many of which are outside our control, have historically caused and will continue to cause variations in our quarterly net and same store sales and operating  results, including changes in consumer demand for our products, competition in our markets, inflation, increases in operating expense, changes in pricing  or other actions taken by our competitors, weather conditions in our markets, natural disasters, litigation, political events, government regulation, changes  in accounting standards, changes in management's accounting estimates or assumptions and economic conditions, including those specific to our western  United States markets.Intense competition in the sporting goods industry could limit our growth and reduce our profitability.The retail market for sporting goods is highly fragmented and intensely competitive.",N/A
"The Massachusetts market has seen an increased level of competition, particularly in the private passenger automobile  insurance line, due to prior changes in regulatory conditions.To date, we have not had a significant decrease in our  private passenger automobile insurance business.However, further competition and adverse results could include loss of  market share, decreased revenue, and/or increased costs.As writers of property insurance, our Insurance Subsidiaries are exposed to potential losses related to severe  weather:We have exposure to claims related to severe weather conditions, which may result in an increase in claims frequency  and severity.",N/A
"As we continue to increase production of SiC-based products and ramp manufacturing at EFK and at our facilities in Hudson,  New Hampshire, the Czech Republic and South Korea, we may face challenges or risks related to: increased capital spending  and long-term capital expenditure commitments, installing and qualifying new manufacturing equipment, meeting planned  process yields, maintaining suitable quality control and educating or providing employees with the requisite know-how to  operate the processes at our expanded manufacturing facilities.There are inherent execution risks in expanding production  capacity, whether at one of our own factories or at a third party that we utilize, all of which could increase our costs and  negatively impact our operating results.In addition, to streamline our operations and for efficiency purposes, we are pursuing a number of actions, including the  outsourcing of certain internal business processes and the deployment of enhanced end-to-end digital processes (which, in some  cases, include the use of AI) for certain business use cases.Such opportunities for improvement and enhanced productivity  bring risks associated with managing change, transition costs, and the potential for reduced productivity or user error, in  addition to those risks specific to each new process.The failure to successfully and timely realize the anticipated benefits of these transactions or strategies could have a material  adverse effect on our profitability, financial condition or results of operations.",N/A
"Economic recessions have had, and may continue to have, far reaching adverse consequences across many industries, including the global entertainment and gaming industries, which may adversely affect our business and financial condition.The global and U.S. economies experienced tepid growth immediately following the global financial crisis in 2008 – 2009 and more recently experienced a period of increased volatility during the global COVID-19 pandemic.Ongoing or intensifying economic weakness, including recessions, economic slowdowns, uncertainties in the global financial markets and other adverse economic conditions, including inflation, changes in monetary policy and increased interest rates, or other changes in economic and political conditions may result in a material adverse effect on our business, financial condition, results of operations or prospects.In addition, changes in general market, economic and political conditions in domestic and foreign economies or financial markets, including fluctuation in stock markets resulting from, among other things, trends in the economy as a whole may 14 reduce users' disposable income and advertisers' budgets.Any one of these changes could have a material adverse effect on our business, financial condition, results of operations or prospects.",N/A
"Optimized payload  With our FORCE platform, we have the flexibility to deploy different types of therapeutic payloads with specific mechanisms of action that  modify target functions.Using this modularity, we rationally select the therapeutic payload for each program to match the biology of the  target, with the aim of addressing the genetic basis of disease and stopping or reversing disease progression.For instance, in our DM1  program, where the genetic driver of DM1 is mutant DMPK pre-mRNA located in the nucleus, we have determined to use an ASO because  ASOs have advantages in degrading RNA in the nucleus when compared to siRNAs.In the case of our DMD program, we are utilizing an  exon skipping PMO payload with the goal of enhancing dystrophin expression.In the case of certain cardiac and metabolic programs where  the genetic targets are focused in the cytoplasm, we have engineered proprietary siRNA payloads to reduce the expression of these  cytoplasmic targets.",N/A
"Leading cardiothoracic surgeons and electrophysiologists, including those who serve or who have served as consultants to us, have published results of preclinical and clinical studies utilizing our devices.The results of these studies have assessed efficacy, ease of use and safety endpoints.Products for cardiac tissue ablation include those that create scar tissue using radio frequency (RF) energy or cryothermic modalities.Our ablation products are part of platforms each consisting of disposable hand pieces which connect to either a RF generator or a cryothermic generator.We generally place this capital equipment with our direct customers and sell to our distributors.",N/A
"If our license agreements are terminated, we may lose our rights to develop and commercialize product candidates and technology, lose patent protection, experience significant delays in the development and commercialization of our product candidates and technology, and incur liability for damages.If these in-licenses are terminated, or if the underlying intellectual property fails to provide the intended exclusivity, our competitors or other third parties could have the freedom to seek regulatory approval of, and to market, products and technologies identical or competitive to ours and we may be required to cease our development and commercialization of certain of our product candidates and technology.In addition, we may seek to obtain additional licenses from our licensors and, in connection with obtaining such licenses, we may agree to amend our existing licenses in a manner that may be more favorable to the licensors, including by agreeing to terms that could enable third parties, including our competitors, to receive licenses to a portion of the intellectual property that is subject to our existing licenses and to compete with any product candidates we may develop and our technology.Any of the foregoing could have a material adverse effect on our competitive position, business, financial condition, results of operations and prospects.Our License Agreement with Vernalis continues for an indefinite term and terminates, among other ways, under the following circumstances: (i) on its terms when royalties and other sums cease to be payable thereunder; (ii) by us at any time by providing 60 days' prior notice; or (iii) upon an event of default, such as a material breach or insolvency of the other party.",N/A
"We believe that physicians and other customers will not widely adopt our vascular testing product or our other products in development or products we distribute unless they determine, based on experience, long-term clinical data Table of Contents 22 and published peer reviewed journal articles, that the use of such product provides a safe and effective alternative to other existing ABI devices.We cannot provide any assurance that the data collected from our past, current and any future clinical trials will be sufficient to demonstrate that our products are an attractive alternative to other ABI devices or procedures.If we fail to demonstrate safety and efficacy that is at least comparable to other ABI devices that are available on the market, our ability to successfully market our products will be significantly limited.Even if the data collected from clinical studies or clinical experience indicate positive results, each physician's actual experience with our products will vary.We also believe that published peer-reviewed journal articles and recommendations and support by influential physicians regarding our vascular testing product and our other products in development will be important for market acceptance and adoption, and we cannot assure you that we will receive these recommendations and support, or that supportive articles will be published.",N/A
"Legal and regulatory requirements concerning the direct selling industry generally do not include “bright line” rules and are inherently fact-based and subject to interpretation.As a result, regulators and courts often have discretion in their application of these laws and regulations.The enforcement or interpretation of these laws and regulations by government agencies or courts change from time to time and force us to make appropriate changes to our direct selling system.We periodically become aware of investigations and enforcement actions against other companies in the direct selling industry.Additionally, we could also be subject to challenges by private parties in civil actions, including class action cases brought by plaintiffs' lawyers.",N/A
"Natural gas, including LNG, continues to be the growth fuel  of choice for the electrical power and industrial sectors in many of the world's regions in primary power generation, and  as a complement to renewables as a source of backup and standby power.The pipeline and storage infrastructure required  to supply these new users creates increased interest in our products and services.•  Hydrocarbon Processing: Hydrocarbon processing involves the production, refining, and processing of hydrocarbons and  organic chemicals (petrochemicals) for use in a variety of downstream applications, such as gasoline, aviation fuel,  fertilizers, lubricants, polymers, plastics, paints and coatings, and additives that keep industry and our economies  operating.In response to increasing global demand for petrochemicals and refined products, companies are producing a  wider range of intermediate and final products from new sources, upgrading and expanding existing facilities and process  lines, and constructing new production and processing.These new and expanded facilities must comply with stricter  environmental regulations, wastewater discharge, and emission controls requirements, and the adaptation of production  processes will require new or modified catalyst recovery and regeneration systems which we provide.",N/A
"We continue to make significant investments in our IT systems and technology offerings to our clients that we believe will continue to drive low- cost deposit growth.We believe that our current mobile banking, on-line banking and cash management offerings are industry-leading solutions amongst community banks, and we plan to continue to invest in the latest technology solutions to enable us to meet the evolving needs of our clients and maintain this competitive advantage over other community banks.Attractive South Carolina, North Carolina, and Georgia Markets.We have eight banking offices located in Greenville, Columbia and Charleston, South Carolina, which are the three largest markets in South Carolina; three banking offices located in Charlotte, Raleigh and Greensboro, North Carolina, which are the three largest markets in North Carolina; and one banking office located in Atlanta, Georgia, which is the largest market in Georgia.The following table illustrates our market share, by insured deposits as of the dates indicated, in these seven markets:",N/A
"Cayman Water owns and operates four seawater reverse osmosis desalination plants.Cayman Water and the Water Authority-Cayman (“WAC”), a government-owned utility and regulatory agency, are Grand Cayman's only water utilities.3 Aquilex, Inc. (“Aquilex”).Aquilex, a U.S. company located in Coral Springs, Florida, provides financial, engineering, information technology, administrative and supply chain management support services to our subsidiaries and affiliate.We include Aquilex in our retail segment for financial segment reporting purposes; however, it provides services to all four of our business segments.",N/A
"Our  gateways and operations center may also experience service shutdowns or periods of reduced service in the future as a result of  equipment failures, delays in deliveries, or regulatory issues.Any such failure would impede our ability to provide service to  our customers.Our customized hardware and software may be difficult and expensive to service, upgrade or replace.Some of the hardware and software we use in operating our gateways is significantly customized and tailored to meet our  requirements and specifications and could be difficult and expensive to service, upgrade or replace.Although we maintain  inventories of some spare parts, it nonetheless may be difficult, expensive or impossible to obtain replacement parts for the  hardware due to a limited number of those parts being manufactured to our requirements and specifications.",N/A
"• Confirm: Consumers confirm that they have selected the right plan with education and reassurance from our health plan dedicated Resolve team.GoHealth, Inc. 2023 Form 10-K   5 • Activate: Consumers activate benefits in the first 90 days of their plan with the help of our Engage team, who provides personalized onboarding for each consumer.• Access: As consumers access their benefits throughout the year, our Engage team is on standby to answer key questions, enable plan usage, and monitor evolving consumer needs.Our Customer 360 technology provides a unified view of the consumer across every touchpoint, every year to ensure personalized service at every point in the consumer journey.The key components of our platform are: • Data-Driven, Omnichannel Marketing: Based on predictive consumer lead targeting and a high cadence of multivariate testing on consumer lead generation properties, our data-driven, omnichannel marketing drives increased impressions and qualified prospects with a target return on marketing spend.",N/A
"Our dual approach to both develop de-novo, biomarker-guided drug candidates and “rescue” historical drug candidates by leveraging A.I., recent advances in genomics, computational biology and cloud computing is emblematic of a new era in drug development that is being driven by data-intensive approaches meant to de-risk development and accelerate the clinical trial process.In this context, we intend to create a diverse portfolio of oncology drug candidates for further development towards regulatory and marketing approval with the objective of establishing a leading A.I.-driven, methodology for treating the right patient with the right oncology therapy.A key component of our strategy is to target specific cancer patient populations and treatment indications identified by leveraging our RADR® platform, a proprietary A.I. enabled engine created and owned by us.We believe the combination of our therapeutic area expertise, our A.I. expertise, and our ability to identify and develop promising drug candidates through our collaborative relationships with research institutions in selected areas of oncology gives us a significant competitive advantage.Our RADR® platform has been developed and refined over the last five years and integrates billions of data points immediately relevant for oncology drug development and patient response prediction using artificial intelligence and proprietary machine learning algorithms.",N/A
"BRUKINSA allows us to build a strong position in heme-oncology and we plan to solidify our  leadership in CLL with sonrotoclax (BCL2i) and our BTK-CDAC while amplifying our impact in other B-cell  malignancies with progressive treatment strategies such as fixed duration and rational sequencing.Our solid tumor  franchise is led by our anti-PD-1 monoclonal antibody, TEVIMBRA, which is currently approved in China in twelve  indications and has achieved the commercial market leader position in China in the PD-1/PDL-1 class.Outside of  China, TEVIMBRA has been approved in Europe and South Korea and we anticipate U.S. approval on or before July  2024 for first-line ESCC.With TEVIMBRA and the potentially best-in-class or first-in-class pipeline assets targeting  pan-KRAS, PRMT5, CDK4, CDK2, B7H3 ADC, CEA-ADC, B7H4-ADC, MUC1 x CD16A BsAb, and Claudin6 x  CD3 BsAb, we are well-positioned to build our solid tumor business and deliver innovative therapies and  combinations to patients.4. We have a differentiated global commercial organization of over 3,700 people to deliver medicines to patients  around the globe, including over 500 in North America and Europe.",N/A
"The nature and economics of these transactions are consistent  with the Viator segment and TheFork segment, as described below.We provide additional B2B offerings to restaurant partners that deliver other unique opportunities to further promote, advertise, and  operate their businesses as well as merchandise their businessesThese offerings can be subscription-based, with revenue determined by a contractual fee and time duration, or CPC- based advertising services through restaurant sponsored placements on our platform.We provide travelers additional offerings across various other travel categories, including alternative  accommodations (e.g., short-term vacation rentals), cruises, flights, and rental cars.We provide these offerings across a collection of  brands that complement and reinforce our segment strategy of providing differentiated guidance that helps travelers reduce friction  and make better decisions.",N/A
"If we are unable to effectively and successfully further develop these new product lines, we may not  be able to increase or maintain our sales and our gross margins may be adversely affected.Accordingly, if we cannot properly drive customer and business demand, manage future introductions and transitions of products and services, this could  result in:  • loss of or delay in revenue and loss of market share;  • negative publicity and damage to our reputation and brand;  • a decline in the average selling price of our products;  • adverse reactions in our sales channels, such as reduced shelf space, reduced channel inventory levels, reduced online product visibility, or loss of  sales channels; and • increased levels of product returns.In addition, if we are unable to successfully introduce or acquire new products with higher gross margins, or enhance and improve our services and  subscription offerings for customer retention or service revenue growth, or if we are unable to improve the margins on our previously introduced and rapidly  growing product and services lines, our net revenue and overall gross margin would likely decline.Investment in new business strategies could disrupt our ongoing business, present risks not originally contemplated and materially adversely affect our  business, reputation, results of operations and financial condition.We have invested, and in the future may invest, in new business strategies.",N/A
"These factors, some of which are not within our control, may cause the price of our common stock to fluctuate substantially.If our operating results fail to meet or exceed the expectations of securities analysts or investors, our stock price could drop suddenly and significantly.Due to the Company's limited operating history, we believe period to period comparisons of our financial results are not always meaningful and should not be relied upon as an indication of future performance.The Company has limited resources and there is significant competition for business combination opportunities.Therefore, the Company may not be able to acquire other assets or businesses.",N/A
"Bank of Hope's deposits are insured by the Federal Deposit Insurance Corporation (the “FDIC”), up to applicable limits.We file reports with the Securities and Exchange Commission (the “SEC”), which include annual reports on Form 10-K, quarterly reports on Form 10-Q, and current reports on Form 8-K, as well as proxy and information statements in connection with our stockholders' meetings.The SEC maintains a website that contains the reports, proxy and information statements, and other information regarding issuers that file electronically with the SEC.The address of the website is www.sec.gov.Our website address is www.bankofhope.com.",N/A
"(2) All 42 of these E-175 aircraft are owned by United and leased to us at nominal amounts.(3) Three of these Boeing 737 aircraft are subleased to us by DHL at nominal amounts and the fourth aircraft is leased to us by a third  party.MHI and Embraer regional jets are among the quietest commercial jets currently available and offer many of the amenities of larger  commercial jet aircraft, including flight attendant service, a stand-up cabin, overhead and under seat storage, lavatories and in-flight snack  and beverage service.The speed of MHI and Embraer regional jets is comparable to larger aircraft operated by major airlines, and they have  a range of approximately 1,600 miles and 2,100 miles, respectively.We do not currently have any existing arrangements with MHI or  Embraer to acquire additional aircraft.",N/A
"The cost of coverage may become so high that we may need to further reduce our policy limits or agree to certain exclusions from our coverage.Our results may be affected by the outcome of litigation, as this litigation could be costly and time consuming and could divert our management and key personnel from our business operations.Our business depends on using totalizator services.Our customers use information provided by a third-party vendor that accumulates wagers, records sales, calculates payoffs, and displays wagering data in a secure manner to patrons who wager on our horse races.Any failure to keep this technology current could limit our ability to serve patrons effectively or develop new forms of wagering or affect the security of the wagering process, thus affecting patron confidence in our product.",N/A
"Any breach of the covenants under these agreements or other event of default could  cause a default under these agreements and/or a cross-default under our other debt arrangements, which could restrict  our ability to borrow under our revolving credit facility.If there were an event of default under certain provisions of our  debt arrangements that was not cured or waived, the holders of the defaulted debt may be able to cause all amounts  outstanding with respect to the debt instrument, plus any required settlement costs, to be due and payable immediately.Our assets and available cash balances may not be sufficient to fully repay borrowings under our outstanding debt  instruments if accelerated upon an event of default.If we are unable to repay, refinance, or restructure our indebtedness  as required, or amend the covenants contained in these agreements, the lenders or note holders may be entitled to obtain  a lien or institute foreclosure proceedings against our assets.Any of these events could have a material adverse effect on  our business, financial condition, results of operations, and cash flows.",N/A
"Our general business  strategy may be adversely affected by any such economic downturn, volatile business environment or continued unpredictable and unstable market  conditions.If the current equity and credit markets deteriorate, it may make any necessary debt or equity financing more difficult, more costly and more  dilutive.Failure to secure any necessary financing in a timely manner and on favorable terms could have a material adverse effect on our growth strategy,  financial performance and stock price and could require us to delay or abandon clinical development plans.In addition, there is a risk that one or more of  our current service providers,  32manufacturers and other partners may not survive an economic downturn, which could directly affect our ability to attain our operating goals on schedule  and on budget.",N/A
"• create additional infrastructure to support our operations and our product development and planned future commercialization efforts.We have never generated any revenue from product sales, have generated only limited collaboration and grant revenue since inception, and may never  be profitable in the long term.Our ability to generate revenue and achieve profitability depends on our ability, alone or with strategic alliance partners, to successfully complete the  development of, obtain the necessary regulatory approvals for and commercialize our product candidates.Our ability to generate revenues from product  sales depends heavily on our success in:• completing our research and development of product candidates;",N/A
"We will continue to evaluate our operating needs and may prospectively adjust our workforce to align.Some of our infrastructure and facilities have been in service for many years, which may result in a higher level of future maintenance costs and unscheduled repairs.Further, a portion of our infrastructure and facilities may need to be improved or replaced to maintain or increase operational efficiency, sustain production capacity, or meet changing regulatory requirements.We may incur more charges and cash expenditures than estimated and may not realize the expected improvements or cost savings in the planned timeframe or at all.As we continue to consider each Operational Optimization activity, the amount, the timing and recognition of charges may be affected by the occurrence of commitments and triggering events as defined under U.S. GAAP, among other factors.",N/A
"Any acquisition, investment or partnership, is subject to a number of risks.Such risks include the diversion of management time and resources, disruption of our ongoing business, potential overpayment for the acquired company or assets, dilution to existing stockholders if our common stock is issued in consideration for an acquisition or investment, incurring or assuming indebtedness or other liabilities in connection with an acquisition which may increase our interest expense and leverage significantly, lack of familiarity with new markets, and difficulties in supporting new product lines.Further, even if we successfully complete acquisitions, we may encounter issues not discovered during our due diligence process, including product or service quality issues, intellectual property issues and legal contingencies, the internal control environment of the acquired entity may not be consistent with our standards and may require significant time and resources to improve and we may impair relationships with employees and customers as a result of migrating a business or product line to a new owner.We may also face challenges in integrating any acquired business.These challenges may include eliminating redundant operations, facilities and systems, coordinating management and personnel, retaining key employees, customers and business partners, managing different corporate cultures, and achieving cost reductions and cross-selling opportunities.",N/A
"Risks Related to Our Indebtedness  •Our leverage may make it difficult for us to service our debt and operate our business.•  Global capital and credit markets conditions could materially adversely affect our ability to access the capital  and credit markets or the ability of key counterparties to perform their obligations to it.We are, and may in the future become, subject to covenants that limit our operating and financial flexibility and,  if we default under our debt covenants, we may not be able to meet our payment obligations.Risks Related to Ownership of Our Common Stock  •",N/A
"The Company's cost of sales may be materially adversely affected by increases in the market prices of the raw materials used in the Company's manufacturing processes.Over the past few years, the Company has experienced temporary inflationary pressures that have impacted its profit margins, primarily due to raw materials increases (specifically, plastic resins, aluminum, petroleum and sand (grit)), coupled with increased freight costs.The Company has implemented price increases in the U.S. and internationally to mitigate rising material costs, and additional increases may be needed in the future to maintain profit margins.Price increases may have impacted or could continue to impact the demand for the Company's products.The Company may not be able to pass on further price increases in raw materials to the Company's customers through increases in product prices.",N/A
"Our services are provided across two segments — sales and marketing.Sales Segment  Through our sales segment, we provide our clients with a full suite of outsourced solutions to enhance sales in the traditional retail, foodservice and  e-commerce channels.Within our sales segment, we typically generate revenues on a commission, fee-for-service or cost-plus basis.Our primary sales  services include:  Brand-Centric ServicesOur service offerings have been predominately centered around providing solutions to branded consumer goods manufacturers (i.e., non-private  label manufacturers).",N/A
"The terms of certain of our outstanding warrants to purchase shares of our common stock require us, upon the consummation of any “fundamental transaction” (as defined in the securities), to, among other obligations, cause any successor entity resulting from the fundamental transaction to assume all of our obligations under the warrants and the associated transaction documents.In addition, holders of warrants are entitled to participate in any fundamental transaction on an as-converted or as-exercised basis, which could result in the holders of our common stock receiving a lesser portion of the consideration from a fundamental transaction.The terms of the warrants could also impede our ability to enter into certain transactions or obtain additional financing in the future.Our cost savings plans and the associated headcount reductions may not result in anticipated savings, could result in total costs and expenses that are greater than expected and could disrupt our business.On August 5, 2023, we initiated a cost savings plan intended to preserve capital while we assess potential strategic alternatives.",N/A
"We also originate and purchase government- insured mortgage loans, which are insured by the Federal Housing Administration (“FHA”), Department of Veterans Affairs (“VA”) and U.S. Department of Agriculture (“USDA”).Additionally, we offer non-agency Jumbo purchase loans and closed-end second lien refinance loans in our direct-to-consumer channel, originating to the standards of our investors.Mr. Cooper Group Inc. - 2023 Annual Report on Form 10-K 3We utilize warehouse facilities to fund originated loans.When we sell originated mortgage loans to secondary market investors, we generally retain the servicing rights on mortgage loans sold.",N/A
"As a result, adverse developments from severe weather events in North Dakota would have a greater effect on our financial condition and results of operations than if our business was less geographically concentrated.The incidence and severity of such events are inherently unpredictable.We attempt to reduce our exposure to catastrophe losses through a disciplined underwriting and risk management approach that emphasizes long-term profitability over short-term gains in premiums or market share, continued geographical diversification of our operations, and the use of reinsurance.However, there can be no guarantee that our underwriting and risk management efforts will be successful in mitigating our exposure to catastrophe losses or the impact of such losses when they occur.In addition, while we maintain reinsurance coverage with a catastrophe excess of loss program, such coverage may be insufficient to cover our losses.",N/A
"As of December 31, 2023, we had an accumulated deficit of $181.5 million.To date, we have financed our  operations primarily with the proceeds raised from the sale of our convertible preferred stock in private placements and common stock in our IPO and our  equity offerings in early 2024, described below.We have devoted substantially all of our financial resources and efforts to research and development  activities, business planning, establishing and maintaining our intellectual property portfolio, acquiring and developing product and technology rights,  hiring personnel, leasing premises and associated capital expenditures, raising capital, and providing general and administrative support for these  operations.We are still in the early stages of development of our programs and have only advanced two product candidates into clinical development.We  expect to continue to incur significant expenses and operating losses for the foreseeable future.",N/A
"United States  East –   Mountaineer Casino, Resort & Races – New Cumberland, West Virginia (“MTR” or “Mountaineer”).Mountaineer is located  on the Ohio River at the northern tip of West Virginia's northwestern panhandle approximately 30 miles from Pittsburgh  International Airport and a one hour drive from downtown Pittsburgh.In addition to the casino and hotel, Mountaineer has a  golf course and a racetrack that holds live thoroughbred races from April to December.The facility also has on-site pari-mutuel  wagering, a sports book, five dining venues, a bar and 5,248 surface parking spaces neighboring the casino.Sports betting and  online gaming (“iGaming”) are also available through mobile apps.",N/A
"The Company's wholesale customers include mass market merchants, specialty stores, department stores, warehouse clubs, grocery  stores, off-price retailers, food service distributors, food and beverage outlets, corporate sales and e-commerce.The Company's products are sold globally to a diverse customer base including mass market merchants (such as Walmart and Target),  specialty stores (such as Williams Sonoma and Dunelm), department stores (such as Macy's, Kohl's and Belk), warehouse clubs (such  as Costco, and BJs), grocery stores (such as Publix, Kroger, Meijer, and Winn-Dixie), off-price retailers (such as TJX Companies,  Ross Stores and Big Lots), food service distributors (such as US Foods, Clark Food Service and Jetro), food and beverage outlets  (such as Starbucks) and e-commerce (such as Amazon).The Company also does business with independent retailers, including  through business-to-business websites aimed at independent retailers.The Company also operates its own consumer websites that provide information about the Company's products and offer consumers  the opportunity to purchase a limited selection of the Company's products directly.During the years ended December 31, 2023, 2022 and 2021, Wal-Mart Stores, Inc., including Sam's Club, (“Walmart”), accounted for  21%, 19% and 18% of consolidated net sales, respectively.",N/A
"We are migrating our payment processing and related billing functions from a large multinational bank to a private company that offers online payment processing and commerce solutions for digital and internet businesses.Our new vendor is not a bank, bank holding company or affiliated with a large multinational bank.In addition, financial statements for our new payment processor are not publicly available and nationally recognized statistical rating organizations (such as Standard & Poor's) have not issued ratings evaluating its creditworthiness and ability to pay.We are subject to various risks associated with our new payment processor, including the risks of being an unsecured creditor, actions by credit card issuers (such as Visa, MasterCard and American Express) that could adversely affect its operations and payment processing functions, actions by government authorities that regulate financial transactions that may affect our new vendor's business, operations and financial condition, and general data privacy and cybersecurity risks associated with its systems and operations.Our new payment processor commingles our funds arising from credit and debit card transactions with other amounts owing to third parties and those commingled accounts are subject to the claims of third parties, it does not pay us interest on amounts it holds for our benefit, including funds held overnight, and it has broad rights to establish reserves and debit our bank accounts to pay itself fees and reimburse itself and customers in the event of disputes.",N/A
"Prior to Siemens, he held leadership roles at  Acuson Corp. (subsequently acquired by Siemens), including General Manager for Acuson's Australia and New Zealand business.Andrew received a Master of Business Administration (“EMBA”) from Ashridge Business School in London, United Kingdom, and  received a diploma in electronics from Sydney Technical College in Australia.Mark S. Jonaitis, 62, has served as Senior Vice President and General Manager - X-Ray Sources since January 2017.Prior to  the separation of Varex from Varian, Mark served in various management positions at Varian, including most recently as vice  president and general manager, X-ray Tube Products and global manufacturing.Mark joined Varian's predecessor, Varian Associates,  in 1983, where he served in various product and engineering positions.",N/A
"· We may incur liabilities to customers as a result of warranty claims or failure to meet performance guarantees, which could reduce our profitability.· Our operations will be subject to multiple layers of complex environmental health and safety regulation.· Developments in, and compliance with, current and future climate change laws and regulations could impact our business, financial condition or results of operations.· Our insurance may not provide adequate coverage.· We may be unable to obtain or maintain insurance for our commercial products.",N/A
"Further, many such state laws are often vague or have  otherwise only been infrequently interpreted by courts or regulatory agencies and are subject to change.The consequences  associated with violating corporate practice of medicine laws vary by state and may result in physicians or other clinicians  being subject to disciplinary action, as well as forfeiture of revenues from government payors for services rendered.However, if allegations are successfully asserted before the appropriate judicial or administrative forums, we could be  subject to adverse judicial or administrative penalties, certain of our contracts could be determined to be unenforceable,  and we may be required to restructure our organization or our contractual arrangements.Any allegations or findings that we  have violated these laws could have a material adverse impact on our reputation, business, results of operations and  financial condition.Risk Factors, “Risks Related to Our Business—Laws regulating the corporate practice of medicine could  restrict the manner in which we are permitted to conduct our business, and the failure to comply with such laws could  subject us to penalties or require a restructuring of our business.”",N/A
"We have developed our investment platforms organically over time by identifying areas where our track record and thematic depth provide opportunities to create differentiated solutions to address market needs.We have also grown inorganically, including through our acquisition on November 1, 2023 of Angelo Gordon, an alternative investment firm focused on credit and real estate investing.4 Table of Contents _________________ Note: AUM as of December 31, 2023.Platforms Platform: Capital Our Capital platform is focused on large-scale, control-oriented private equity investments.Our Capital platform funds are organized in four primary products: (1) TPG Capital, (2) TPG Asia, (3) TPG Healthcare Partners and (4) Continuation Vehicles.",N/A
"Mattel's business and operating results depend largely upon the appeal of its products, driven by both innovation and  marketing.Consumer preferences, particularly with children as the end users of Mattel's products, are continuously changing  and can vary by geographical markets.Product life cycles and consumer preferences continue to be affected by the rapidly  increasing use and proliferation of social and digital media by consumers, and the speed with which information is shared.Mattel is not always able to identify trends in consumer preferences or identify and satisfy consumer preferences in a timely  manner.Significant, sudden shifts in demand are caused by ""hit"" toys and trends, which are often unpredictable and can result  in short consumer life cycles.",N/A
"To the extent we do rely  on third parties to commercialize our approved medicines and our other product candidates, if approved, we may have little or no control over the marketing and  sales efforts of such third parties and our revenues from product sales may be lower than if we had commercialized our product candidates ourselves.In addition,  we have entered into a limited number of partner and distributor agreements.Any loss, commercial failure, or termination of rights pursuant to these agreements  could delay or hinder our commercialization efforts.In the event we are unable to successfully grow and maintain our marketing and sales force or collaborate with necessary third-party marketing and sales  organizations, we would not be able to commercialize our approved medicines and our business, results of operations, financial condition, and prospects would  be materially adversely affected.Our commercial success may be severely hindered if we are unable to obtain and/or maintain adequate coverage and reimbursement for our approved  medicines and any future product candidates, if approved.",N/A
"Due to the highly volatile nature of the cryptoeconomy and the prices of crypto assets, which have experienced and continue to experience significant volatility, our operating results have, and will continue to, fluctuate significantly from quarter to quarter in accordance with market sentiments and movements in the broader cryptoeconomy.Our operating results will continue to fluctuate significantly as a result of a variety of factors, many of which are unpredictable and in certain instances are outside of our control, including: • our dependence on offerings that are dependent on crypto asset trading activity, including trading volume and the prevailing trading prices for crypto assets, whose trading prices and volume can be highly volatile; • our ability to attract, maintain, and grow our customer base and engage our customers; • changes in the legislative or regulatory environment, or actions by U.S. or foreign governments or regulators, including fines, orders, or consent decrees; • regulatory changes or scrutiny that impact our ability to offer certain products or services; • our ability to continue to diversify and grow our subscription and services revenue; • our mix of revenue between transaction and subscription and services; • pricing for or temporary suspensions of our products and services; • investments we make in the development of products and services as well as technology offered to our developers, international expansion, and sales and marketing; • adding crypto assets to, or removing from, our platform; • our ability to establish and maintain partnerships, collaborations, joint ventures, or strategic alliances with third parties; • market conditions of, and overall sentiment towards, the cryptoeconomy; • macroeconomic conditions, including interest rates, inflation and instability in the global banking system; 21 • adverse legal proceedings or regulatory enforcement actions, judgments, settlements, or other legal proceeding and enforcement-related costs; • the development and introduction of existing and new products and services by us or our competitors; • our ability to control costs, including our operating expenses incurred to grow and expand our operations and to remain competitive; • system failure, outages or interruptions, including with respect to our crypto platform and third-party crypto networks; • our lack of control over decentralized or third-party blockchains and networks that may experience downtime, cyber-attacks, critical failures, errors, bugs, corrupted files, data losses, or other similar software failures, outages, breaches and losses; • breaches of security or privacy; • inaccessibility of our platform due to our or third-party actions; • our ability to attract and retain talent; and • our ability to compete with our competitors.As a result of these factors, it is difficult for us to forecast growth trends accurately and our business and future prospects are difficult to evaluate, particularly in the short term.In particular, our subscription and services revenue has grown over time, with stablecoin revenue received in connection with USDC becoming a more meaningful revenue contributor.Therefore, our operating results could fluctuate significantly as a result of changes in the demand for our subscription and service offerings, in the demand for USDC, in the balance of USDC on our platform, in interest rates, and to our ongoing relationships with third parties, such as the issuer of USDC.",N/A
"Even if we are successful in developing our commercial teams, there are many factors that could negatively impact the sales of our products or cause the continued commercialization of our products to be unsuccessful, including a number of factors that are outside our control.The continued commercial success of NUPLAZID and DAYBUE currently depends on the extent to which patients, caregivers and physicians recognize and diagnose the indications for which NUPLAZID and DAYBUE are approved and accept and adopt NUPLAZID and DAYBUE as a treatment for such indications, and we do not know whether our or others' estimates in this regard will be accurate.In addition, we have changed the price of NUPLAZID in the past, and in the future we may change the price of NUPLAZID and DAYBUE from time to time.Physicians may not prescribe NUPLAZID or DAYBUE 20 and patients may be unwilling to use NUPLAZID or DAYBUE, due to a number of factors, including if coverage is not provided, coverage changes in the future, reimbursement is inadequate to cover a significant portion of the cost or due to the prevalence and severity of any adverse side effects.Further, with respect to DAYBUE, especially because Rett syndrome is a rare disease with a small physician, patient, caregiver and medical community, the experiences of those adopting DAYBUE earlier could have significant impact on future adoption of DAYBUE by other physicians, patients and caregivers, either favorably or unfavorably, based on clinical benefits and side effects experienced.",N/A
"Customer-centric product development in R&D.In order to both increase the output of our development teams and mitigate the risk associated with the introduction of new  products, we are emphasizing and prioritizing customer-centric product development in all of our divisions.For example, the development and roll out of the Aurora reflow  system for BTU employed direct customer input in the manufacturing requirements, and the new systems were first deployed as beta units to customers in multiple regions for  validation.In addition, development of equipment and aftermarket solutions at Entrepix has focused on eliminating customer pain points, often in areas overlooked by the  industry.In 2023, we added a key customer-facing resource for Entrepix to enable this type of customer collaboration in the EMEA region with a Europe-based business  development manager.",N/A
"Clinical Genomics sells its products and services predominantly to clinical labs, including large specialty, reference, and pathology labs, as  well as to a variety of academic, hospital, and government facilities.The majority of revenues are derived from customers in the United  States and China.Our Clinical Genomics products are manufactured in San Diego, California, primarily by assembling purchased  subcomponents designed to our specifications into finished goods, and by processing and mixing reagents.Our Clinical Genomics products  generate revenues through direct sales, and also through independent distributors in certain regions.Sterilization and Disinfection Control",N/A
"A second amendment creates a new class of qualified mortgages, called “seasoned qualified mortgages,”, which are essentially first-lien  loans that could not be classified as qualified mortgages when originated for reason only that they had debt-to-income ratios above 43%,  but which have been held by the original creditor (or the first purchaser) for at least 36 months, during which time the borrower had no  more than two 30-day delinquencies and no delinquencies of 60 days or more.Both of these amendments were originally slated to become effective on March 1, 2021, but the amendment eliminating the Fannie/Freddie  QM Alternative was given a mandatory compliance date of July 1, 2021 (the same date that the Fannie/Freddie QM Alternative was set to  expire).However, the mandatory compliance date for the elimination of the Fannie/Freddie QM Alternative was subsequently extended  until October 2022.Despite this extension, Fannie and Freddie stopped buying loans, with application dates on or after July 1, 2021, that  only qualified as qualified mortgages based on the Fannie/Freddie QM Alternative.The  Regulatory Relief Act provides that for certain insured depository institutions and insured credit unions with less than $10 billion in  total consolidated assets, mortgage loans that are originated and retained in portfolio will automatically be deemed to satisfy the “ability to  repay” requirement.",N/A
"Our access to funding sources in amounts adequate to finance our activities could be impaired by factors that affect us specifically or the financial services industry in general.Factors that could detrimentally impact our access to liquidity sources include a decrease in the level of our business activity due to a market downturn, failures of other financial institutions which reduces overall market confidence in the banking and financial services industry, or regulatory action that limits or eliminates our access to alternate funding sources.Our ability to borrow could also be impaired by factors that are nonspecific to us, such as severe disruption of the financial markets or negative expectations about the prospects for the financial services industry, as evidenced by the recent failures of certain depository institutions and the resulting market turmoil and volatility stemming from such failures.Unrealized losses in the Bancorp's investment portfolio could affect liquidity.The increase in market interest rates experienced in 2022 and the early months of 2023, caused the Bancorp to experience increased unrealized losses within its investment portfolio.",N/A
"These contracts typically require that we meet ongoing performance standards.While these longer-term agreements strengthen our customer relationships, the increased demand for our products often requires that we increase our inventories and personnel.Customer demands that we purchase and maintain their Remanufactured Core inventory also requires the use of our working capital.The marketing and other allowances we typically grant our customers in connection with our new or expanded customer relationships adversely impact near- term revenues, profitability and associated cash flows from these arrangements.However, we believe the investment we make in these new or expanded customer relationships will improve our overall liquidity and cash flow from operations over time.",N/A
"Such market conditions may materially and  adversely affect debt and equity capital markets, which may have a negative impact on our business and operations.• Increasing level of inflation and rising interest rate could impact our portfolio company's operations and cash flows and harm our operating  results.Risks Related to Our Business and Structure • Our investment portfolio is recorded at fair value, with our Board of Directors determining, in good faith, the fair value of our investment  portfolio and, as a result, there is uncertainty as to the value of our portfolio investments.Our financial condition and results of operations depend on our ability to effectively manage and deploy capital.We operate in a highly competitive market for investment opportunities and we may not be able to compete effectively.",N/A
"We manufacture licensed products at our facilities and anticipate that our current manufacturing capacity is sufficient for commercial quantities of our licensed products and product candidates currently in development.Our facilities have been inspected by the FDA, TGA, and DEA and are subject to inspection by all applicable health agencies, including ANVISA and EMA.Not all collaborative or licensed products of Aquestive that may be commercially launched in the future will necessarily be manufactured by us, such as the case with KYNMOBI.PharmFilm – Our Oral Film TechnologyWe are presently the worldwide leader in oral film drug delivery and manufacturing, having historically supplied the substantial majority of the world's oral films for prescription pharmaceutical use, and we have the capability to produce more than one billion commercial doses a year.",N/A
"You should carefully consider the risks, factors, and uncertainties described below, together with the other information contained in this Annual Report, as well as the risk, factors, uncertainties, and other information we disclose in other filings we make with the SEC before making an investment decision regarding our securities.Risk Factor Summary Below is a summary of the principal factors that make an investment in our common stock speculative or risky.This summary does not address all of the risks we face.Additional discussion of the risks summarized in this risk factor summary, and other risks that we face, can be found below and should be carefully considered, together with other information included in this Annual Report.Risks Related to Our Business • Bitcoin prices are very volatile and this may affect our ability to effectively manage growth plans and our profitability; 14 Table of Contents •",N/A
"The amounts borrowed pursuant to the terms of the Loan and Security Agreement are secured by substantially all of the present and after-acquired assets of the Company and its subsidiaries.Additionally, Vertex Refining's and Vertex Renewables' obligations under the Loan and Security Agreements are jointly and severally guaranteed by substantially all of the Company's subsidiaries and the Company.The amounts owed under the Loan and Security Agreement are also secured by various deeds of trusts and mortgages for the real property(s) described therein, over the Mobile Refinery and substantially all other material owned and leased real property of the Guarantors including properties in Texas and Louisiana.In connection with the entry into the Loan and Security Agreement, Vertex Operating entered into an Intellectual Property Security Agreement in favor of the Agent, pursuant to which it granted a security interest in substantially all of its intellectual property (including patents and trademarks) in favor of the Lenders to secure the obligations of the Loan Parties under the Loan and Security Agreement.In connection with the entry into the Loan and Security Agreement, the Company, Vertex Refining and each of the Guarantors, entered into a Collateral Pledge Agreement in favor of the Agent, pursuant to which they granted the Agent a security interest in all now owned or hereafter acquired promissory notes and instruments evidencing indebtedness to any Guarantor and all now owned or hereafter acquired equity interests owned by such Guarantor.",N/A
"Furthermore, even if we are successful in identifying patients, we cannot be certain that the resulting patient populations will be large enough to allow us to successfully commercialize any products for which we are able to obtain marketing approval and achieve profitability.Therefore, we do not know if our approach of treating patients with genetically defined cancers will be successful.If our approach is unsuccessful, our business will suffer.In order to execute on our strategy of advancing the clinical development of our product candidates, we have designed our clinical trials, and expect to design future clinical trials of our product candidates, to include patients who harbor a particular attribute such as a particular genetic alteration, tumor histology or expression level that we believe contribute to or are associated with particular cancer subsets.Our goal in doing this is to enroll patients who have the highest probability of responding to our product candidate and in our Phase 1 and/or proof-of-concept Phase 2 clinical trials, to show early and statistically significant evidence of clinical efficacy.",N/A
"In most full year periods since our inception, we have incurred operating losses.Although we have  had two quarters of positive GAAP net income in 2023 and we generated higher net revenues for 2023  compared to each of 2019 through 2022, we reported a GAAP net loss for full year 2023 and we might  not be able to increase our revenue and/or further reduce our operating expenses by sufficient amounts  to generate positive net income in the future.Factors that affect transaction-based revenue — such as reduced spreads in securities pricing,  reduced levels of trading activity generally, changes in our business relationships with market  makers, and any new regulation of, or any bans on, PFOF and similar practices — might result in  reduced profitability, increased compliance costs, and negative publicity.A large portion of our revenue is transaction-based, in that we receive consideration in exchange for  routing our users' equity, option, and cryptocurrency trade orders to market makers for execution.With  respect to equities and options trading, such fees are known as payment for order flow, or “PFOF.”",N/A
"Our financial statements do not include any adjustments that may result from the outcome of this uncertainty.If we are unable to successfully raise additional capital, we will need to create and implement alternate operational plans to continue as a going concern, and investors or other financing sources may be unwilling to provide additional funding to us on commercially reasonable terms or at all.We are at an early stage of clinical development and currently have no source of near-term revenue and may never become profitable.We are a clinical-stage biopharmaceutical company.We have recently initiated clinical trials for our AL001 and ALZN002 programs.",N/A
"The full impact of this incident has yet to be determined but depending on the duration of the impact and the availability of alternative claims processing engines, it could have an adverse effect on AdaptHealth's business and results of operations.There can be no assurance that AdaptHealth's and its third-party software providers' safety and security measures and disaster recovery plans will prevent damage, interruption, breach of their information systems and operations or data loss.Because the techniques used to obtain unauthorized access, disable or degrade service, or sabotage systems change frequently and may be difficult to detect, AdaptHealth its third-party software providers' may be unable to anticipate these techniques or implement adequate preventive measures.In addition, hardware, software or applications AdaptHealth develops or procures from third parties may contain defects in design or manufacture or other problems that could unexpectedly compromise the security of its information systems.Unauthorized parties may attempt to gain access to AdaptHealth's systems or facilities, or those of third parties with whom AdaptHealth does business, including its confidential managed file transfer software providers, through fraud or other forms of deceiving its employees or contractors.",N/A
"Unless otherwise expressly stated or the context otherwise requires, references to “we,” “our,” “us,” “the Company,” or “PayPal” refer to PayPal Holdings, Inc. and its consolidated subsidiaries.2 • 2024 Annual Report PART 1 Item 1. Business PayPal's payment solutions enable our customers to connect, transact, and send and receive payments, whether they are online or in person.We provide proprietary payment solutions accepted by merchants that enable the completion of payments on our platform on behalf of our customers.We operate a global, two-sided network at scale that connects merchants and consumers with 426 million active accounts (consisting of 391 million consumer active accounts and 35 million merchant active accounts) across approximately 200 markets as of December 31, 2023.We offer our customers the flexibility to use their PayPal or Venmo accounts to send and receive payments for goods and services, as well as the ability to transfer and withdraw funds.",N/A
"We compete for learners, enterprise customers, and instructors: • Learners:We compete for learners based on our course catalog, instructors, and learning tools.We compete for customers based on our up-to-date content, the breadth and depth of that content across the full range of core business functions, and advanced product features that optimize self-paced learning and enable organizations to effectively drive programmatic learning.We compete for instructors based on our ability to promote monetization opportunities.Our competition includes corporate training offerings, direct-to-consumer training offerings, specialized content training offerings, and free online resources used to gather and share knowledge and skills.",N/A
"We intend to continue defending our intellectual property rights.We invest in advertising and marketing primarily for the purpose of acquiring users for our consumer applications.We adapt our marketing expenditures and channels as we gather the data to analyze the success of our campaigns.We primarily advertise through internet and mobile advertising networks and run hundreds of campaigns at any given time, targeting various audiences of users, and focusing on campaigns that we believe will produce a positive return over the lifetime of new users.We also generate new sign-ups organically, as people find our sites and applications through brand recognition and word of mouth, search engines and product review websites.",N/A
"Our ability to use net operating loss carryforwards to offset future taxable income for U.S. federal, state and foreign income tax purposes is subject to  limitations, and future transfers of shares of our common stock could cause us to experience an “ownership change” that could further limit our ability to utilize  our net operating losses.An investment in our common stock involves a high degree of risk.You should carefully consider the factors described below, in addition to those discussed elsewhere  in this Report, in analyzing an investment in our common stock.If any of the events described below occurs, our business, financial condition, and results of operations would  likely suffer, the trading price of our common stock could fall, and you could lose all or part of the money you paid for our common stock.Risks and uncertainties not known to  us currently, or that may appear immaterial, also may have a material adverse effect on our business, financial condition, and results of operations.",N/A
"Market interest rates increased in response to the Federal Reserve's actions.Inflation generally increases the cost of goods and services we use in our business operations, as well as labor costs.We may find that we need to give higher than normal raises to employees and start new employees at a higher wage.Furthermore, our clients are also affected by elevated interest rates, inflation and the rising costs of goods and services used in their households and businesses, which could have a negative impact on their ability to repay their loans with us.Further rate hikes would continue to increase the cost of business investment and consumer goods, which would place downward pressure on demand and cause declines in cash flow and profitability, further impacting the ability of borrowers to repay their loans.",N/A
"Because of the numerous risks and uncertainties associated with the development of our programs, we are unable to estimate the amounts of increased capital outlays and operating expenses associated with completing the research and development of our product candidate.Until such time, if ever, as we can generate substantial product revenue from sales of any of our current or future product candidates, we will need to seek additional equity or debt financing or potential collaboration, license or development agreements to provide the capital required to maintain or expand our operations, continue the development of our product candidate, build our sales and marketing capabilities, promote brand identity, develop or acquire complementary technologies, products or businesses, or provide for our working capital requirements and other operating and general corporate purposes.We currently do not have any arrangements or credit facilities as a source of funds, and we make no assurance that we will be able to raise sufficient additional capital in the future if needed on acceptable terms, or at all.If such financing is not available on satisfactory terms, or is not available at all, we may be required to delay, scale back or eliminate the development of our current or future product candidates and other business, seek collaborations, or amend existing collaborations, for research and development programs at an earlier stage than otherwise would be desirable or for the development of programs that we otherwise would have sought to develop independently, or on terms that are less favorable than might otherwise be available, dispose of technology assets, or relinquish or license on unfavorable terms, our rights to technologies or any future product candidates that we otherwise would seek to develop or commercialize ourselves, pursue the sale of our company to a third party at a price that may result in a loss on investment for our stockholders, file for bankruptcy or cease operations altogether.This may materially adversely affect our operations and financial condition as well as our ability to achieve business objectives and maintain competitiveness.",N/A
"These bonds are typically issued at the face value of the contract awarded.As of December 31, 2023, we had  approximately $683.4 million in original face amount of bonds outstanding for projects in our T&D segment and approximately  $1.76 billion for projects in our C&I segment.Our estimated remaining cost to complete these bonded projects for both segments  was approximately $726.1 million as of December 31, 2023.As of December 31, 2022, we had approximately $541.5 million in  original face amount of bonds outstanding for projects in our T&D segment and approximately $1.43 billion for projects in our  C&I segment.The ability to post bonds provides us with a competitive advantage over smaller or less financially secure  competitors.",N/A
"We would have to compete with other pharmaceutical and biotechnology companies to recruit, hire, train and retain marketing and sales personnel.We  would also face competition in its search for third parties to assist it with the sales and marketing efforts of reproxalap.If the Option is exercised and the Collaboration Agreement is executed, then pursuant to the terms of the Collaboration Agreement, we would work  closely with AbbVie to execute a commercialization plan for reproxalap in the United States, and this commercialization plan may never achieve its  desired outcomes.Pursuant to the terms of the Collaboration Agreement, we would work with AbbVie to execute a joint commercialization plan for reproxalap in the  United States, and execute upon the commercialization plan with the intention to optimize the commercial potential of reproxalap.If this collaboration is  not successful, then our business, financial condition, and results of operations could be adversely affected.",N/A
"• our ability to seek and obtain regulatory approvals, including with respect to the indications we are seeking;• if approved by the FDA, successful manufacture and commercialization of AL001 and ALZN002; and• market acceptance of AL001 and ALZN002.We only have two product candidates, AL001 and ALZN002, which will require extensive clinical evaluation, regulatory review and approval, significant marketing efforts and substantial investment before either or both of them, and any respective successors, will provide us with any revenue.As a result, if we do not successfully develop, achieve regulatory approval for and commercialize AL001 or ALZN002, we will be unable to generate any revenue for many years, if at all.",N/A
"We compete directly or indirectly with the following  categories of companies: • mass general merchants; • department stores; • large format sporting goods stores; • traditional sporting goods stores; • specialty outdoor retailers; • specialty footwear retailers; • catalogue and internet retailers; • suppliers that sell directly to customers.Pressure from our competitors could require us to reduce our prices or increase our spending for advertising and promotion.Traditional competitors have become increasingly promotional and, if our competitors reduce their prices, it may be difficult for us to  reach our net sales goals without reducing our prices, which could impact our margins.Increased competition in markets in which  we have stores or the adoption by competitors of innovative store formats, aggressive pricing, promotion or delivery strategies and  retail sale methods, such as the Internet, could cause us to lose market share and could have a material adverse effect on our business,  financial condition, results of operations and cash flows.In addition, as the popularity and use of Internet sites, free merchandise  shipping, and suppliers selling directly to consumers continue to increase, our business faces increased competition from various  domestic and international sources, including our suppliers.",N/A
"We have recently undertaken internal restructuring activities, and may do so again in the future.The assumptions underlying these activities may prove to be inaccurate, or we may fail to achieve the expected benefits.In September 2023, we announced a reduction in workforce of approximately 40% in connection with a strategic restructuring and in January 2024, we announced a reduction in workforce of approximately 14% in connection with a strategic realignment to focus on the development and commercialization of Abecma.These workforce reductions, and any other future reductions, and the attrition that may occur following them, may result in the loss of institutional knowledge and expertise and the reallocation and combination of certain roles and responsibilities across the organization, all of which could adversely affect our operations.These reductions and other additional measures we might take to reduce costs could yield unanticipated consequences, such as straining our workforce, diverting management attention, yielding attrition beyond our intended workforce reduction, or reducing employee morale.",N/A
"Prior to the development of the OncoSignature test, ACR-368 was dosed in more than 400 patients at the recommended Phase 2 dose, or RP2D,  with reported deep, durable responses, including complete responses, or CRs, in a proportion of patients with solid tumors in past  single center and multi-center Phase 2 clinical trials in tumor indications with high unmet need.ACR-368 also demonstrated a  generally favorable safety and tolerability profile with primarily reversible hematological toxicity and very limited non-hematological  adverse events.We have received clearance from the U.S. Food and Drug Administration, or FDA, for an Investigational New Drug,  or IND, application to advance ACR-368 in Phase 2 single arm clinical trials conducted under the FDA program known as the master  protocol, which was developed to help expedite drug development in multiple tumor types for drugs with an established RP2D within  the same overall trial structure.Initially, patients with platinum-resistant ovarian, endometrial, or bladder cancer will be treated in this  trial.Patients will be stratified for treatment based on OncoSignature-predicted sensitivity to ACR-368 across multiple sites in the  United States in this trial with registrational intent.",N/A
