Risky Sentences,T/F
"If we  are unable to compete effectively, our profitability, financial condition, and operating results may decline.Our success depends on our ability to correctly predict, identify, and interpret changes in consumer preferences and  demand, to offer new products to meet those changes, and to respond to competitive innovation.Consumer preferences for food and beverage products change continually and rapidly.Our success depends on our ability to  predict, identify, and interpret the tastes and dietary habits of consumers.We must continue to offer products that appeal to  consumer preferences, including with respect to health and wellness.",N/A
"This could impede our growth strategy, which could harm our operating results.Due to our relatively small size, we are susceptible to a fare war or other competitive activities in one or more of the markets we serve, which could have a material adverse effect on our business, results of operations and financial condition.Our business has been, and may in the future be, materially adversely affected by the price and availability of aircraft fuel.Unexpected pricing of aircraft fuel or a shortage of, or disruption in, the supply of aircraft fuel could have a material adverse effect on our business, results of operations and financial condition.The cost of aircraft fuel is highly volatile and has generally been one of our largest individual operating expenses, accounting for 31% and 34% of our operating expenses for the years ended December 31, 2023 and 2022, respectively.",N/A
"—       —       11,385       —       —   Loans sold and transferred to held-for-sale:—       —       —       —       —   Investor-owned(2,129 )     (3,040 )     (5,661 )     (781 )     (3,520 ) Owner-occupied—       (311 )     —       —       —   Multifamily residential(1,435 )     —       (2,299 )     (2,748 )     —   Nonresidential properties",N/A
"While we have implemented various programs, processes and controls focused on compliance with applicable laws and regulations throughout our business, there is no guarantee that we will not be subject to fines, penalties or other regulatory actions in one or more jurisdictions, or be required to adjust our business practices to accommodate future regulatory requirements.In the event that we are found to be in violation of our legal, regulatory or contractual requirements, we may be subject to monetary fines or penalties, cease-and-desist orders, mandatory product changes, or other liabilities that could have an adverse effect on our business and operating results.We face risks in our electronic payment services business that could adversely affect our business and/or results of operation.Our electronic payment services business facilitates the processing of inbound and outbound payments for our customers.These payments are settled through our sponsoring clearing bank, card payment processors and other third-party electronic payment services providers that we contract with from time to time.",N/A
"Institutional Sales and Trading Our institutional equity sales and trading team distributes our proprietary equity research products and communicates our investment recommendations to our client base of institutional investors, executes equity trades on behalf of clients, sells the securities of companies for which we act as an underwriter, and makes a market in over 1,500 securities.We maintain active trading relationships with over 1,000 institutional money managers.We engage in securities-based lending which involves the borrowing and lending of equity and fixed income securities.We also engage in proprietary trading for strategic investment purposes and to facilitate the execution of client transactions by utilizing the firm's capital.Fund Management and Asset Management 2 Table of Contents",N/A
"The consolidated financial statements included herein have been prepared in accordance with U.S. GAAP assuming we will continue as a going concern.The going concern assumption contemplates the realization of assets and satisfaction of liabilities in the normal course of business.However, substantial doubt about our ability to continue as a going concern exists.We have recently experienced significant losses from our operations and used a significant amount of cash, amounting to a net loss of $75.4 million and net cash outflows from operations of $30.3 million for the fiscal year ended September 30, 2023, and we expect to continue to incur losses and use cash in our operations as we continue to restructure our business.As a result of our recent cash outflows, we have taken actions to manage our liquidity and will need to continue to manage our liquidity as we continue to restructure our operations to focus on our Inertial Navigation business.",N/A
"We have incurred significant net losses in each reporting period since our inception, have not generated any revenue to date and have financed our operations principally through private placements and public offerings of securities.Our net losses were $126.2 million and $81.9 million for the years ended December 31, 2023 and 2022, respectively.As of December 31, 2023, we had an accumulated deficit of $286.3 million.We have not yet completed any Phase 2 or Phase 3 clinical trials.As a result, we expect that it will be several years, if ever, before we have a commercialized product and generate revenue from product sales.",N/A
"Providers in these states may initially select from the following claims review and approval processes:  pre-claim review, post-payment review, or a minimal post-payment review with a 25% payment reduction.Home health agencies that maintain high  compliance levels will be eligible for additional, less burdensome options.Private third-party payors may also conduct audits and investigations, and we also perform internal audits and monitoring.These audits and investigations can result and have resulted in recoupments by Medicare, state programs and other payors of amounts previously  paid to us if we fail to comply with applicable laws or program requirements.Depending on the nature of the conduct found in such audits and  investigations and whether the underlying conduct could be considered systemic, the resolution of these audits and investigations could have a material,  adverse effect on our financial position, results of operations and liquidity.",N/A
"Commercial borrowers are subject to  a prepayment penalty of up to 5% during the first year, declining by one percentage point through the fifth year.A borrower is likely to  exercise prepayment rights at a time when the interest rate payable on the borrower's loan is high relative to prevailing interest rates.In  a lower interest rate environment, we will have difficulty re-lending prepaid funds at comparable rates, which may reduce the net interest  income that we receive.When this occurs, we will generally reinvest these proceeds in temporary investments, pending their future  investment in new portfolio companies.These temporary investments will typically have substantially lower yields than the debt being  prepaid, and we could experience significant delays in reinvesting these amounts.",N/A
"Turkey and Argentina becoming hyperinflationary economies has had a material adverse effect on  the Company's consolidated results of operations and further inflation may have additional adverse effects on the Company's  consolidated financial position, results of operations, or cash flows in future periods.The Company's acquisition strategy entails expense, integration risks, and other risks that could affect the Company's  earnings and financial condition.One of the Company's continuing strategies is to increase revenues and expand market share  through acquisitions that will provide complementary Water and Fueling Systems products, add to the Company's global reach,  or both.The Company spends significant time and effort expanding existing businesses through identifying, pursuing,  completing, and integrating acquisitions, which generate expense whether or not the acquisitions are actually completed.8 Competition for acquisition candidates may limit the number of opportunities and may result in higher acquisition prices.",N/A
"None of our associates are represented by a labor union or covered by a collective bargaining agreement.Our commitment to people and being an employer with integrity and heart has earned us numerous accolades including:  one of the “Best Companies to Work for in Florida” by Florida Trend for 12 consecutive years, a “Best Bank to Work For” by American Bankers Association for 11 consecutive years and being named by Forbes in 2023 as one of “America's Best-in-State Banks, a selection made from direct consumer feedback and online reviews.The average tenure of our associates is approximately 9.6 years, and the average tenure of our management team is 28 years.Tenure statistics support these accolades and further demonstrate that associates enjoy working for CCB.Compensation and Benefits Program .",N/A
"Risks Related to Conflicts of Interest of Our Officers and Directors • Risks related to conflicts of interest of our officers and directors.Federal Income Tax Risks Related to the Company's Status as a REIT.• Risks related to potential failure to qualify as a REIT.• Risks related to potential failure to make distributions.• Risks related to MHI Holding, including its TRS qualification and potential tax liability.",N/A
"GSK may make respiratory product portfolio decisions or statements about its portfolio  which may be, or may be perceived to be, harmful to the respiratory products partnered with us.For instance, GSK has wide discretion in determining the  efforts and resources that it will apply to the development and commercialization of our partnered products.In addition, GSK may determine to focus its  commercialization efforts on its own products.For example, in January 2015, GSK launched Incruse® (UMEC) in the U.S., which is a LAMA for the  treatment of COPD.GSK may determine to focus its marketing efforts on Incruse, which could have the effect of decreasing the potential market share of  ANORO® ELLIPTA® and lowering the royalties we may receive for such product.",N/A
"At December 31, 2022, we carried $1.840 billion of digital assets on our balance sheet, consisting of  approximately 132,500 bitcoins and reflecting $2.153 billion in cumulative impairment losses attributable to bitcoin trading price  fluctuations, and held $43.8 million in cash and cash equivalents.As of February 14, 2024, we held approximately 190,000 bitcoins that were acquired at an aggregate purchase price of $5.933 billion  and an average purchase price of approximately $31,224 per bitcoin, inclusive of fees and expenses.As of February 14, 2024, at 4:00  p.m. Eastern Time, the market price of one bitcoin reported on the Coinbase exchange (our principal market) was $51,744.68.Overview of the Bitcoin Industry and Market Bitcoin is a digital asset that is issued by and transmitted through an open-source protocol, known as the Bitcoin protocol, collectively  maintained by a peer-to-peer network of decentralized user nodes.This network hosts a public transaction ledger, known as the Bitcoin  blockchain, on which bitcoin holdings and all validated transactions that have ever taken place on the Bitcoin network are recorded.",N/A
"If we are unable to compete successfully  in this highly competitive industry, it could have a material effect on our business, financial condition and results of operations.In order to remain competitive and profitable, we must expend considerable resources to research and successfully develop  new technologies, products and services and develop new markets, and there is no assurance our research efforts and our  efforts to develop new technologies, products and services or markets will be successful or such technologies, products and  services or markets will be commercially viable or accepted.Our ability to retain customers, attract new customers, grow our business and enhance our brand depends on our success in  developing and delivering products and services that meet our customers' needs and expectations.We devote a significant  amount of financial and other resources to researching and developing new technologies, products, services and markets.The  development, manufacture and sale of diagnostic products and services and new technologies require a significant investment of  resources, such as employee time, offices and R&D and manufacturing facilities, and development of new partners and  channels.",N/A
"Relationship with Starboard Value, LPOur strategic relationship with Starboard Value, LP (together with certain funds and accounts affiliated with, or managed by, Starboard Value LP, “Starboard”), the Company's controlling shareholder, provides us access to industry expertise, and operating partners and industry experts to evaluate potential acquisition opportunities and enhance the oversight and value creation of such businesses once acquired.Starboard has provided, and we expect will continue to provide, ready access to its extensive network of industry executives and, as part of our relationship, Starboard has assisted, and we expect will continue to assist, with sourcing and evaluating appropriate acquisition opportunities.Recapitalization On October 30, 2022, the Company entered into a Recapitalization Agreement (the “Recapitalization Agreement”) with Starboard and certain funds and accounts affiliated with, or managed by, Starboard (collectively, the “Investors”), pursuant to which, among other things, the Company and Starboard agreed to enter into a series of transactions (the “Recapitalization”) to restructure Starboard's investments in the Company in order to simplify the Company's capital structure.Under the Recapitalization Agreement, the Company and Starboard agreed to take certain actions related to the Series A Redeemable Convertible Preferred Stock in connection with the Recapitalization, including submitting a proposal for stockholder approval to remove the “4.89% blocker” provision contained in the Company's Amended and Restated Certificate of Designations (the “Amendment to the Amended and Restated Certificate of Designations”).",N/A
"In addition, our agreements with our bank sponsors (as well as payment network requirements) require us to take certain protective measures to ensure the confidentiality of business and consumer data.Any failure to adequately comply with these protective measures could result in fees, penalties, litigation or termination of our bank sponsor agreements.Any significant unauthorized disclosure of sensitive data entrusted to us would cause significant damage to our reputation, impair our ability to attract new integrated technology and distribution partners and may cause parties with whom we already have such agreements to terminate them.Our software and systems and our third-party providers' software and systems may fail, or our third-party providers may discontinue providing their services or technology generally or to us specifically, which in either case could interrupt our business, cause us to lose business and increase our costs.Our services are based on software and computing systems that often encounter development delays, and the underlying software may contain undetected errors, viruses or defects.",N/A
"These events and actions could result in severely diminished liquidity and credit availability, declines in consumer confidence,  declines in economic growth, increases in unemployment rates, and uncertainty about economic stability.If the equity and credit markets deteriorate, it may  make any necessary debt or equity financing more difficult, more costly and more dilutive.If we are unable to raise additional capital in sufficient amounts, in a timely manner or on terms acceptable to us, we may have to significantly delay, scale  back, or discontinue the development of our product pipeline or other research and development initiatives.We also could be required to seek collaborators  for our product pipeline and any future product candidates at an earlier stage than otherwise would be desirable or on terms that are less favorable than  might otherwise be available or relinquish or license on unfavorable terms our rights to our product pipeline and any future product candidates in markets  where we otherwise would seek to pursue development or commercialization ourselves.Our future capital requirements and the period for which we expect existing resources to support our operations may vary significantly from our  projections.",N/A
"The Project may ultimately be less profitable than currently anticipated or  may not be profitable at all, which could have a material adverse effect on our results of operations and financial  position.If we do not obtain additional financing and maintain sufficient funds to continue our ongoing  development and proposed operations, our proposed business may be at risk or the execution of our  business plan may be delayed.We have limited assets upon which to develop and commence our business operations and to rely otherwise.As of June 30, 2023 and June 30, 2022, we had cash and cash equivalents of $20.3 million and $31.1 million,  respectively.We have had recurring net losses from operations and an accumulated deficit of $138.0 million as of  June 30, 2023 and $107.4 million as at June 30, 2022.",N/A
"● We expect to rely on third parties, and these third parties may not perform satisfactorily.Additionally, our reliance on third parties requires us to share our trade secrets, which increases the possibility that a competitor will discover them or that our trade secrets will be misappropriated.● Our drug candidates are subject to the risks of failure inherent in the development of pharmaceutical products based on new technologies, and our failure to develop safe and commercially viable drugs would severely limit our ability to become profitable or to achieve significant revenues.● We may be unable to successfully develop, market, or commercialize our products or our product candidates without establishing new relationships and maintaining current relationships and our ability to successfully commercialize, and market our product candidates could be limited if a number of these existing relationships are terminated.● We may incur substantial product liability expenses due to the use or misuse of our products for which we may be unable to obtain insurance coverage.",N/A
"As a result of these changes  and other factors, assessing the market potential and commercial viability of test handling, ATE, system-level and  burn-in test equipment and test contactors is extremely difficult and subject to a great deal of risk.In addition, not  all integrated circuit manufacturers employ the same manufacturing processes.Differences in such processes  make it difficult to design standard test products that can achieve broad market acceptance.As a result, we might  not accurately assess the semiconductor industry's future equipment requirements and fail to design and develop  products that meet such requirements and achieve market acceptance.Failure to accurately assess customer  requirements and market trends for new semiconductor test products may have a material adverse impact on our  operations, financial condition and results of operations.",N/A
"Our future success is dependent on the successful clinical development, regulatory approval and commercialization of our current and future drug candidates.If we, or our licensees, are not able to obtain the required regulatory approvals, we, or our licensees, will not be able to commercialize our drug candidates, and our ability to generate revenue will be adversely affected.Because the results of preclinical studies or earlier clinical trials are not necessarily predictive of future results, our drug candidates may not have favorable results in planned or future preclinical studies or clinical trials, or may not receive regulatory approval.•     Interim topline and preliminary results from our clinical trials that we announce or publish from time to time may change as more patient data become available and are subject to audit and verification procedures, which could result in material changes in the final data.•     Preclinical studies and clinical trials are very expensive, time consuming and difficult to design and implement and involve uncertain outcomes.",N/A
"However, our operations may not be profitable even if one or more of our product candidates under development are successfully developed and produced and thereafter commercialized.Even if we do become profitable, we may not be able to sustain or increase our profitability on a quarterly or annual basis.As a result, it may be more difficult for you to assess our future viability than it could be if we had a longer operating history.We anticipate needing additional financing to fund our operations and complete the development and commercialization of our various product candidates, and if we are unable to obtain such financing when needed, or on acceptable terms, we may be unable to complete the development and commercialization of our product candidates.The development of biopharmaceutical products, including conducting preclinical studies and clinical trials, is a very time-consuming, expensive and uncertain process that takes years to complete.",N/A
"In October 2023, we completed a private placement of common stock, warrants and  pre-funded warrants.We expect to finance our cash needs through a combination of public or private equity offerings, debt financings, collaborations, strategic alliances,  licensing arrangements and other marketing or distribution arrangements.In addition, we may seek additional capital to take advantage of favorable market  conditions or strategic opportunities even if we believe we have sufficient funds for our current or future operating plans.Based on our research and  development plans, we expect that our existing cash, cash equivalents and investments will enable us to fund our operations for at least 12 months  following the date of this report.However, our operating plan may change as a result of many factors currently unknown to us, and we may need to seek  additional funds sooner than planned.",N/A
"We believe that achievement of these goals will comport with expectations of our customers and investors, but certain customers and investors may have differing requirements.To achieve these goals, our operational costs may increase and we have had and will continue to have additional capital expenditures, some of which we may not be able to pass along to our customers.Any failure to timely meet these goals, or other requirements of customers or investors, may have an adverse effect on our business, results of operations and stock price.Additionally, governmental agencies, regulators, investors or other groups have introduced, and may request or require, environmental monitoring, disclosures or regulations in response to the potential impacts of climate change.International treaties or agreements may also result in increasing regulation of GHG emissions, including the introduction of carbon emissions limitations or trading mechanisms.",N/A
"During 1998, The Lincoln Electric Company reorganized into a holding company structure, and Lincoln  Electric Holdings, Inc. became the publicly-held parent of Lincoln Electric subsidiaries worldwide, including The  Lincoln Electric Company.The Company is one of only a few worldwide broad-line manufacturers of welding, cutting and brazing products.The  Company is the world leader in the design, development and manufacture of arc welding products, automated joining,  assembly and cutting systems, plasma and oxy-fuel cutting equipment.The Company also has a leading global position  in brazing and soldering alloys.The Company's products include arc welding, brazing and soldering filler metals (consumables), arc welding equipment,  plasma and oxyfuel cutting systems, wire feeding systems, fume control equipment, welding accessories, specialty gas  regulators, and education solutions; as well as a comprehensive portfolio of automated solutions for joining, cutting,  material handling, module assembly, and end of line testing.",N/A
"Our ability to generate  revenue depends on a number of factors, including, but not limited to:   x timely initiation and completion of our preclinical studies and clinical trials for BMF-219, BMF-500 and our future  product candidates, which may be significantly slower or cost more than we currently anticipate and will depend  substantially upon the performance of third-party contractors;   x establishing and maintaining relationships with contract research organizations (CROs) and clinical sites for the ongoing  clinical development of BMF-219 and BMF-500 and any future product candidates;44  x our ability to complete IND-enabling studies, and successfully submit and receive authorization to proceed under INDs or  comparable applications;   x whether we are required by the FDA or other comparable foreign regulatory authorities to conduct additional clinical  trials or other studies beyond those planned to support the approval and commercialization of our product candidates or  any future product candidates;   x our ability to demonstrate to the satisfaction of the FDA and comparable foreign regulatory authorities the safety,  efficacy, consistent manufacturing quality, and acceptable risk-benefit profile of our small molecule product candidates or  any future product candidates;   x the prevalence, duration, and severity of potential side effects or other safety issues experienced with our product  candidates or future product candidates, if any;   x the timely receipt of necessary regulatory approvals from the FDA and comparable foreign regulatory authorities;   x the willingness of physicians, operators of clinics, and patients to utilize or adopt any of our product candidates or future  product candidates over alternative or more conventional therapies, such as chemotherapy, to treat various types of  cancer;   x the actual and perceived availability, cost, risk profile and side effects and efficacy of our product candidates, if approved,  relative to existing and future alternative therapies in our target indications, including cancer and metabolic diseases, and  competitive product candidates and technologies;   x our ability and the ability of third parties with whom we contract to manufacture adequate clinical and commercial  supplies of our product candidates or any future product candidates, remain in good standing with regulatory authorities  and develop, validate and maintain commercially viable manufacturing processes that are compliant with cGMP;   x our ability to successfully develop a commercial strategy and thereafter commercialize our product candidates or any  future product candidates in the United States and internationally, if approved for marketing, reimbursement, sale and  distribution in such countries and territories, whether alone or in collaboration with others;   x patient demand for our current product candidates and any future product candidates, if approved;   x our ability to establish and enforce intellectual property rights in and to our product candidates or any future product  candidates;   x obtaining coverage and adequate reimbursement by third-party payors for our product candidates;   x addressing any competing therapies and technological and market developments; and   x attracting, hiring, and retaining qualified personnel.Many of the factors listed above are beyond our control and could cause us to experience significant delays or prevent us  from obtaining regulatory approvals or commercializing our product candidates.Even if we are able to commercialize our  product candidates, we may not achieve profitability soon after generating product sales, if ever.If we are unable to generate  sufficient revenue through the sale of our product candidates or any future product candidates, we may be unable to continue  operations without continued funding.",N/A
"Economic pressure on  consumers, including due to factors such as inflation and the end of student loan repayment moratoriums, as well as overall  economic uncertainty may result in changes in consumer and business spending, borrowing and saving habits.These economic  conditions and/or other negative developments in the domestic or international credit markets or economies may significantly  affect the markets in which we do business, the value of our loans and investments, and our ongoing operations, costs and  profitability.Declines in real estate values and sales volumes, high unemployment or underemployment, and inflation may also  result in higher than expected loan delinquencies, increases in our levels of nonperforming and classified assets and a decline in  demand for our products and services.These negative events may cause us to incur losses and may adversely affect our capital,  liquidity and financial condition.Fiscal challenges facing the U.S. government could negatively impact the value of investments in GSEs and the financial  markets, which in turn could have an adverse effect on our financial position or results of operations.",N/A
"· A large number of shares may be issued and subsequently sold upon the exercise of existing options and warrants and the conversion of preferred shares.· We are a “smaller reporting company” under the SEC's disclosure rules and have elected to comply with the reduced disclosure requirements applicable to smaller reporting companies.· As a non-accelerated filer, we are not required to comply with the auditor attestation requirements of the Sarbanes-Oxley Act.Risks Related to Our Financial Position, FDA Clinical Hold, Need for Additional Capital and Overall BusinessWe are a biotechnology company with limited resources, a limited operating history, and no products approved for clinical trials or commercial sale, which may make it difficult to evaluate our current business and predict our future success and viability.",N/A
"● If the Company is unable to attract new customers to its infrastructure and disaster recovery/cloud subscription services on a cost-effective basis, its revenue and operating results would be adversely affected.● The Company expects to continue to acquire or invest in other companies, which may divert its management's attention, result in additional dilution to its stockholders, and consume resources that are necessary to sustain its business.● Integration of an acquired company's operations may present challenges.● We may not realize the anticipated benefits of the merger with Flagship or successfully integrate our businesses.● The Company may fail to maintain an effective system of internal controls, which may result in material misstatements of its consolidated financial statements or cause it to fail to meet its periodic reporting obligations.",N/A
"Our ability to make scheduled payments of interest depends on our future performance, which is subject to interest rate risk, economic, financial, competitive  and other factors beyond our control.We are exposed to risks related to a potential rising interest rate environment for the debt, which could cause our borrowing costs  to rise and impact our liquidity.Our business may not generate cash flow from operations in the future sufficient to service our debt in cash and make necessary capital  expenditures.In addition, if the Company's net revenue does not equal or exceed a certain amount for upcoming fiscal periods as set forth in the Credit Agreement, then  the Company will be required to repay five percent of the outstanding principal amount of its indebtedness in equal quarterly installments, in addition to a repayment fee  and a prepayment fee.If we are unable to generate sufficient cash flow to satisfy payment obligations under the Credit Agreement, we may be required to adopt one or more  alternatives, such as obtaining additional equity capital on terms that may be onerous or highly dilutive.",N/A
"We or our third-party partners or service providers may experience a security breach, including unauthorized parties obtaining access to buyers' confidential information.• Failure to deal effectively with bad actors engaging on our marketplace or platform could harm our business.We may be subject to disputes between buyers and suppliers on our platform.We rely on a third-party payment processor to process payments made by buyers and payments made to suppliers.We rely on third parties to fulfill buyer orders.",N/A
"Our net losses after tax were approximately $134.1 million year ended December 31, 2023 and $76.4 million for the year ended December 31, 2022.As of December 31, 2023, we had an accumulated deficit of $831.9 million.We anticipate that we will continue to incur losses until we can sufficiently scale our operations.We cannot guarantee when we will operate profitably, if ever.The profitability of products produced using our process technologies depends largely on manufacturing costs and the market prices of the products produced using our process technologies.",N/A
"Any disruption in the supply  chain may increase the cost of the goods we purchase, limit our ability to acquire merchandise and decrease our sales  and profits.16  If imported merchandise becomes more expensive or unavailable, the transition to alternative sources may not occur  in time to meet our demands.Products from alternative sources may be of lesser quality and more expensive than  those we currently import.Other risks associated with our use of imported goods include:  •  disruptions in the flow of imported goods because of factors such as electricity or raw material shortages,  work stoppages, strikes, political unrest, war, pandemics and natural disasters;  •  tariffs, import duties, import quotas, anti-dumping duties and other trade sanctions;  •  modifications to international trade policy and/or existing trade agreements and other changes affecting  United States trade relations with other countries;  •  problems with oceanic shipping, including shipping container shortages and piracy;  •  port congestion at arrival ports causing delays;  •  additional oceanic shipping costs to reach non-congested ports;  •  inland transit costs and delays resulting from port congestion;  •  economic crises and international disputes;  •  currency exchange rate fluctuations;  •  increases in the cost of purchasing or shipping foreign merchandise resulting from the failure to maintain  normal trade relations with source countries;  •  increases in shipping rates imposed by the trans-Pacific shipping cartel; and  •  compliance with the laws and regulations, and changes to such laws and regulations, in the United States  and the countries where our manufacturers are located, including but not limited to requirements relating  to shipping security, product safety testing, environmental requirements and anti-corruption laws.We may not realize the expected operating results from, and planned growth of, our Shoe Station banner.",N/A
"Risks Related to Commercialization of AMX0035 or Future Product Candidates  •We have limited sales and marketing experience.If we are unable to continue to successfully commercialize AMX0035 or any other current  or future product candidates in the U.S., Canada or elsewhere, if and when approved, we may be unable to generate meaningful additional  product revenue.• AMX0035 may fail to maintain the degree of market acceptance by physicians, patients, third-party payors and others in the medical  community necessary for continued commercial success or to remain profitable.If the FDA, Health Canada, the EMA or other comparable foreign regulatory authorities approve generic versions of AMX0035 or any other  current or future product candidate of ours that receives regulatory approval, or such authorities do not grant our products appropriate periods  of non-patent exclusivity before approving generic versions of such products, the sales of such products could be adversely affected.",N/A
"• Regulatory authorities may change views and recommendations, which could lead to more challenging regulatory paths to approvals and to  more expensive clinical and commercial efforts.• Even with the approval in Japan of our partnered next generation COVID-19 vaccine candidate, ARCT-154, we might not achieve any sales  in Japan.• Regulatory authorities may change views and recommendations, which could lead to more challenging regulatory paths to approvals and to  more expensive clinical and commercial efforts.There is significant competition in the development of a vaccine against COVID-19, some competitors' vaccines are already widely accepted  in the market, and many of our competitors have substantially greater financial, scientific and other resources than we have.If we are unable to generate successful results from preclinical and clinical studies of our product candidates, or experience significant  delays in doing so, our business may be materially harmed.",N/A
"Our net losses were 68.2 million and $68.8 million for the twelve months ended December 31, 2023 and 2022, respectively.We had an accumulated  deficit of $282.4 million as of December 31, 2023.Substantially all of our net losses have resulted from costs incurred in connection with our research and  development programs and from general and administrative costs associated with our operations.We expect our research and development expenses to  increase significantly in connection with the commencement and continuation of clinical trials of our product candidates.In addition, if we obtain  regulatory approval for our product candidates, we will incur significant sales, marketing, and manufacturing expenses.",N/A
"The goal is to produce acceptable returns, on a long- term basis, through careful risk selection, appropriate pricing and superior investment returns.This focus allows the Exchange to accomplish its mission of providing as near perfect protection, as near perfect service as is humanly possible at the lowest possible cost.See the risk factors related to our dependency on the growth and financial condition of the Exchange in Item 1A.""Risk Factors"" contained within this report for further discussion on competition in the insurance industry.4 Human Capital Management Employee Value Proposition",N/A
"If our revenue does not grow over the long term, our ability to achieve and maintain profitability may be adversely affected, and the value of our business may significantly decrease.If our LiDAR products are not selected for inclusion in autonomous driving systems or ADAS by automotive OEMs or their suppliers, our business will be materially and adversely affected.Automotive OEMs and their suppliers design and develop autonomous driving and ADAS technology over several years.These automotive OEMs and suppliers undertake extensive testing or qualification processes prior to placing orders for large quantities of products such as our LiDAR products, because such products will function as part of a larger system or platform and must meet certain other specifications.We spend significant time and resources to have our products selected by automotive OEMs and their suppliers.",N/A
"To be eligible for price negotiation a drug must have been on the market for at least seven years without generic competition.Orphan drugs indicated for only one rare disease or condition and drugs with less than $200 million in annual Medicare expenditures are exempt from the negotiation program.For the first two years of the program, 2026 and 2027, only Part D drugs are eligible.The Secretary will publish the negotiated price, known as the “Maximum Fair Price” (“MFP”), for each of the selected products.Manufacturers of selected drugs would be required to offer the drug for Medicare recipients at the MFP.",N/A
"To remain competitive and expand our product offerings to customers, we will need to increase revenues substantially beyond levels that we have attained in the past in order to generate sustainable operating profit and sufficient cash flows to continue doing business without raising additional capital from time to time.Given our history of fluctuating revenues and operating losses, and the challenges we face in securing customers  for our products, we cannot be certain that we will be able to achieve and maintain profitability on either a quarterly or annual basis in the future.As a result, we may need to raise additional capital in the future, which may or may not be available to us at all or only on unfavorable terms.Our failure to generate the significant capital necessary or raise additional capital to expand our operations and invest in new products could reduce our ability to compete and could harm our business.We intend to continue spending to grow our business.",N/A
"Expanding Our Global FootprintWe believe in the importance of building one global brand with a distinctive flavor experience that is consistent around the globe.This includes laying the groundwork for a global supply chain to support expansion of our global footprint, as well as creating a consistent digital presence centered around our global technology strategy which includes expanding our best-in-class domestic digital platform internationally.We believe that there is significant opportunity to continue to expand globally, and we intend to focus our efforts on increasing our geographic penetration in both existing and new domestic markets, as well as international markets.We believe our highly- franchised model positions us for continued strong unit growth over the medium- and long-term.",N/A
"The Bank offers a complete line of consumer, mortgage and business banking services, including loan, deposit, and cash management services to individual and commercial customers.3 Index The Company's primary activity is as a holding company for the common stock of the Bank and Wealth.The principal business of the Company is conducted through its subsidiaries.As of December 31, 2023, the Company had assets of $1.4 billion, gross loans of $1.1 billion, deposits of $1.2 billion, and stockholders' equity of $106.8 million.The Company strives to foster a culture of respect, teamwork, ownership, responsibility, initiative, integrity, and service and believes our officers and employees are our most important assets.",N/A
"The requirements of  applicable laws, regulations, and government policies, our failure to meet such requirements (including investigations and  publicity resulting from actual or alleged failures), or actions we take to comply with such requirements or investigations could  have significant adverse effects on our results of operations, reputation, or ability to grow our business.12 Exchange rate fluctuations could result in significant foreign currency gains and losses and affect our business  results.We earn revenues and incur expenses in foreign currencies in connection with our operations outside of the U.S.  Accordingly, fluctuations in currency exchange rates may significantly increase the amount of U.S. dollars required for foreign  currency expenses or significantly decrease the U.S. dollars we receive from foreign currency revenues.We are also exposed to  currency translation risk because the results of our non-U.S. business are generally reported in local currency, which we then  translate to U.S. dollars for inclusion in our Financial Statements.As a result, exchange rate changes between foreign currencies  and the U.S. dollar affect the amounts we record for our foreign assets, liabilities, revenues and expenses, and could have a  material negative effect on our financial results.",N/A
"Clinical trials are conducted under  protocols detailing, among other things, the objectives of the clinical trial, dosing procedures, inclusion and exclusion criteria and the parameters and  criteria to be used in monitoring safety and evaluating effectiveness.Each protocol, and any subsequent amendments to the protocol, must be submitted to  the FDA as part of the IND.Furthermore, each clinical trial must be reviewed and approved by an IRB for each institution at which the clinical trial will be  conducted to ensure that the risks to individuals participating in the clinical trials are minimized and are reasonable compared to the anticipated benefits.The IRB also approves the informed consent form that must be provided to each clinical trial subject or his or her legal representative and must oversee the  clinical trial until its completion.The FDA, the IRB, or the sponsor may suspend or discontinue a clinical trial at any time on various grounds, including a  finding that the subjects are being exposed to an unacceptable health risk.",N/A
"Our expenses could increase beyond expectations if we are required by the FDA or other regulatory agencies to perform preclinical studies or clinical trials in addition to those that we currently anticipate.Because the design and outcome of our current, planned and anticipated clinical trials are highly uncertain, we cannot reasonably estimate the actual amount of funding that will be necessary to successfully complete the development and commercialization of any product candidate we develop.Our future capital requirements depend on many factors, including factors that are not within our control.We incur additional costs associated with operating as a public company, and we do not anticipate achieving any significant revenue in the near term given the development stage of our product candidates.Accordingly, we will require substantial additional funding to continue our operations.",N/A
"An adverse outcome in litigation to which we are or become a party could materially and adversely affect us.• New and existing laws and regulations or other governmental actions may increase our expenses, limit the number of homes that we can build or delay completion of our projects.We are subject to environmental laws and regulations, which may increase our costs, result in liabilities, limit the areas in which we can build homes and delay completion of our projects.• A major health and safety incident relating to our business could be costly in terms of liabilities and reputational damage.Landsea Homes Corp. | 2023 Form 10-K | 2 • Our activities and disclosures related to sustainability expose us to numerous risks.",N/A
"We offer an 8-week summer internship program through local  colleges that provide students with valuable experience in the professional fields they are considering career paths.It also provides a post-graduation pipeline of future employees.In addition, we maintain equity incentive plans under which we  may issue shares of our common stock.“Stock-Based Compensation” of the Notes to the Consolidated  Financial Statements included in Item 8 of this Annual Report on Form 10-K for further details of our equity incentive  plans.We promote career development and continuing education by offering internal training programs and tuition  reimbursement for programs that develop skills related to our business.",N/A
"Adjusted EBITDA is the primary financial performance measure used by management to evaluate the business and monitor the results of operations.Sales per Submission, Cost per Submission and Adjusted Gross Margin per Submission are also presented on a non-GAAP basis and are key operating metrics used by management to understand the Company's underlying financial performance and trends.We use non-GAAP financial measures to supplement financial information presented on a GAAP basis.We believe that excluding certain items from our GAAP results allows management to better understand our consolidated financial performance from period to period and better project our future consolidated financial performance as forecasts are developed at a level of detail different from that used to prepare GAAP-based financial measures.Moreover, we believe these non-GAAP financial measures provide our stakeholders with useful information to help them evaluate our operating results by facilitating an enhanced understanding of our operating performance and enabling them to make more meaningful period to period comparisons.",N/A
"Our financial performance generally, and the ability of our borrowers to pay interest on and repay principal of outstanding loans and the value of collateral securing those loans in particular, as well as demand for loans and other products and services we offer, is highly dependent upon the business environment in the markets in which we operate.Economic conditions in our markets depend mainly on tourism, U.S. military and defense products and services, real estate, government and other service-based industries.In addition, Hawaii's economy depends significantly on conditions of the U.S. economy and key international economies, particularly Japan.Declines in the economic conditions in these markets, tourism, fluctuations in the strength of currencies such as the U.S. dollar and the Japanese yen, the inability of the Hawaii economy to absorb continuing construction expansion, increases in levels of underemployment, increases in energy costs, and other inflationary conditions, high interest rates, the availability of affordable air transportation, supply chain disruptions, pandemics or other widespread health emergency (or concerns over the possibility of such an emergency), real or threatened acts of war or terrorism, adverse weather, natural disasters and local or national budget issues, among other factors, may impact consumer and corporate spending.As a result, these events may contribute to a deterioration in Hawaii's general economic condition, which, as a result of our geographic concentration, could adversely impact us and our borrowers.",N/A
"Any delays in our preclinical or current or future clinical development programs may harm our business, financial condition and prospects  significantly.If we experience delays or difficulties in the enrollment of patients in clinical trials, our receipt of necessary regulatory approvals could be delayed or prevented.We may not be able to initiate or continue clinical trials for our product candidates if we are unable to locate and enroll a sufficient number of eligible patients to participate  in these trials as required by the FDA or similar regulatory authorities outside the United States.In particular, because we will be deploying our drug discovery platform  across a broad target space, our ability to enroll eligible patients may be limited or may result in slower enrollment than we anticipate.In addition, some of our competitors  have ongoing clinical trials for product candidates that treat the same indications as our product candidates, and patients who would otherwise be eligible for our clinical  trials may instead enroll in clinical trials of our competitors' product candidates.",N/A
"  Supply chain disruptions in the past have interrupted and in the future could interrupt product manufacturing,  increase product costs and result in lost sales, which have had and in the future may have a material adverse  effect on NTIC's business, operating results and financial condition.  Disruptions to the distribution channels for NTIC's products in the past have negatively impacted and in the  future may negatively impact NTIC's business, operating results, and financial condition.  NTIC's dependence on key suppliers puts NTIC at risk of interruptions in the availability of its products,  which could reduce its net sales and adversely affect its operating results and harm its reputation.Increases in prices for raw materials and components used in NTIC's products in the past have adversely  affected and in the future could adversely affect NTIC's operating results.  NTIC relies on others for its production and any interruptions of these arrangements could disrupt NTIC's  ability to fill its customers' orders.",N/A
"During 2023, our platforms processed more than 325 billion data points generated by over 150 million connected  devices.We believe this scale of subscribers, connected devices and data operations makes us the leader in the connected  property market.Our solutions are delivered through an established network of trusted service providers, who are experts at selling, installing  and supporting our solutions.We primarily generate SaaS and license revenue through our service provider partners, who resell  these services and pay us monthly fees.These service provider contracts typically have an initial term of one year, with  subsequent renewal terms of one year.",N/A
"With regards to CRISPR/Cas9-based therapies specifically, we are in clinical-stage development for NTLA-2001 and NTLA-2002 and advancing towards clinical testing for our other in vivo and ex vivo product candidates.Although one CRISPR/Cas9-edited ex vivo therapy has been recently approved in the United States (“U.S.”) and European Union (“EU”), no genome editing in vivo therapy has been approved in the U.S., EU countries or other key jurisdictions, and the potential to successfully obtain approval for any of our CRISPR/Cas9 product candidates remains unproven.Our future success also is highly dependent on the successful development of CRISPR-based genome editing technologies, cellular delivery methods and therapeutic applications for the indications on which we have focused our ongoing research and development efforts.We may decide to alter or abandon these programs as new data become available and we gain experience in developing CRISPR/Cas9-based therapeutics.We cannot be sure that our CRISPR/Cas9 efforts and technologies will yield satisfactory products that are safe and effective, sufficiently pure or potent, manufacturable, scalable or profitable in our selected indications or any other indication we pursue.",N/A
"Our platform is also designed to  enable optimal PK by preventing undesired binding and elimination outside of the tumor microenvironment, resulting in  geographically localized pharmacology.The engineered features are designed to ensure that our product candidates are  stable molecules with well-understood properties and a reproducible manufacturing approach.Our Strategy   Our vision is to transform the lives of patients with cancer by harnessing the power of highly potent, tumor-selective I-O  therapies that deliver deep and durable clinical responses.By leveraging our proprietary platform for tumor-activated  molecules, we aim to discover, develop and, ultimately, commercialize I-O therapies that overcome the known limitations  of today's approaches and provide effective, tolerable and durable therapeutic options for patients and their physicians.In order to achieve these goals, the key elements of our strategy are to:   •  Rapidly advance clinical development for XTX101, our tumor-activated, Fc-enhanced anti-CTLA-4,  through our co-funded clinical collaboration with Roche.",N/A
"Our existing indebtedness contains restrictions that limit our flexibility in operating our business.In addition, we may be required to make a  prepayment or repay our outstanding indebtedness earlier than we expect.In August 2022, we entered into the Loan Agreement with the Lender for term loans (the “Loans”) in an aggregate principal amount up to  $45.0 million.A Loan of $30.0 million was committed at closing, with $15.0 million funded immediately and $15.0 million available to be drawn between  October 1, 2022 and December 31, 2022, which was drawn in December 2022.The remaining $15.0 million of Loans is uncommitted and is subject to  certain conditions and approval by the Lender.",N/A
"The risks summarized above or described in  full below are not the only risks that we face.Additional risks and uncertainties not currently known to us, or that we currently deem  to be immaterial may also materially adversely affect our business, prospects, financial condition and results of operations.Risks Related to the Commercialization and Development of VASCEPAWe are substantially dependent upon VASCEPA (icosapent ethyl), its commercialization in the United States and its  development, launch and commercialization in Europe and other major markets.We currently derive substantially all of our revenue from sales of VASCEPA.",N/A
"We file annual, quarterly and current reports and other information with the SEC.The SEC maintains a website at www.sec.gov that contains these filings.You also may access, free of charge,  our reports filed with the SEC through our website.Reports filed with the SEC will be available through our  website as soon as reasonably practicable after they are filed.The information contained on or connected to  our website, www.mercerint.com, is not incorporated by reference into this Annual Report on Form 10-K  and should in no way be construed as a part of this or any other report that we filed with the SEC.",N/A
"The study is comparing the  TPST-1120 arm to standard of care alone and enrolled 40 patients randomized to the TPST-1120 arm and 30 patients randomized to the control arm.With a  median follow-up of 9.2 and 9.9 months for the TPST-1120 arm and standard-of-care arm, respectively, the data showed a 30% confirmed objective  response rate (“ORR”) achieved in the TPST-1120 arm compared to 13.3% in the control arm, a substantial increase as compared to the previous data cut of  17.5% in the TPST-1120 arm and 10.3% in the control arm.In the TPST-1120 arm, 40% of patients remained on treatment versus 16.7% in the control arm,  while 72.5% of the TPST-1120 arm patients remained on study versus 46.7% in the control arm.The results also demonstrated a favorable progression free  survival and overall survival (“OS”) hazard ratio for the TPST-1120 arm as compared to the standard-of-care control arm.We expect updated OS data to be  available in 2024.",N/A
"headcount, capital and processes in an efficient manner.We may not be able to successfully implement improvements to these systems and processes in a  timely or efficient manner, which could result in additional operating inefficiencies and could cause our costs to increase more than planned.If we do increase  our operating expenses in anticipation of the growth of our business and this growth does not meet our expectations, our operating results may be negatively  impacted.If we are unable to manage future expansion, our ability to provide high quality products and services could be harmed, which could damage our  reputation and brand and may have a material adverse effect on our business, operating results and financial condition.Our antenna solutions and wireless connectivity solutions are subject to intense competition, including competition from our suppliers and the  customers to whom we sell.",N/A
"According to subscription analytics firm Antenna, Paramount+ was the number one premium streaming service in domestic sign-ups and gross paid subscriber additions since its launch in March 2021 through the end of 2023 and had the most sign-ups in 2023.Additionally, Paramount now reaches audiences in the top 10 streaming markets globally, and in free, Pluto TV continues to be in more countries than any other FAST service.Paramount Pictures released five films in 2023 that debuted at number one at the domestic box office — Scream VI, Dungeons & Dragons: Honor Among Thieves, Transformers: Rise of the Beasts, Mission: Impossible – Dead I-1 Reckoning Part One and PAW Patrol: The Mighty Movie.Our franchise-focused strategy delivered at the box office, and also drove additional content consumption on linear, streaming and in retail.CBS finished the 2022-2023 season as America's number one broadcast network in primetime for the 15th consecutive season.",N/A
"If we are unable to raise adequate funds, we may have to delay, reduce the scope of or eliminate some or all  of our business plan expenditures, and the failure to procure such required financing could have a material and  adverse effect on our business, liquidity, financial condition and results of operations as well as our ability to  continue as a going concern.If we are unable to continue as a going concern, we might have to liquidate our  assets and the values we receive for our assets in liquidation or dissolution could be significantly lower than the  values reflected in our financial statements.The inclusion of the going concern explanatory paragraph by our  auditors, our lack of cash resources and our potential inability to continue as a going concern may materially  adversely affect our business, share price, and our ability to raise new capital or to enter into critical contractual  relations with third parties due to concerns about our ability to meet our contractual obligations.Our ability to raise additional funds may also be adversely impacted by potential worsening global economic  conditions and the disruptions to, and volatility in, the credit and financial markets in the United States and  worldwide resulting from the COVID-19 pandemic, economic slowdown, higher inflation, increased interest rates,  supply chain issues, diminished liquidity and credit availability, declines in consumer confidence, declines in  economic growth, increases in unemployment rates, and uncertainty about economic stability.If the equity and  credit markets deteriorate, it may make any necessary debt or equity financing more difficult, more costly and  more dilutive.",N/A
"●  changes in tax regulations in the U.S. and/or the PRC, including restrictions and/or taxes applicable to the transfer or  repatriation of funds;●  international political relationships, including the relationship between the U.S. and the PRC;●  epidemics and illnesses (including COVID, any new variants that may emerge, and any future health crises) within the  PRC that affect the areas in which we operate and manufacture our products;●  economic, social and political instability;●  longer accounts receivable collection cycles and difficulties in collecting accounts receivable;",N/A
"We also continue to emphasize our traditional tagline—“STRONG *  STABLE * SAFE”—in our advertisements, website, online presence and branch displays.Finally, for customers who adhere to  the old adage of trust but verify, we refer them to the safety/security rankings of a nationally recognized, independent rating  organization that specializes in the evaluation of financial institutions, which has awarded the Association its highest rating for  more than one hundred consecutive quarters.The Company's principal lending activity is the origination of fixed-rate and adjustable-rate, first mortgage loans to  purchase or refinance residential real estate.Adjustable-rate and up to 30-year fixed-rate first mortgage loans to refinance real  estate are offered in 21 states and the District of Columbia.Also, the Company offers adjustable-rate and up to 30-year fixed-  rate first mortgage loans to purchase real estate in 13 states.",N/A
"Although disruption of our retail supply chain could be difficult to  overcome, we continuously evaluate the potential for disruptions and ways to mitigate such disruptions should they  occur.We are subject to various federal, state and local laws affecting our business, including areas of food safety,  minimum wage increases, health care, zoning requirements, preparation and sale, among others, of food and  alcoholic beverages, information security, and environmental matters.Each of our stores must comply with licensing  requirements and regulations by a number of governmental authorities and we have not been significantly affected  by any delay in obtaining these licenses.Federal, state and local environmental laws and regulations have not  historically had a significant impact on our operations; however, we cannot predict the effect of possible future  environmental legislation or regulations on our operations.We deem the various Cracker Barrel and MSBC trademarks and service marks that we own to be of substantial  value.",N/A
"Our operations could involve the use of regulated materials, and we must comply with environmental, health and  safety laws and regulations, which can be expensive.If we are unable to maintain effective internal control over financial reporting, investors may lose confidence in the  accuracy and completeness of our financial reports and the market price of our common stock may decrease.• Failure to comply with the U.S. Foreign Corrupt Practices Act, other applicable anti-corruption and anti-bribery laws,  and applicable trade control laws could subject us to penalties and other adverse consequences.Any failure to protect our intellectual property could impair our brand and our competitiveness.• Resolution of claims that we have violated or may violate the intellectual property rights of others could require us to  indemnify others or pay significant royalties to third parties.",N/A
"Solely for convenience, the trademarks and trade names in this prospectus are referred to without the ®  and TM symbols, but such references should not be construed as any indicator that their respective owners will not assert, to the fullest extent under  applicable law, their rights thereto.All other trademarks, trade names and service marks appearing in this Annual Report are the property of their respective  owners.The risk factors summarized below could materially harm our business, operating results, and/or financial condition, impair our future prospects  and/or cause the price of our common stock to decline.These risks are discussed more fully in the section titled ""Risk Factors.""Material risks that may  affect our business, financial condition, results of operations, and trading price of our common stock include the following: • We have incurred significant losses since our inception.",N/A
"If our products do not achieve and maintain market acceptance, we will not be able to generate the revenue necessary  to support our business.If hospitals are unable to obtain coverage and reimbursement for procedures using our products, if reimbursement is  insufficient to cover the costs of purchasing our products, or if limitations are imposed by governments on the amount  hospitals can charge for certain procedures, we may be unable to generate sufficient sales to support our business.If our products contain defects or encounter performance problems, we may have to recall our products and our  reputation may suffer.We utilize distributors for a portion of our sales and service of our products in certain countries, which subjects us to a  number of risks that could harm our business, financial condition, or results of operations.• Public health crises or epidemic diseases, or the perception of their effects, could materially adversely affect our  business, financial condition, or results of operations.",N/A
"● We have 2,500 shares of Series C Preferred Stock with super voting rights.● We have identified a material weakness in our internal controls over financial reporting due to lack of segregation of duties.● An active trading market may not develop or continue to be liquid and the market price of our shares of common stock may be volatile.Risks Related to Our Financial Condition and Capital RequirementsThe successful development of biopharmaceutical products is highly uncertain.",N/A
"• we may experience delays in reaching, or fail to reach, agreement on acceptable terms for clinical trial contracts or clinical trial  protocols with prospective trial sites and/or clinical research organizations, or CROs;  • clinical trials may produce negative or inconclusive results, or our studies may fail to reach the necessary level of statistical  significance, and we may decide, or regulators may require us, to conduct additional clinical trials or abandon product  development programs;  • the number of patients required for clinical trials may be larger than we anticipate, enrollment in these clinical trials often is slow,  participants may drop out of these clinical trials or be lost to follow-up at a higher rate than we anticipate, or participants may  elect to participate in alternative clinical trials sponsored by our competitors with product candidates that treat the same  indications as our product candidates;  • our third-party contractors may fail to comply with regulatory requirements or the clinical trial protocol, or meet their contractual  obligations to us in a timely manner, or at all, or we may be required to engage in additional clinical trial site monitoring;  • we, regulators, or IRBs may require that we or our investigators suspend or terminate clinical research for various reasons,  including noncompliance with regulatory requirements or a finding that the participants are being exposed to unacceptable  health risks, undesirable side effects, or other unexpected characteristics of the product candidate, including where combination  dosing of or with our product candidates results in serious adverse events or undesirable side effects, or due to findings of  undesirable effects caused by a chemically or mechanistically similar therapeutic or therapeutic candidate;  • marketing approval policies could change during the development period, rendering our data insufficient to obtain marketing  approval;  • statutes or regulations or site policies could be amended or new ones could be adopted;  • changes could be adopted in the regulatory review process for submitted product applications;  • the cost of clinical trials may be greater than we anticipate or we may have insufficient funds to complete a clinical trial;  • the supply or quality of materials necessary to conduct clinical trials may be insufficient or inadequate or may be interrupted or  impacted by supply chain challenges;  • we may decide, or regulators may require us, to conduct or gather, as applicable, additional clinical trials, analyses, reports,  data, or preclinical studies, or we may abandon product development programs;  • we may fail to reach an agreement with regulators or IRBs regarding the scope, design, or implementation of our clinical trials,  and the FDA or comparable foreign regulatory authorities may require changes to our study designs that make further study  impractical or not financially prudent;  • we may have delays in adding new investigators or clinical trial sites, or we may experience a withdrawal of clinical trial sites;  • patients that enroll in our studies may misrepresent their eligibility or may otherwise not comply with the clinical trial protocol,  resulting in the need to drop the patients from the study or clinical trial, increase the needed enrollment size for the clinical trial  or extend its duration;  • there may be regulatory questions or disagreements regarding interpretations of data and results, or new information may  emerge regarding our current product candidates and any future product candidates;  • the FDA or a comparable foreign regulatory authority may disagree with our study design, including endpoints, or our  interpretation of data from preclinical studies and clinical trials or find that a product candidate's benefits do not outweigh its  safety risks;  • we may be unable to demonstrate to the satisfaction of the FDA or comparable foreign regulatory authorities that a drug or  biologic candidate is safe and effective for its proposed indication or a related companion diagnostic is suitable to identify  appropriate patient populations;  29• the FDA or comparable foreign regulatory authorities may not accept data from studies with clinical trial sites in foreign  countries;  • the FDA or comparable foreign regulatory authorities may disagree with our intended indications;  • the FDA or comparable foreign regulatory authorities may fail to approve or subsequently find fault with the manufacturing  processes or our manufacturing facilities for clinical and future commercial supplies;  • the data collected from clinical trials of our current product candidates and any future product candidates may not be sufficient to  the satisfaction of the FDA or comparable foreign regulatory authorities to support the submission of an BLA or NDA or other  comparable submission in foreign jurisdictions or to obtain regulatory approval in the United States or elsewhere;  • the FDA or comparable foreign regulatory authorities may take longer than we anticipate to make a decision on our current  product candidates and any future product candidates; and  • we may not be able to demonstrate that a product candidate provides an advantage over current standards of care or current or  future competitive therapies in development.Our development costs also will increase if we experience delays in testing or approvals, and we may not have sufficient funding to complete  the testing and approval process.We will be required to obtain additional funds to complete clinical trials and prepare for possible  commercialization.Significant delays relating to any preclinical or clinical trials also could shorten any periods during which we may have the  exclusive right to commercialize our current product candidates and any future product candidates or allow our competitors to bring products  to market before we do and impair our ability to successfully commercialize our current product candidates and any future product candidates  and may harm our business and results of operations.",N/A
"These reinforcing flywheel effects continuously improve our scaled, digital  marketplace, remarketing centers, and data and technology for our customers, resulting in growth for our marketplace platform.We continue to invest in growth to scale our company responsibly and drive towards profitability.See the section titled “Management's Discussion and Analysis of  Financial Condition and Results of Operations—Key Operating and Financial Metrics” for additional information on Marketplace Units, Marketplace GMV, and Adjusted  EBITDA.Our marketplace platform leverages data and technology to power our digital marketplace and data services, enabling our dealers and commercial partners to buy, sell,  and value vehicles with confidence and efficiency.Our digital marketplace offerings include our core auction offering and value-added services, ACV Transportation, ACV  Capital, and our Customer Assurance (Go Green).",N/A
"We are able to fill the gaps of protection for consumers, minimize surprises, and deepen our relationships and value proposition.Porch's Strategy to Win in Homeowners InsuranceWe have two reportable segments: the Vertical Software segment and the Insurance segment.Vertical Software Segment The Vertical Software segment provides software and services to inspection, mortgage, and title companies on a subscription and transactional basis, which was 54% of total vertical software revenue in 2023, and move and post-move services, which was 46% of total vertical software revenue in 2023.The Vertical Software segment operates several key businesses, including: 5 Table of Contents Inspection Software and Services This includes the Inspection Support Network (“ISN”), Home Inspector Pro and Palm-Tech brands which are leading SaaS solutions for inspectors with easy- to-use tools.",N/A
"Rising inflation in the economies in which we operate may adversely affect our operating margins and our results of operation.In general, we believe that our results of operations are not dependent on moderate changes in the inflation rate.Historically, we have been able to manage the impacts of more significant changes in inflation rates through our customer relationships, customer agreements that may provide for price increases and continued focus on improvements of operational productivity.However, the current inflationary environment has, we believe, has impacted the Company's business in 2022 and 2023 and may continue to impact its business in 2024, including as a result of increased energy costs, as well as increasing wages in the labor markets in which we compete.Inflation could continue to pressure our margins in future periods.",N/A
"There are no assurances that we can successfully address these challenges and if unsuccessful, we and our business, financial condition and operating results could be materially and adversely affected.The current and future expense levels of our business are based largely on estimates of planned operations and future revenues rather than experience.It is difficult to accurately forecast future revenues because our business is new and our market has not been developed.If our forecasts prove incorrect, the business, operating results and financial condition of the Company may be materially and adversely affected.Moreover, we may be unable to adjust our spending in a timely manner to compensate for any unanticipated reduction in revenues.",N/A
"However, mutant p53 proteins can be misfolded and lose their wild-type tumor suppressing function.These p53 mutations are found in approximately half  of all cancers.The field of p53 biology was established by our co-founder Dr. Arnold Levine when he discovered the p53 protein in 1979.We have  leveraged more than four decades of research experience and developed unique insights into p53 to create a precision oncology platform designed to  generate selective, small molecule, tumor-agnostic therapies that structurally correct specific mutant p53 proteins to restore their wild-type function.We are  deploying our precision oncology platform to target p53 mutations and other p53-related cancers.",N/A
"Moreover, the  terms of any future financing may adversely affect the holdings or the rights of our stockholders and the issuance of additional  securities, whether equity or debt, by us, or the possibility of such issuance, may cause the market price of our Class A common stock  to decline.The incurrence of indebtedness could result in increased fixed payment obligations, and we may be required to agree to  certain restrictive covenants, such as limitations on our ability to incur additional debt, limitations on our ability to acquire, sell or  license intellectual property rights and other operating restrictions that could adversely impact our ability to conduct our business.We  could also be required to seek funds through arrangements with collaborative partners or otherwise at an earlier stage than otherwise  would be desirable, and we may be required to relinquish rights to some of our technologies or products or otherwise agree to terms  that are unfavorable to us, any of which may have a material adverse effect on our business, operating results and prospects.In  addition, raising additional capital through the issuance of equity or convertible debt securities would cause dilution to holders of our  equity securities, and may affect the rights of then-existing holders of our equity securities.Even if we believe that we have sufficient  funds for our current or future operating plans, we may seek additional capital if market conditions are favorable or if we have specific  strategic considerations.",N/A
"Complement-targeted Therapeutic Development ProgramsWe are advancing multiple development programs focused on diseases and disorders associated with the complement system, a group of specialized proteins that protect against invasive pathogens as well as damaged cells inside the body and comprise an important part of the body's immune system.When triggered, the various components of complement cooperate to generate an immune response that fights infection and clears damaged or dead cells, maintaining healthy function of the body's systems.However, dysregulation of the complement system (i.e., over- or under-activation) can be harmful and is associated with increased vulnerability to infections and non-infectious diseases, including autoimmune disorders, chronic inflammation, thrombotic microangiopathy, and cancer.There are three distinct pathways of complement, each activated via one or more unique mechanisms:",N/A
"See also ""Risks Relating to Our Industries - Increases in the price of finished goods, raw materials and labor used to manufacture our products could materially increase our costs and decrease our profitability.”Our success depends upon the continued protection of our trade names, trademarks and other intellectual property rights and we may be forced to incur substantial costs to maintain, defend, protect and enforce our intellectual property rights.Our owned intellectual property and certain of our licensed intellectual property have significant value and are instrumental to our ability to market our products.Our most significant trade names are BAMKO® and HPI® within the Branded Products segment, CID Resources within the Healthcare Apparel segment and The Office Gurus® within the Contact Centers segment.Our most significant trademarks, which are critically important to the marketing and operation of Superior's Healthcare Apparel segment, are Fashion Seal Healthcare® and Wink™.",N/A
"Such competitors may be able to respond more quickly and effectively than we can to new or changing opportunities, technologies, standards, customer requirements, or regulatory developments.If we are unable to successfully compete, our growth could slow or decline, which would materially and adversely affect our business, results of operations, financial condition, and future prospects.We currently generate significant net revenue from a small number of customers, including our largest customer, Block, and the loss of any of these significant relationships or decline in net revenue from these customers, including as a result of renewals on less favorable terms, could adversely affect our business, results of operations, financial condition, and future prospects.A small number of customers account for a large percentage of our net revenue.As discussed further in the section titled “Management's Discussion and Analysis of Financial Condition and Results of Operations,” for the years ended December 31, 2023, 2022, and 2021, Block accounted for 68%, 71%, and 69% of our net revenue, respectively.",N/A
"If the credit quality of our customer base or their debt service behavior materially decreases, if the risk profile of a market, industry or group of customers declines or weakness in the real estate markets and other economics were to arise, or if our allowance for credit losses on loans is not adequate, our business, financial condition, including our liquidity and capital, and results of operations could be materially adversely affected.In addition, bank regulatory agencies periodically review our allowance and may require an increase in the provision for credit losses or the recognition of loan charge-offs, based on judgments different than those of management.If charge-offs in future periods exceed the allowance for credit losses on loans, we will need additional provisions to increase the allowance, 16 which would result in a decrease in net income and capital, and could have a material adverse effect on our financial condition and results of operations.We must effectively manage our interest rate risk.The impact of changing interest rates on our results is difficult to predict and changes in interest rates may impact our performance in ways we cannot predict.",N/A
"We are an emerging business and are in the process of developing our products and services.We have been in business since July 2015.Although our continuing business processed gross billings of over $39.0 million and $52.2 million for Fiscal 2023, and Fiscal 2022, respectively, it is still difficult, if not impossible, to forecast our future results based upon our limited historical operating data.Because of the related uncertainties, we may be hindered in our ability to anticipate and timely adapt to increases or decreases in sales, revenues or expenses.If we make poor budgetary decisions as a result of unreliable data, our gross billings in the future may decline, which may result in a decline in our stock price.",N/A
"NPRC also purchases loans originated by certain consumer loan facilitators.It purchases each loan in its entirety (i.e., a “whole loan”).The borrowers are consumers, and the loans are typically serviced by the 2 facilitators of the loans.Historically, this overall investment strategy has comprised approximately 10%-20% of our business.• Investing in Structured Credit -",N/A
"Our novel and differentiated RNS System is the first and only commercially available, brain-responsive neuromodulation system that delivers personalized, real-time treatment at the seizure source.By continuously monitoring and analyzing the brain's electrical activity, recognizing patient-specific abnormal electrical patterns, and responding in real time with imperceptible electrical pulses to prevent seizures, our RNS System is programmed by clinicians to deliver the precise amount of therapy when and where it is needed and provides exceptional clinical outcomes with approximately three minutes of stimulation on average per day.Our RNS System is also the only commercially available device that records continuous brain activity data and allows clinicians to monitor patients not only in person, but also remotely, providing them the data they need to make more informed treatment decisions, thus optimizing patient care.We believe the therapeutic advantages of our RNS System, combined with the insights obtained from our extensive brain data set, offer a significant leap forward in epilepsy treatment.As of December 31, 2023, over 5,000 patients have received our RNS System.",N/A
"We have taken certain preemptive measures  that we believe will mitigate these adverse effects; however, such measures cannot prevent the disruption that a catastrophic  drought, wildfire, tornado or other severe weather event could cause to the markets that we serve and any resulting adverse  impact on our customers, such as hindering our borrowers' ability to timely repay their loans, diminishing the value of any  collateral held by us, interrupting supply chains, causing significant property damage, causing us to incur additional expense  or resulting in a loss of revenue, and affecting the stability of our deposit base.The severity and impact of future droughts,  wildfires, floods, tornadoes and other weather-related events are difficult to predict and may be exacerbated by global climate  change.Such events may also cause reductions in regional and local economic activity that may have an adverse effect on  our customers, which could limit our ability to raise and invest capital in these areas and communities, each of which could  have a material adverse effect on our financial condition and results of operations.Climate change may worsen the frequency and severity of future droughts, wildfires, floods, tornadoes and other extreme  weather-related events that could cause disruption to our business and operations.Chronic results of climate change such as  shifting weather patterns could also cause disruption to our business and operations.",N/A
"Geopolitical tensions may affect our earnings.Adverse economic conditions may result from a variety of  factors including domestic and global economic and political developments, including civil unrest, terrorism, foreign  investment restrictions, or military action, such as the armed conflict between Ukraine and Russia and corresponding sanctions  imposed by the United States and other countries or the conflict in Israel and the surrounding areas, and new or evolving legal  and regulatory requirements on business investment, hiring, migration, labor supply and global supply chains.We are subject to higher lending risks with respect to our commercial and agricultural banking activities which could  adversely affect our financial condition and results of operations.Our loans include commercial and agricultural loans, which  include loans secured by real estate as well as loans secured by personal property.Commercial real estate lending, including  agricultural loans, typically involves higher loan principal amounts and the repayment of these loans is generally largely  dependent on the successful operation of the property or the business conducted on the property securing the loan.",N/A
"They may also devote greater resources to the development, promotion and sale of their products than we do, and in certain cases may be able to  include or combine their competitive products or technologies with other of their products or technologies in a manner whereby the competitive  functionality is available at lower cost or free of charge within the larger offering.To the extent they do so, penetration of our products, and therefore our  revenue, may be adversely affected.Our large competitors may also have greater access to data, including customer data, which provides them with a  competitive advantage in developing new products and technologies.Our success depends substantially upon our ability to enhance our products and  technologies, to develop and introduce, on a timely and cost-effective basis, new products and features that meet changing customer requirements and  incorporate technological enhancements, and to maintain  15our alignment with the OEMs, their technology and market strategies.",N/A
"The  aggregate gross proceeds to us from the concurrent private placement were approximately $13.5 million.The concurrent private placement also closed in  August 2020.In July 2021, we completed a follow-on offering of our common stock and an additional private placement transaction with Vertex resulting,  in the aggregate, in net proceeds of approximately, $243.1 million.In August 2022, we completed a PIPE offering of our common stock and pre-funded  warrants resulting in gross proceeds of $150.0 million.In January 2024, we completed a follow-on offering of our common stock and pre-funded warrants  resulting in gross proceeds of $316.2 million before deducting underwriting discounts and commissions and estimated offering expenses.",N/A
"We are subject to  USEPA regulations under the Federal Safe Drinking Water Act and under the Federal Clean Water Act regardingRegulations under the Safe Drinking Water Act include the Lead and Copper Rule, the  maximum contaminant levels established for various volatile organic compounds, the Federal Surface Water  Treatment Rule and the Total Coliform Rule.There are also similar NJDEP regulations for our New Jersey water  systems.The NJDEP and DEDPH monitor our activities and review the results of water quality tests we perform  for adherence to applicable regulations.In addition, Government Environmental Regulatory Agencies are  continually reviewing regulations governing the limits of certain organic compounds found in the water as  byproducts of treatment.",N/A
"We will require additional capital in order to continue our operations and may have difficulty raising additional capital.We expect that we will continue to generate operating losses for the foreseeable future.As of December 31, 2023, our consolidated cash balance was approximately $9.6 million.We believe our cash balance as of December 31, 2023, in combination with the funds generated by the warrants exercised by investors in January 2024 (see Note 13 to our audited financial statements in Item 8 of this 10-K) is adequate to fund our basic budgeted operations into the fourth quarter of 2024.During the third quarter ended September 30, 2023, the Company completed a private placement with certain institutional investors expected to result in gross proceeds of up to $102.9 million, including gross proceeds of $24.5 million which the Company received at closing.",N/A
"As competition for suitable land increases, the cost of undeveloped lots and the cost of developing owned land could also rise and the availability of suitable land at 12 Table of Contents acceptable prices may decline, which could adversely impact us.The availability of suitable land assets could also affect the success of our land acquisition strategy, which may impact our ability to maintain or increase the number of our active communities, as well as to sustain and grow our revenues and margins, and achieve or maintain profitability.Additionally, developing undeveloped land is capital intensive and time consuming and we may develop land based upon forecasts and assumptions that prove to be inaccurate, resulting in projects that are not economically viable.In recent years, it has become more difficult to acquire finished lots in attractive locations and therefore we have been acquiring more undeveloped land that we need to develop as compared to finished lots.This shift in our land procurement has resulted in longer lead time between when we acquire the land and when we can start construction of a home on the land and thus a longer time that these land assets are on our balance sheet.",N/A
"Additionally, new  technology may render our products and services obsolete.The success of our business model depends on the broad acceptance of our technologies into markets  that are continuing to develop as a result of the increasing focus on food safety and assurance.We are currently benefiting from a slow but growing movement among the agriculture, livestock and food  industries to source and/or age verify products, and bundle with other marketing claims such as non- genetically modified foods and beverages.This emerging trend is fueled in part by consumers' focus on  food safety and assurance.However, we can offer no assurances that there will be market acceptance of our  technologies.",N/A
"We and our suppliers are subject to extensive regulation by the FDA and other regulatory agencies both inside and outside of the U.S. The FDA, and  other regulatory agencies, audit compliance with some of these regulations.If significant non-compliance issues arise or if a corrective action plan is not  sufficient, the manufacture or sale of our products may be limited until such problems are corrected to the regulatory body's satisfaction, which could have a  material adverse effect on our business, financial condition and results of operations.Further, our products could be subject to recall if the regulatory body  determines, for any reason, that our products are not safe or effective.Any recall or additional regulatory approval or clearance requirements could result in  delays, costs associated with modification of a product, loss of revenue and potential operating restrictions imposed by the regulatory body, all of which could  have a material adverse effect on our business, financial condition and results of operations.Demand for our products, and prices at which customers and patients are willing to pay for our products depend upon the ability of our customers to obtain  adequate third-party coverage and reimbursement product purchases.",N/A
"AquaPur Desktop Water PurifierDaily care products designed to cleanse and protect the body and promote personal hygiene.Oral care, hair care, and body careWe continuously source unique, proprietary and immediate impact products to offer to our members and customers.Our product development is an ongoing process that is fueled by marketplace trends, new technologies and scientific findings, members' input, research and vendor proposals.",N/A
"Our affiliate fee and  advertising revenues also may be adversely affected by consumers' use of antennas (and their integration with  set-top boxes or other consumer devices) to access broadcast signals to avoid subscriptions.To remain competitive in this evolving environment, the Company must effectively anticipate and adapt to  new market changes.The Company continues to focus on investing in and expanding its digital distribution  offerings and direct engagement with consumers, including through Tubi, FOX Nation, FOX Weather and other  offerings.However, if the Company fails to protect and exploit the value of its content while responding to, and  developing new technology and business models to take advantage of, technological developments and  consumer preferences, it could have a significant adverse effect on the Company's business, financial condition  or results of operations.Declines in advertising expenditures could cause the Company's revenues and operating results to  decline significantly in any given period or in specific markets.",N/A
● the level of consumer demand;● the price and availability of alternative fuels;● the availability of pipeline capacity;● domestic and foreign governmental regulations and taxes; and● the overall economic environment.,N/A
"Achieving success in drug development will require us or our current or future collaborators to be effective in a range of challenging activities, including completing preclinical testing and clinical trials of product candidates, obtaining regulatory approval for these product candidates and manufacturing, marketing, and selling any products for which we or they may obtain regulatory approval.We are only in the early stages of most of these activities, and none of our current drug discovery collaborators have completed clinical development of any product candidate.We and they may never succeed in these activities and, even if we do, we may never generate revenues that are significant enough to achieve and sustain profitability, or even if our collaborators do, we may not receive option fees, milestone payments, or royalties from them that are significant enough for us to achieve and sustain profitability.Because of the intense competition in the market for our software solutions and the numerous risks and uncertainties associated with biopharmaceutical product development, we are unable to accurately predict when, or if, we will be able to achieve or sustain profitability.Even if we achieve profitability, we may not be able to sustain or increase profitability on a quarterly or annual basis.",N/A
"We will require additional capital to support business growth, and this capital might not be available on commercially reasonable terms, or at all.We may not be able to realize the anticipated benefits of our agreement with Aston Martin.If we identify material weaknesses or otherwise fail to maintain an effective system of internal control over financial reporting, we may not be able to accurately or timely report our financial condition or results of operations, which may adversely affect investor confidence in us and the value of our common stock.We are a “controlled company” within the meaning of the applicable rules of Nasdaq and, as a result, qualify for exemptions from certain corporate governance requirements.Our stockholders do not have the same protections afforded to stockholders of companies that are not controlled companies.",N/A
"Further, risk mitigation techniques and the judgments that accompany their application  cannot anticipate every economic and financial outcome or the specific circumstances and timing of such outcomes,  which may result in the Bank or any of its business lines incurring unexpected losses.We are subject to credit risk in connection with our lending and leasing activities, and our financial condition and  results of operations may be negatively impacted by factors that adversely affect our borrowers.We, through the Bank and its business lines, originate various types of loans and leases, and our financial condition  and results of operations are affected by the ability of borrowers to repay their loans or leases in a timely manner.Borrowers may be unable to repay their loans due to various factors, some of which are outside of their control.Similarly, borrowers under our commercial loans and related financing products (typically, small- to medium-sized  businesses) may be more susceptible to even mild or moderate economic declines than larger commercial  borrowers, which may subject the Bank and, ultimately, us, to a higher risk of loan loss.",N/A
"If dealership closures and consolidations occur in the future, our business and financial results would be materially and adversely affected.If we fail to maintain or increase the number of dealers that pay subscription fees to us, or fail to maintain or increase the fees paid to us for subscriptions, our business and financial results would be materially and adversely affected.If paying dealers do not receive the volume of consumer connections that they expect during their subscription period, do not experience the level of car sales they expect from those connections, or fail to attribute consumer connections or sales to our platform, they may terminate their subscriptions prior to the commencement of the applicable renewal term.If we fail to maintain or increase the number of paying dealers or fail to maintain or increase the level of fees that we receive from them, our business and financial results would be materially and adversely affected.We allow dealers to list their inventory in our marketplaces for free; however, we impose certain limitations on such free listings.",N/A
"The Adviser's services under the Investment Management Agreement are not exclusive, and it does furnish similar services to other entities and funds.In addition,  subject to compliance with the requirements of the 1940 Act, the Adviser is authorized to enter into one or more sub-advisory agreements with other investment advisors (each a  “Sub-Advisor”), including for purposes of recommending specific securities or other investments based upon our investment objectives and policies, and working, along with  the Adviser, in structuring, negotiating, arranging or effecting the acquisition or disposition of our investments and monitoring our investments.Under the terms of the  Investment Management Agreement, the Adviser, and not us, will be responsible for any compensation payable to any Sub-Advisor.About the Investment Process of the Adviser   The Adviser's principal investment portfolio managers are Daniel Penberthy and Scott Barfield, who collectively manage the Adviser on a day-to-day basis.All  decisions to acquire or dispose of assets on our behalf are made by the Adviser's Investment Committee.",N/A
