Risky Sentences,T/F
"We have developed a culture of customer advocacy and celebrate and reward our team members for providing excellent service that helps our customers achieve their goal of homeownership and manage what is for many of them their largest financial asset.Additionally, we have invested significantly in technology solutions to improve the customer experience.For each loan we service or subservice, we utilize a customer-centric model designed to increase borrower performance and to decrease borrower delinquencies.Keys to this model include frequent borrower interactions and utilization of multiple loss mitigation strategies, particularly in the early stages of default.We train our customer service representatives to find solutions that work for homeowners when circumstances allow.",N/A
"No assurance can be made that we will continue to be successful in attracting and retaining skilled personnel or in integrating any new personnel into our organization or that the independent contractors whom we engage to assist in providing these services will continue to be 11 Table of Contents successful in attracting and retaining skilled personnel or in integrating any new personnel into their respective organizations.Our business is highly competitive, and we cannot assure you that we will maintain our current market share.Many companies compete in our different businesses and offer products that are similar to our products or are direct competitors to our products.We face strong competition from these and other companies engaged in the agricultural product business.Important factors with respect to our competitors include the following: • Some of our competitors may have greater operating flexibility and, in certain cases, this may permit them to respond better or more quickly to changes in the industry.",N/A
"• Technology failures and cyber attacks, including, but not  limited to, ransomware, exploitation in software or code  with malicious intent, state-sponsored cyber attacks, as  well as vulnerabilities relating to new technologies, such as  generative AI, may impact us or our business partners and  service providers, causing a disruption in service and  operations which could materially and negatively impact  our business and/or expose us to litigation.• Cyber incidents or data breaches caused by bad actors or  unintentional human error impacting data, including  personal data, we maintain or use during our business  operations may result in regulatory fines or action,  reputation damage and a disruption in our business  operations.• Changes in criteria used by rating agencies which may  result in a downgrade in our ratings, our inability to obtain  a rating or a change in capital allocation or requirements  for our operating insurance and reinsurance subsidiaries  may adversely affect our relationships with clients and  brokers and negatively impact sales of our products.Our ability to execute our business strategy successfully,  continue to grow and innovate and offer our employees a  dynamic and supportive workplace depends on the  recruitment, retention and promotion of talented, agile,  diverse and resilient employees at all levels of our  organization.Our success will depend on our ability to maintain and  enhance effective operating procedures and internal  controls and our ERM program.",N/A
"This population includes people with a clinical diagnosis of mild cognitive impairment, or MCI, or mild dementia due to AD who are also amyloid positive based on either imaging studies or cerebrospinal fluid biochemical analyses.The term “mild cognitive impairment or mild dementia due to AD” has also been used and is accepted by regulators as inclusion/exclusion criteria in clinical trials.While epidemiologic studies of this population are evolving, approximately 4-5 million people in the United States are likely to have early AD who also exhibit amyloid pathology associated with AD.In our nonclinical studies, we observed that sabirnetug has over 500-fold greater selectivity for targeting AßOs over Aß monomers and 87-fold selectivity for targeting AßOs over Aß fibrils.In immunohistochemical studies of human AD brain tissue, sabirnetug appears to have limited or no binding to amyloid plaques.",N/A
"FABP5 is believed to specifically target and regulate one of the body's endogenous cannabinoids, anandamide (“AEA”).While searching for a FABP5 inhibitor to regulate AEA, researchers at SBU discovered the chemistry for creating a large library of compounds which we believe to be highly specific and potent small molecule inhibitors of FABP5 and other isoforms.In addition to its potential as a synthetic endocannabinoid modulator with development targeting pain, inflammation, dermatologic conditions such as psoriasis and atopic dermatitis, FABP5 is understood to play an important role in lipid signaling and is believed to be an attractive strategy for cancer drug development.Large amounts of human biomarker and animal model data support FABP5 as an oncology target, including triple negative breast cancer, ovarian cancer, cervical cancer, and castration-resistant prostate cancer.We licensed exclusive world-wide rights to these inhibitors from SBU in all fields.",N/A
"The global market for the treatment of cataracts is characterized by large patient populations with increases driven by  the aging population and the availability of new technologies, such as laser-assisted systems and an influx of new,  innovative intraocular lenses, or IOLs, which can improve visual outcomes post-operatively.Cataract surgery is one  of the highest volume surgical procedures in the world, and according to the American Academy of Ophthalmology,  or AAO, the most common procedure performed by the ophthalmic surgeon.According to the 2023 Cataract Surgical  Equipment Market Report, global estimated cataract surgery and refractive lens exchange surgical procedures (cataract  surgery) are expected to grow from 30.8 million in 2023 to 37.2 million in 2028.In the United States, cataract surgery  is expected to increase from almost 4.9 million procedures in 2023 to approximately 5.8 million in 2028.By contrast,  worldwide laser-assisted cataract surgery is expected to grow from just over 1 million procedures in 2023 to an  estimated 1.4 million procedures in 2028.",N/A
"In addition, excess and obsolete inventory losses as a result of customer order changes, cancellations, product changes and contract termination could have an adverse effect on our operations.We recognize reserves in accordance with United States Generally Accepted Accounting Principles (""GAAP”) for exposures related to the estimated impact from these possibilities.We depend heavily on our people and may from time to time have difficulty attracting and retaining skilled employees and the cost of labor may continue to increase.Our operations depend upon the continued contributions of our key management, marketing, technical, financial, accounting, product development engineers, salespeople and operations personnel.We also believe that our continued success will depend upon our ability to attract, retain and develop highly skilled managerial and technical resources and direct labor resources within our highly competitive industries.",N/A
"The intellectual property portfolios for our most advanced product candidates (praliciguat and olinciguat) are summarized below.Praliciguat Patent PortfolioOur praliciguat patent portfolio includes 13 U.S. issued patents, five pending U.S. patent applications, and numerous patents and pending patent  applications in foreign jurisdiction.One of the U.S. patents, US 9,481,689, which will expire in 2034, is directed to praliciguat and pharmaceutical compositions thereof.The term of  this U.S. patent may be eligible for patent term extension as described below.",N/A
"This focus is demonstrated by recent  regulatory enforcement actions against other banks that have allegedly not adequately addressed these concerns while growing their  BaaS offerings.We could be subject to additional regulatory scrutiny with respect to that portion of our business that could have a  material adverse effect on the business, financial condition, results of operations and growth prospects of the Company.Furthermore, while a financial institution can benefit from a fintech's products and technology to reach new customers and previously  underserved communities, the financial institution bears ultimate accountability for its partners' compliance and risk management,  including with respect to penalties, fines, and other measures that bank regulatory agencies take in the event of non-compliant activity  or risks that are not well controlled.In addition, end customers of fintech may not conduct deposit activity in the same manner as other  customers or the fintech itself.In recognition of this risk, in February 2023, the bank regulatory agencies issued joint guidance on  liquidity risks related to crypto-asset-related entities, including guidance that financial institutions should actively monitor the liquidity  risks inherent in such funding sources and establish and maintain effective risk management and controls commensurate with the level  of liquidity risks from such funding sources.",N/A
"If our approach is unsuccessful, our business will suffer.In order to execute on our strategy of advancing the clinical development of our product candidates, we have designed our clinical trials, and expect to design future clinical trials of our product candidates, to include patients who harbor a particular attribute such as a particular genetic alteration, tumor histology or expression level that we believe contribute to or are associated with particular cancer subsets.Our goal in doing this is to enroll patients who have the highest probability of responding to our product candidate and in our Phase 1 and/or proof-of-concept Phase 2 clinical trials, to show early and statistically significant evidence of clinical efficacy.Potential molecular biomarkers we have identified in retrospective analyses of data from clinical trials of ziftomenib or tipifarnib in certain cancer indications may not be prospectively validated as biomarkers of ziftomenib or tipifarnib activity in future clinical trials that we may conduct in these indications.If we are unable to identify molecular or genetic alterations, or biomarkers, that are predictive of response to our product candidates, or we are unable to include patients who harbor the applicable genetic alterations or expression levels in our clinical trials, or if our product candidates fail to work as we expect, our ability to assess the therapeutic effect, seek participation in FDA expedited review and approval programs, including Breakthrough Therapy Designation, Fast Track Designation, Priority Review and Accelerated Approval, or otherwise to seek to accelerate clinical development and regulatory timelines, could be compromised, resulting in longer development times, larger clinical trials and a reduced likelihood of obtaining regulatory approval.",N/A
"Decreased sales of our customers' products incorporating our technology or materials  would have an adverse effect on our royalty revenues under existing licenses and material sales under our existing sales agreements.Were this to occur, it would likely harm our ability to (i) obtain new licensees which would have an adverse effect on the terms of the  royalty arrangements we could enter into with any new licensees, and (ii) sell our UniversalPHOLED® materials to existing and new  customers.Moreover, to the extent any third party claims are directed specifically to materials supplied by us to our customers, we may  be required to incur significant costs associated with the defense of such claims and potential damages associated with such claims that  may be awarded against our customers.As is commonplace in technology companies, we employ individuals who were previously employed at other technology  companies.To the extent our employees are involved in research areas that are similar to those areas in which they were involved at  their former employers, we may be subject to claims that such employees or we have, inadvertently or otherwise, used or disclosed the  alleged trade secrets or other proprietary information of the former employers.",N/A
"We also fully enrolled a formulation bridging and titration optimization study to evaluate capsule versus tablet PK and explore different titration regimens of GSBR-1290.We expect to report topline results from this study in the latter half of the second quarter of 2024, in preparation for the global Phase 2b study for obesity which we expect to initiate in the second half of 2024.A Phase 2 study in T2DM is also planned for the fourth quarter of 2024.A number of GPCR properties contribute to its importance as a drug target class, including interaction with a diverse set of signaling molecules, involvement in a vast array of physiological and pathological processes, and cell surface expression that enables extracellular drug binding.As such, GPCRs have emerged as the largest family of targets for approved drugs, have provided significant benefit to patients and have achieved blockbuster sales in a number of therapeutic indications, including diabetes (Victoza), bipolar disorders (Abilify, Seroquel), asthma (Singulair), hypertension (Diovan, Lopressor), and cardiovascular disease (Plavix).",N/A
"Historically, our primary sources of day-to-day liquidity have been our warehouse credit facilities, in which we sell and contribute automobile contracts, as often as twice a week, to special-purpose subsidiaries, where they are “warehoused” until they are financed on a long-term basis through the issuance and sale of asset-backed notes.Upon sale of the notes, funds advanced under one or more warehouse credit facilities are repaid from the proceeds.Our current short-term funding capacity is $400 million, comprising two credit facilities, each with a maximum credit limit of $200 million.Both warehouse credit facilities have a revolving period during which we may receive advances secured by contributed automobile contracts, followed by an amortization period during which no further advances may be made, but prior to which outstanding advances are due and payable.See “Management's Discussion and Analysis of Financial Condition and Results of Operations – Liquidity and Capital Resources – Liquidity”.",N/A
"We could be delisted from Nasdaq, which would seriously harm the liquidity of our stock and our ability to raise capital.Nasdaq requires listing issuers to comply with certain standards in order to remain listed on its exchange.If, for any reason, Nasdaq should delist our securities from trading on its exchange and we are unable to obtain listing on another reputable national securities exchange, a reduction in some or all of the following may occur, each of which could materially adversely affect our stockholders.26 Table of Contents On September 5, 2023, we were notified (the Notice) by Nasdaq Stock Market, LLC (Nasdaq) that on September 1, 2023, the average closing price of our common stock over the prior 30 consecutive trading days had fallen below $1.00 per share, which is the minimum average closing price required to maintain listing on Nasdaq under Nasdaq Listing Rule 5550(a)(2) (the Minimum Bid Requirement).Nasdaq's notice had no immediate effect on the listing or trading of our common stock.",N/A
"which could adversely affect the liquidity of our Class A common stock and cause the market price of our Class A common stock to decrease.If we are unable to adequately address these and other risks we face, our business may be harmed.5 Table of Contents PART I Item 1. Business Overview Allbirds is a global lifestyle brand that innovates with sustainable materials to make better footwear and apparel products in a better way, while treading lighter on our planet.We began our journey in 2015 with three fundamental beliefs about the emerging generation of consumers: first, these consumers recognize that climate change is an existential threat to the human race; second, these consumers connect their purchase decisions with their impact on the planet, demanding more from businesses; and third, these consumers do not want to compromise between looking good, feeling good, and doing good.We became a public benefit corporation, or PBC, under Delaware law and earned our B Corporation, or B Corp, certification in 2016, codifying how we take into account the impact our actions have on all of our stakeholders, including the environment, our flock of employees, communities, consumers, and investors.",N/A
"This allows us to generate a projected image pixel-by-pixel for use in lidar sensing and display.Scanning modules with our technology can be designed to operate in one of three different modes: lidar sensing only, display and lidar sensing combined, and display only.We believe that our proprietary technology offers significant advantages over other lidar sensing systems and traditional displays.Early applications of our proprietary technology included heads up displays for the U.S. military and automotive systems.The contemplated uses of our technology require incorporation of our components into the products of other companies or partners.",N/A
"We invest effort and money seeking OEMs' validation of our technology, and there can be no assurance that we will win or be able to renew service  contracts, which could adversely affect our future business, results of operations and financial condition.We invest effort and money from the time an OEM or a tier 1 supplier begins designing for an upcoming program to the date on which the customer  chooses our technology to be incorporated directly or indirectly into one or more specific vehicle models to be produced by the customer.This selection  process is known as a “design win.”We could expend our resources without success, and in the past we have not always been selected despite the  investment of effort and money.After a design win, it is typically quite difficult for a product or technology that did not receive the design win to displace  the winner until the customer begins a new selection process because it is very unlikely that a customer will change complex technology until a vehicle  model is revamped.",N/A
"If we fail to adequately protect our proprietary rights, our competitive position could be impaired and we may lose  valuable assets, experience reduced revenue and incur costly litigation to protect our rights.We may be subject to additional obligations to collect and remit sales tax and other taxes, and we may be subject to tax  liability, interest and/or penalties for past sales, which could adversely harm our business.-17- • The amount of and ultimate realization of the benefits from the net operating loss carryforwards for income tax  purposes is dependent, in part, upon future events, the effects of which cannot be determined; if we are not able to use  a significant portion of our net operating loss carryforwards, our profitability could be adversely affected.We are a multinational organization, and we could be obligated to pay additional taxes in various jurisdictions.Our reputation and/or business could be negatively impacted by ESG matters and/or our reporting of such matters.",N/A
"If we are unable to obtain funds when needed or on acceptable terms, we may be required to curtail our current product development programs, cut operating costs, forego future development and other opportunities or even terminate our operations.Our forecast of the period of time through which our financial resources will be adequate to support our operating requirements is a forward- looking statement and involves risks and uncertainties, and actual results could vary as a result of a number of factors, including the factors discussed elsewhere in this “Risk Factors” section.We have based this estimate on a number of assumptions that may prove to be wrong and changing circumstances beyond our control may cause us to consume capital more rapidly than we currently anticipate.Our inability to obtain additional funding when we need it could seriously harm our business.We intend to discontinue the production of our memory products.",N/A
"We believe that the success of our business depends more on proprietary technology, information and processes, and know-how than on our patents or trademarks.Much of our proprietary information and technology related to manufacturing processes is not patented and may not be patentable.We cannot offer assurance that:• we will be able to adequately protect our technology; • competitors will not independently develop similar technology; • international intellectual property laws will adequately protect our intellectual property rights.We may become the subject of infringement claims or legal proceedings by third parties with respect to current or future products or processes.",N/A
"In addition, there might be licensor or consumer expectations that certain toy products contain music or musical elements related to the original entertainment.Those music rights must be separately acquired at additional expense, and as a result can adversely affect our profitability and competitiveness at retail.● A limited number of licensors account for a large portion of our net sales.We derive a significant portion of our net sales from a limited number of licensors.If one or more of these licensors were to terminate or fail to renew our licenses or not grant us new licenses, our business, results of operations and financial condition could be adversely affected.",N/A
Risks Related to RIC Tax Treatment •We will be subject to U.S. federal income tax at corporate rates if we are unable to qualify as a RIC.We may have difficulty paying our required distributions if we recognize income before or without receiving cash representing such income.We may experience fluctuations in our quarterly and annual results.• Government intervention in the credit markets could adversely affect our business.,N/A
"Also in 2023, we continued our focus on cost savings targets through a three- pillar approach.First, through Project Nucleus, we aim to reduce labor and data costs in our cost of goods sold  through re-engineering fulfillment processes and increased automation.Second, we are reducing our facilities costs  by leaning more into our virtual-first approach and reducing our real estate and facilities footprint.Third, we are  focused on continued enhancement of our functional alignment by streamlining our organization to align with the go- to-market structure that we established in 2022.Additionally, as part of our journey of growth and optimization, in  2023, we continued to refine our corporate strategy and our commitment to delivering stockholder value by  executing on the growth opportunities in front of us.",N/A
"However, the net proceeds from these transactions and cash on hand may not be sufficient to complete clinical development of any of our product candidates nor may it be sufficient to commercialize any product candidate.In addition, we completed a modified Dutch auction tender offer for our common shares in February 2020 and June 2023, which consumed $420 million and $14 thousand of our cash resources, respectively.We also distributed $75 million cash dividend to our investors in July 2021.Accordingly, we may require substantial additional capital to continue our clinical development and potential commercialization activities.Our future capital requirements depend on many factors, including but not limited to:",N/A
"The loss of a vendor partner could cause a disruption in the availability of products.Additionally, there is no assurance that as manufacturers continue to or increasingly sell directly to end users and through the distribution channel, that they will not limit or curtail the availability of their products to distributors/resellers like us.For example, resellers and software vendors may attempt to increase the volume of software products distributed electronically through Electronic Software Distribution (“ESD”) technology, through subscription services, and through on-line shopping services, and correspondingly, decrease the volume of products sold through us.Our inability to obtain a sufficient quantity of products, or an allocation of products from a manufacturer in a way that favors one of our competitors, or competing distribution channels, relative to us, could cause us to be unable to fill clients' orders in a timely manner, or at all, which could have a material adverse effect on our business, results of operations and financial condition.We also rely on our vendor partners to provide funds for us to market their products, including through our on-line marketing efforts, and to provide purchasing incentives to us.",N/A
"For example, we, a partner or another group may  uncover one or more previously unknown risks associated with AAV or our NAV Technology Platform, and this may prolong the period of observation  required for obtaining regulatory approval, necessitate additional clinical testing or invalidate our NAV Technology.In addition, the clinical trial requirements of the FDA, the EMA and other regulatory authorities and the criteria these regulators use to determine the  quality, safety and efficacy of a product candidate vary substantially according to the type, complexity, novelty and intended use and market of such  product candidates.The regulatory approval process for novel product candidates such as ours can be significantly more expensive and take longer than for  other, better known or more extensively studied product candidates.Only a few gene therapy products have been approved in the United States, the  European Union or elsewhere.It is difficult to determine how long it will take or how much it will cost to obtain regulatory approvals for our product  candidates in the United States, the European Union or elsewhere, or how long it will take to commercialize our product candidates, if approved.",N/A
"•  Additionally, eight patients were treated for active disease that was resistant to salvage therapy post-HSCT with a median of  five prior lines of therapy (range: four to 10).One of the eight patients crossed over from the adjuvant group, while two patients enrolled twice, but all three patients  had active AML that failed another line of salvage therapy after their first multiTAA-specific T cell infusion.Two of the eight patients achieved objective responses, with one complete response and one partial response, with six  patients continuing with stable disease.We have observed evidence of a patient's natural immune system participating in cancer killing (epitope spreading)  after infusion of our multiTAA-specific T cell therapy.In 2021, the ARTEMIS trial conducted by Marker has completed the safety lead-in portion, which tested the comparability of MT-401  or zedenoleucel, the multiTAA-specific T cell product manufactured using peptides from two different vendors and enrolled six patients  with active disease: one measurable residual disease (MRD) positive patient and five frank relapse patients.",N/A
"The development of a sales  organization to market our Products and product candidates is expensive and time consuming, and we cannot be certain that we will be able to successfully  develop this capacity or that this function will execute as expected.If we are unable to establish and maintain adequate sales, marketing and distribution  capabilities, whether independently or with third parties, we may not be able to generate product revenue and our business and results of operations will  suffer.Our internal sales and marketing organization is not currently structured or staffed to launch products on an international level and, therefore, we may not  be able to successfully commercialize our Products or product candidates outside of the U.S.In order to commercialize our Products or product candidates  in jurisdictions other than the U.S., we would be required to obtain separate marketing approvals and comply with numerous and varying regulatory  requirements in each foreign country.If we decide to seek the assistance of third parties with international expertise to help commercialize our Products or  product candidates outside of the U.S., we may not be successful in finding willing third parties and, even if we are able to find willing third parties, they  might not be able to successfully obtain the approvals and take the steps needed to commercialize our Products or product candidates.",N/A
"• Existing insurance policies may not adequately protect us and our subsidiaries.Risks Related to Our Industry and BusinessOur framework for managing risk, including our underwriting practices, may not prevent future losses.We have established processes and procedures intended to identify, measure, monitor, report, and analyze the types  of risk to which we are subject, including liquidity risk, credit risk, market risk, interest rate risk, operational risk,  legal and compliance risk, and reputational risk, among others.However, as with any risk management framework,  there are inherent limitations to our risk management strategies, as there may exist, or develop in the future, risks  that we have not appropriately anticipated or identified.",N/A
"As an Indiana-chartered commercial bank, First Bank Richmond is subject to regulation by the IDFI and the FDIC.Our principal business consists of attracting deposits from the general public, as well as brokered deposits, and investing those funds primarily in loans secured by commercial and multi-family real estate, first mortgages on owner-occupied, one- to four-family residences, a variety of consumer loans, direct financing leases and commercial and industrial loans.We also obtain funds by utilizing Federal Home Loan Bank (“FHLB”) advances.Funds not invested in loans generally are invested in investment securities, including mortgage-backed and mortgage-related securities and agency and municipal bonds.First Bank Richmond generates commercial, mortgage and consumer loans and leases and receives deposits from customers located primarily in Wayne and Shelby Counties, in Indiana and Shelby, Miami and Franklin (no deposits) Counties, in Ohio.",N/A
"Because of these and other factors, we may experience substantial difficulties in agreeing with FDA and other regulatory authorities on clinical trial design.If our studies are not successful, we be delayed in obtaining marketing approval or may not receive marketing approval at all.For example, our V006 trial did not meet its primary endpoint, which has delayed development of the HAV for the hemodialysis access indication.If we fail to achieve the primary endpoint of our other ongoing or future clinical trials, or if safety issues arise, or the results from our clinical trials are otherwise inadequate to support regulatory approval of our product candidates, we may incur significant additional costs or experience significant delays in completing, or ultimately be unable to complete, the development and commercialization of our product candidates.58 Table of Contents Even if our clinical trials achieve their primary endpoints, the FDA may still determine that such trials do not adequately establish the safety and effectiveness of our products.",N/A
"Revenue recognized from our Bitcoin Mining activities increased from approximately $156.9 million during 2022 to $189.0 million during 2023, representing an increase of approximately 20.5%.The increase was due to an increase in Bitcoin rewards earned as a result of an increase in the number of miners deployed from 88,556 as of December 31, 2022, to 112,944 as of December 31, 2023, partially offset by an increase in the global network hash rate.Table of Contents 11 Factors Affecting Profitability Market Price of Bitcoin Our business is heavily dependent on the spot price of Bitcoin.The prices of cryptocurrencies, including Bitcoin, have experienced substantial volatility, meaning that high or low prices may be based on speculation and incomplete information, subject to rapidly changing investor sentiment, and influenced by factors such as technology, regulatory void or changes, fraudulent actors, manipulation, and media reporting.Bitcoin (as well as other cryptocurrencies) may have value based on various factors, including, but not limited to, their acceptance as a means of exchange by consumers and producers, scarcity, and market demand, all of which are beyond our control.",N/A
"The clinical stage of development involves the administration of the investigational product to healthy volunteers or patients under the supervision  of qualified investigators, generally physicians not employed by or under the trial sponsor's control, in accordance with GCP requirements, which include the  requirement that all research subjects provide their informed consent for their participation in any clinical trial.Clinical trials are conducted under protocols  detailing, among other things, the objectives of the clinical trial, dosing procedures, subject selection and exclusion criteria and the parameters to be used to  monitor subject safety and assess efficacy.Each protocol, and any subsequent amendments to the protocol, must be submitted to the FDA as part of the IND.Furthermore, each clinical trial must be reviewed and approved by an IRB for each institution at which the clinical trial will be conducted to ensure that the risks  to individuals participating in the clinical trials are minimized and are reasonable in relation to anticipated benefits.The IRB also approves the informed consent  form that must be provided to each clinical trial subject or his or her legal representative and must monitor the clinical trial until completed.",N/A
"We cannot guarantee that the regulators will agree with us.As of the date hereof, we have not been involved in any investigations for cybersecurity review made by the CAC, and we have not received any inquiry, notice, warning, or sanctions in such respect.However, the PRC government has recently indicated an intent to exert more oversight and control over offerings that are conducted overseas and/or foreign investment in China-based issuers.The CSRC published the Trial Measures and Listing Guidelines on February 17, 2023, designed to regulate overseas securities offerings  by PRC domestic companies.On February 24, 2023, the CSRC, together with the Ministry of Finance, National Administration of State Secrets Protection and National Archives Administration of China, revised the Provisions on Strengthening Confidentiality and Archives Administration  for Overseas Securities Offering and Listing, which were issued by the CSRC and National Administration of State Secrets Protection and National Archives Administration of China in 2009, or the “Provisions.”",N/A
"The majority of our business depends on a limited number of principal customers.Because we depend on a limited number of customers for a significant portion of our sales, a loss of a small number of these customers could materially adversely affect our business and financial condition.During the twelve months ended January 31, 2024, the Company earned revenues from three customers representing approximately 26%, 11%, and 10% of gross sales.As of January 31, 2024, four customers represented approximately 20%, 15%, 13%, and 10% of total gross outstanding receivables, respectively.During the twelve months ended January 31, 2023, the Company earned revenues from two customers representing approximately 25% and 13% of gross sales.",N/A
"In addition, upon the expiration of our current insurance policies, adequate insurance coverage may not be available at reasonable rates, or at all.We have disaster recovery procedures and business continuity plans in place to address most events of a crisis nature (including hurricanes and other natural disasters) including back up and off-site locations for recovery of electronic and other forms of data and information.However, if we are unable to fully implement our disaster recovery plans, we may experience delays in recovery of data, inability to perform vital functions, tardiness in required reporting and compliance, failures to adequately support shop operations and other breakdowns in normal communication and operating procedures that may have a material adverse effect on our business, results of operations, financial condition and exposure to administrative and other legal claims.Increased commodity, energy and other costs could decrease our shop-level profit margins or cause us to limit or otherwise modify our menus, which could adversely affect our business.Our profitability depends in part on our ability to anticipate and react to changes in the price and availability of food commodities, including among other things beef, poultry, grains, dairy and produce.",N/A
"delays or issues could lead to delays in the completion of a trial and announcement of results or impact the results of our trials.Our ongoing and planned development activities may be negatively impacted by a number of factors.Widespread healthcare and  vendor staffing shortages and increased competition for patients and clinical sites may make it difficult to enroll patients in our clinical trials  and/or identify and activate participating clinical sites for our trials, may cause other delays at clinical trial sites and/or vendors, and may  increase the rates of patients withdrawing from our clinical trials following enrollment.Some clinical sites may decline or delay participation  in our trials due to capacity and resource constraints.These factors may substantially slow clinical site identification and activation and  enrollment in our clinical trials, or cause us to pause trials, which may, in each case, significantly impact our ability to meet our expected  timelines, budgets, or other plans.",N/A
"Our future capital requirements will depend on many factors, including: • the timing, progress and results of our ongoing and future clinical trials of epetraborole and our other product candidates; • the costs, timing and outcome of regulatory review of epetraborole and any of our other product candidates that may complete  clinical development; • the scope, progress, results and costs of identifying, obtaining and conducting preclinical development, laboratory testing and  clinical trials of future product candidates that we may pursue; • the cost and timetable of manufacturing processes for development, clinical trials and potential commercial use; • the number and development requirements of future product candidates that we may pursue; • the amount of funding that we receive under our non-dilutive funding opportunities, including government awards that we may  apply for; • the costs and timing of future commercialization activities, including product manufacturing, marketing, sales and distribution, for  epetraborole and any other product candidates that receive regulatory approval, if any; • the pricing and revenue, if any, received from commercial sales of epetraborole or any other product candidates that receive  regulatory approval; • the costs and timing of preparing, filing and prosecuting patent applications, maintaining and enforcing our intellectual property  rights, and defending any intellectual property-related claims; • the costs of operating as a public company; and • the extent to which we acquire or in-license other product candidates and technologies.Identifying potential product candidates and conducting preclinical testing and clinical trials is a time-consuming, expensive and  uncertain process that takes years to complete, and we may never generate the necessary data or results required to obtain regulatory  approval and achieve product sales.In addition, epetraborole and any of our other product candidates, if approved, may not achieve  commercial success.Our commercial revenues, if any, will be derived from sales of drugs that we do not expect to be commercially available  for several years, if at all.Accordingly, we will need to continue to rely on additional financing to achieve our business objectives.",N/A
"Our failure to improve our systems, processes, and controls, or their failure to operate in  the intended manner, may result in our inability to manage the growth of our business and to forecast our revenue, expenses, and earnings accurately, or to  prevent losses.As we expand our business and continue operating as a public company, we may find it difficult to maintain our corporate culture while managing our  employee growth.Any failure to manage our anticipated growth and related organizational changes in a manner that preserves our culture could negatively  impact future growth and achievement of our business objectives.Additionally, our productivity and the quality of our products may be adversely affected if we  do not integrate and train our new employees quickly and effectively.Failure to manage any future growth effectively could result in increased costs, negatively  affect our customers' satisfaction with our products and harm our results of operations.",N/A
"We currently do not have any commitments to secure additional financing at this time and do not have any commitments to acquire any other businesses or assets.Our long-term future growth and success, including implementation of our growth initiatives, as described above, are dependent not only upon our ability to generate cash from operating activities but also our ability to raise additional capital.Nevertheless, there is no assurance that we will be able to generate sufficient cash from operations, to borrow additional funds or to raise additional equity capital.Our inability to obtain additional cash through any of these avenues could have a material adverse effect on our ability to fully implement our business plan as described herein and grow our business.We maintained limited self-insurance for the workers' compensation services that we provide to our clients.",N/A
"The homebuilding industry is highly competitive and, our competitors may be more successful or offer better value to customers.Our geographic concentration could adversely affect us if the homebuilding industry in our current markets experiences a decline.• Tightening of mortgage lending standards and mortgage financing requirements and rising interest rates have adversely affected and could continue to affect the availability of mortgage loans for potential purchasers of our homes, and increases in property and other local taxes could prevent customers from purchasing homes.Any limitation on, or reduction or elimination of, tax benefits associated with homeownership could adversely affect us.Our quarterly operating results fluctuate due to the seasonal nature of our business.",N/A
"To date, the vast majority of our revenue has been generated from sales of our OviTex products, and we therefore are highly dependent on the commercial success of the OviTex product line.Sales of our OviTex products accounted for 67%, 70% and 78% of total revenue for the years ended December 31, 2023, 2022 and 2021, respectively.We first commercialized OviTex products in the U.S. in 2016 and have subsequently launched our OviTex products in Europe, introduced our larger sized OviTex products, our OviTex LPR product for use in laparoscopic and robotic-assisted hernia surgical repairs and larger configurations of our LPR product.In addition to our OviTex products, we have also commercialized our OviTex PRS products for use in surgery for soft-tissue repair or reinforcement in plastic and reconstructive procedures and most recently the LiquiFix Hernia Mesh Fixation Devices (LiquiFix FIX8™ and LiquiFix Precision™) pursuant to our distribution agreement with Advanced Medical Solutions Limited.While we continue to diversify our portfolio and revenue sources, we expect that sales of our OviTex products and our OviTex PRS products will account for the majority of our revenue for the foreseeable future while we continue to grow market share for our OviTex PRS products and other ancillary products that we may develop or distribute from time to time.",N/A
"Alternatively, we may decide that it is in our interest to settle a litigation in a manner that affects the term or enforceability of our patent.Risks related to our common stock: •The price of our common stock may be volatile and fluctuate substantially.For a more complete discussion of the material risks facing our business, see below.Risks related to the commercialization of COSELA",N/A
"Integration of our respective operations, including information technology and financial and administrative functions, may not proceed as anticipated and could result in unanticipated costs or expenses such as capital expenditures that could have an adverse effect on our future operating results.We cannot provide any assurance that we will achieve our business and financial objectives in connection with these acquisitions or our strategic decision to expand our operations internationally.For example, although we continue to operate a technology and operations center in India for administrative support, we decided to suspend our salvage operations in India in fiscal 2018, until the Indian market develops in a manner better suited to our business model, which did not have a material effect on our consolidated results of operations and financial position.As we continue to expand our business internationally, we will need to develop policies and procedures to manage our business on a global scale.Operationally, acquired businesses typically depend on key seller relationships, and our failure to maintain those relationships would have an adverse effect on our consolidated results of operations and could have an adverse effect on our future operating results.",N/A
"The Brightcove Approach We distill our approach into the following focus areas: • Commitment to Innovation and Customer Success.We continually invest in research and development to deliver  cutting-edge technology, improve our platform and expand the use-cases we cover for customers.By staying at the  forefront of the ever-evolving streaming industry, we empower our customers to effectively engage their target  audiences with streaming technology and services to achieve their business goals.This commitment is evidenced by  Brightcove receiving, in 2023, our tenth Support Staff Excellence award from the Technology & Services Industry  Association.As we look toward the future, our focus is on driving innovation and exceeding customer expectations  while increasing our own business model flexibility and revenue opportunities.",N/A
"If we are unable to continue as a going concern, we might have to liquidate our  assets and the values we receive for our assets in liquidation or dissolution could be significantly lower than the  values reflected in our financial statements.The inclusion of the going concern explanatory paragraph by our  auditors, our lack of cash resources and our potential inability to continue as a going concern may materially  adversely affect our business, share price, and our ability to raise new capital or to enter into critical contractual  relations with third parties due to concerns about our ability to meet our contractual obligations.Our ability to raise additional funds may also be adversely impacted by potential worsening global economic  conditions and the disruptions to, and volatility in, the credit and financial markets in the United States and  worldwide resulting from the COVID-19 pandemic, economic slowdown, higher inflation, increased interest rates,  supply chain issues, diminished liquidity and credit availability, declines in consumer confidence, declines in  economic growth, increases in unemployment rates, and uncertainty about economic stability.If the equity and  credit markets deteriorate, it may make any necessary debt or equity financing more difficult, more costly and  more dilutive.Obtaining additional funding will be subject to various additional factors, including investor  acceptance of our business plan, the status of our development program and ongoing results from our exploration  and development efforts.",N/A
"Exploration, Development, and Recent ActivitiesThe Company's activities include development and exploratory drilling.Our strategy is to develop the Company's extensive oil and gas reserves primarily through horizontal drilling.This strategy includes targeting reservoirs with high initial production rates and cash flow as well as targeting reservoirs with lower initial production rates but with higher expected return on investment.We believe that with today's technology, horizontal development of our reserves provides superior economic results as compared to vertical development, by delivering higher production rates through greater contact and stimulation of a larger volume of reservoir rock while minimizing the surface footprint required to develop those same reserves.",N/A
"All of our product candidates will require substantial additional development time and resources before  we would be able to apply for or receive regulatory approvals and begin generating revenue from product sales.We expect to continue to incur losses for  the foreseeable future, and anticipate these losses will increase substantially as we continue to develop, seek regulatory approval for and potentially  commercialize any of our product candidates, and seek to identify, assess, acquire, in‑license or develop additional product candidates.To become and remain profitable, we must succeed in developing and eventually commercializing products that generate significant revenue.This  will require us to be successful in a range of challenging activities, including completing clinical trials and preclinical studies of our product candidates,  obtaining marketing authorization approval for these product candidates and manufacturing, marketing, and selling any products for which we may obtain  regulatory approval.We are only in the early stages in a number of these commercialization activities.",N/A
"We do not have any committed external sources of funds and adequate additional financing may not be available to us on acceptable terms, or at all.We may be required to seek additional funds sooner than planned through public or private equity  34 Table of Contentsofferings, debt financings, collaborations and licensing arrangements or other sources.Such financing may dilute our stockholders or the failure to obtain  such financing may restrict our operating activities.Any additional fundraising efforts may divert our management from their day-to-day activities, which  may adversely affect our business.",N/A
"Our products enable cardiothoracic surgeons to perform surgical ablation procedures with faster, less invasive and less technically challenging approaches.We have completed, and continue to invest in, clinical studies for the use of our ablation and LAAM products to treat Afib and reduce stroke.Leading cardiothoracic surgeons and electrophysiologists, including those who serve or who have served as consultants to us, have published results of preclinical and clinical studies utilizing our devices.The results of these studies have assessed efficacy, ease of use and safety endpoints.Products for cardiac tissue ablation include those that create scar tissue using radio frequency (RF) energy or cryothermic modalities.",N/A
"3 Our Principal Products and Services Our Principal Product Groups PLM Software Products For Product Data Management  and Process Orchestration CAD Software Products For Product Data Authoring PLMOur Windchill® PLM application suite manages all aspects of the product development lifecycle— from concept through service and retirement—by enabling a digital thread of product parts, materials,  and configuration information.Windchill provides real-time information sharing, dynamic data  visualization, and the ability to collaborate across geographically-distributed teams, enabling  manufacturers to elevate their product development, manufacturing, and field service processes.With its  open architecture that integrates with other enterprise systems, Windchill provides a solid foundation for a  product-driven digital thread.Our ThingWorx® platform is flexible and purpose-built for Industrial Internet of Things (IIoT).",N/A
"In addition, the historical and potential future investment returns of the StepStone Funds are not linked to returns on our Class A common stock.Positive performance of the StepStone Funds or the investments that we recommend to our advisory clients will not necessarily result in positive returns on an investment in our Class A common stock.However, poor investment performance of the StepStone Funds could cause a decline in our revenue and have a negative effect on our performance or on an investment in our Class A common stock.The historical investment performance of our funds should not be considered indicative of the future investment performance of these funds or of any future funds we may invest, in part because: • market conditions and investment opportunities may be significantly less favorable than in the past; 32 Table of Contents • the performance of our funds is largely based on the NAV of the funds' investments, including unrealized gains, which may never be realized; • our newly established funds may generate lower investment returns during the period that they initially deploy their capital; • changes in the global tax and regulatory environment may affect both the investment preferences of our clients and the financing strategies employed by businesses in which particular funds invest, which may reduce the overall capital available for investment and the availability of suitable investments, thereby reducing our investment returns in the future; • competition for investment opportunities, resulting from the increasing amount of capital invested in private markets alternatives, may increase the cost and reduce the availability of suitable investments, thereby reducing our investment returns in the future; and • the industries and businesses in which particular funds invest will vary.Competition for access to investment funds and other investments we make for our clients is intense.",N/A
"In addition, because the relevant laws may change, compliance with one or more of the RIC requirements may be impossible or impracticable.If we: • qualify as a RIC; and • satisfy the Annual Distribution Requirement; then we will not be subject to U.S. federal income tax on the portion of our investment company taxable income and net capital gain (i.e., realized net long- term capital gains in excess of realized net short-term capital losses) we distribute (or are deemed to distribute) to stockholders.We are subject to U.S. federal income tax at the regular U.S. corporate income tax rates on any income or capital gain not distributed (or deemed distributed) to our stockholders.We will be subject to a 4% nondeductible federal excise tax on certain undistributed income unless we distribute (or are deemed to distribute) in a timely manner an amount at least equal to the sum of (1) 98% of our ordinary income for each calendar year, (2) 98.2% of our capital gain net income for the one- year period ending October 31 in that calendar year and (3) any income realized, but not distributed, less certain reductions, as applicable, and on which we paid no U.S. federal income tax, in preceding years.In order to maintain our qualification as a RIC for U.S. federal income tax purposes, we must, among other things: • at all times during each taxable year, have in effect an election to be treated as a Business Development Company under the Investment Company Act; • derive in each taxable year at least 90% of our gross income from (a) dividends, interest, payments with respect to certain securities (including loans), gains from the sale of stock or other securities or foreign currencies, net income from certain ""qualified publicly traded partnerships,"" or other income (including certain deemed inclusions) derived with respect to our business of investing in such stock, securities or foreign currencies and (b) net income derived from an interest in a “qualified publicly traded partnership;” (the “90% Gross Income Test”) and • diversify our holdings so that at the end of each quarter of the taxable year: ◦ (i) at least 50% of the value of our assets consists of cash, cash equivalents, U.S. government securities, securities of other RICs, and other securities if such other securities of any one issuer do not represent more than 5% of the value of its assets or more than 10% of the outstanding voting securities of the issuer; and ◦ (ii) no more than 25% of the value of our assets is invested in ( a) the securities, other than U.S. government securities or securities of other RICs, of one issuer, (b) the securities of two or more issuers that are controlled, as determined under applicable tax rules, by us and that are engaged in the same or similar or related trades or businesses or (c) the securities of one or more “qualified publicly traded partnerships” ( (i) and (ii) collectively, the “Diversification Tests”).",N/A
"Our management agreements with our clients may be terminated by a client or by us in certain circumstances.For example, if we do not satisfy the applicable measures for calendar year 2023 under 15 our management agreements with DHC or ILPT, as applicable, such company will have the right to terminate its management agreement by prior written notice to us within 60 days following December 31, 2023, and in which case, it would be required to pay us the applicable termination fee.If any of our management agreements with a client is terminated, we may be unable to replace the lost revenue.Even if we receive a termination fee upon the termination of a management agreement with a client, we may be unable to invest the after tax proceeds from the termination fee we receive in opportunities that earn returns equal to or greater than the revenues lost as a result of the terminated management agreement.The termination of our management agreement with any of our clients could have a material adverse impact on our business, results of operations and financial condition.",N/A
"Additionally, from time to time, we evaluate potential mergers, acquisitions, joint ventures or other strategic initiatives  (including retail initiatives utilizing our intellectual property or other brand extensions) to acquire or develop additional  business channels or concepts, and/or change the business strategy regarding an existing concept.To successfully  execute any acquisition or development strategy, we will need to identify suitable acquisition or development candidates,  negotiate acceptable acquisition or development terms and possibly obtain appropriate financing.Any acquisition or future development that we pursue, including the on-going development of new concepts or  retail initiatives utilizing our intellectual property, whether or not successfully completed, may involve risks, including:  •  material adverse effects on our operating results, particularly in the fiscal quarters immediately following the  acquisition or development as the restaurants are integrated into our operations;  •  risks associated with entering into new domestic markets or conducting operations where we have no or  limited prior experience;  •  risks associated with successfully integrating new employees, processes and systems while also maintaining  our culture and brand standards;  •  risks inherent in accurately assessing the value, future growth potential, strengths, weaknesses, contingent and  other liabilities and potential profitability of acquisition candidates, and our ability to achieve projected  economic and operating synergies, without impacting our underlying business; and  •  the diversion of management's attention from other business concerns.Future acquisitions of existing restaurants from our franchisees or other strategic partners, which may be  accomplished through a cash purchase transaction, the issuance of shares of common stock or a combination of both,  could have a dilutive impact on holders of our common stock and result in the incurrence of debt and contingent  liabilities and impairment charges related to goodwill and other tangible and intangible assets, any of which could harm  our business and financial condition.Additionally, following a franchise acquisition, we may be required to incur  substantial capital improvement costs to meet company standards, which could impact our return on such acquisition.",N/A
"A major terrorist attack in one of these areas could severely disrupt our  operations and the ability of our clients to do business with us and cause losses to loans secured by properties in these areas.Although our customers' business and financial interests may extend well beyond our market areas, adverse economic and social  conditions that affect our specific market area could reduce our growth rate, affect the ability of our customers to repay their loans  to us and impact the stability of our deposit funding sources.Consequently, declines in economic and social conditions in these  markets could generally affect our business, financial condition, results of operations and prospects.Our business is subject to interest rate risk and fluctuations in interest rates may adversely affect our earnings, capital levels  and overall results.The majority of our assets and liabilities are monetary in nature and, as a result, we are subject to significant risk from changes in  interest rates, which may affect our net interest income as well as the valuation of our assets and liabilities.",N/A
"of our business and make it more challenging to manage our business.Most of our active subscribers never convert to a paying subscribers, and if we are unable to convert free subscribers to paying subscribers, our business, results of operations and financial condition could suffer.If we fail to adequately market our products and services, or to monitor and manage our use of social media platforms as marketing tools, it could have a material adverse effect on our business, results of operations, and financial condition.Our marketing efforts are designed to identify and attract prospective subscribers primarily within our target market and ultimately convert them into long term subscribers.We also employ marketing to promote our content, drive conversation about our content and services, and promote visits by our subscribers.",N/A
"We offer a range of lending products to customers in this market, including  working capital loans, equipment financing and commercial real estate loans.Additionally, we provide a  full range of deposit products and related services including safe deposit boxes, account reconciliation,  courier service and cash management services.  Trade Finance—consisting of importers and exporters based in the U.S. requiring both borrowing and  operational products.We offer a full range of products to international trade finance customers, including  commercial and standby letters of credit, acceptance financing, documentary collections, foreign draft  collections, international wires and foreign exchange.  High-wealth Banking —consisting of wealthy individuals residing in the Pacific Rim area with  residences, real estate investments or businesses in Southern California.",N/A
"Appraisals may not accurately describe the value of our collateral.When making a loan secured by real property, we generally require an appraisal of the property.However, an appraisal is only an estimate of the value of the property at the time the appraisal is made and does not guarantee that the appraised value could be realized upon sale of the property.Real estate values can change significantly in relatively short periods of time, especially in periods of changing interest rates and economic uncertainty.If the amount realizable upon the sale of the collateral is less than the appraised value, we may not be able to recover the full contractual amount of principal and interest that we anticipated at the time we originated the loan.",N/A
"At Sunrise, we  offer a basic phone service to our Video Subscribers without an incremental recurring fee.Our Telephony Subscribers at Sunrise  include approximately 128,400 subscribers who have requested and received this service.(6) An RGU is, separately, an Internet Subscriber, Video Subscriber or Telephony Subscriber.A home, residential multiple dwelling unit  or commercial unit may contain one or more RGUs.For example, if a residential customer subscribed to our broadband internet  service, video service and fixed-line telephony service, the customer would constitute three RGUs.",N/A
"In order to satisfy our obligations to make these success payments, if and when they are triggered, we may issue equity or convertible debt securities that may cause dilution to our stockholders, or we may use our existing cash to satisfy the success payment obligation in cash, which may adversely affect our financial position.In addition, these success payments may impede our ability to raise money in future public offerings of debt or equity securities or to obtain a third-party line of credit.The success payment agreements may cause operating results to fluctuate significantly from quarter to quarter and year to year, which may reduce the usefulness of our consolidated financial statements.Our success payment obligations are recorded as liabilities on our consolidated balance sheets.Under U.S. generally accepted accounting principles (GAAP), we are required to estimate the fair value of these liabilities as of each quarter end and changes in the estimated fair value are accreted to research and development expense over the service period of the collaboration agreement.",N/A
"As we continue to advance our  conversational analytics and related technologies, we anticipate facing increased competition from companies providing broader a broader range of  products and solutions, such as Google (which offers Google Ads call tracking).The markets for our products and services are characterized by intense  competition, evolving industry and regulatory standards, emerging business and distribution models, disruptive software and hardware technology  developments, short product and service life cycles, price sensitivity on the part of customers, and frequent new product introductions.While we are  developing and deploying features powered by artificial intelligence (AI) across our conversational analytics offerings, competitors may develop  comparable or superior AI-powered features before we do, which could adversely affect our business.Current and potential competitors have established,  or may establish, cooperative relationships among themselves or with third parties to increase the ability of their technologies to address the needs of our  prospective customers.Furthermore, there has been a trend toward industry consolidation in our markets for several years.",N/A
"The DBSHK facility bears interest at 1.5% per annum over Hong Kong Interbank Offered Rate (“HIBOR”) for HKD bills and 1.3% per annum over DBSHK's cost of funds for foreign currency bills.The facility is guaranteed by Jerash Holdings and became available to the Company on June 17, 2022.In addition, we may be required to seek additional debt or equity financing in order to support our growing operations.We may not be able to obtain additional financing on satisfactory terms, or at all, and any new equity financing could have a substantial dilutive effect on our existing stockholders.If we cannot obtain additional financing, we may not be able to achieve our desired sales growth, and our results of operations would be negatively affected.",N/A
"“Administration” includes executive officers and  individuals employed in finance, legal, information technology, human resources and other functions supporting  our business.The following table shows employees by function and region.December 31, 2023 U.S. Non-U.S. Total Operations 2,612 235 2,847 Product Development 251 1 252 Quality and Engineering 167 70 237 Sales 290 23 313 Administration 214 9 223 Total Employees 3,534 338 3,872None of our global employees is covered by a collective bargaining agreement.We consider our  relations with our employees to be generally good.",N/A
"If we do not continue to innovate and provide products and services that are useful to customers, including providers and patients, and partners, we may not remain competitive, which could harm our business and operating results.If third-party payors, including managed care organizations, private health insurers and government health plans, do not provide adequate reimbursement for our tests, or seek to amend or renegotiate their fee reimbursement schedules, or if we are unable to comply with their requirements for reimbursement, our commercial success could be negatively affected.We have limited experience with the development and commercialization of our databases and our health information and genomic platforms.We may need to raise additional capital to fund our existing operations, develop additional products and services, commercialize new products and services or expand our operations.If we fail to comply with federal and state laboratory licensing requirements or standards, we could lose the ability to perform our tests or experience disruptions to our business.",N/A
"As a result of these and other factors, including seasonality attributable to the holiday seasons, our operating results may not meet the expectations of investors or public market analysts who choose to follow our company.Our failure to meet market expectations would likely result in decreases in the trading price of our common stock.A significant portion of our revenue is currently being derived from a limited number of wireless carriers and customers.If any one of these carriers or customers were to terminate their agreement with us or if they were unable to fulfill their payment obligations, our financial condition and results of operations would suffer.In our On Device Solutions business, we rely on wireless carriers and OEMs to distribute our products and services.",N/A
"Accordingly, you should not rely upon the  results of any quarterly or annual periods as indications of future operating performance.We have incurred significant net losses in each period since our inception, and we expect to incur significant net losses  for the foreseeable future.Investment in biopharmaceutical product development is a highly speculative undertaking and entails substantial upfront  capital expenditures and significant risk that any potential product candidate will fail to demonstrate adequate efficacy or an  acceptable safety profile, gain regulatory approval, and become commercially viable.We are early in our development efforts  and have not yet completed the development of any of our product candidates.We have no products approved for  commercial sale and have not generated any revenue from product sales to date, and we continue to incur significant research  and development and other expenses related to our ongoing operations.",N/A
"As of December 31, 2023, 50% of our loan portfolio was comprised of loans secured by commercial real estate.The banking regulators continue to give commercial real estate lending greater scrutiny, and banks with higher levels of commercial real estate loans are expected to implement improved underwriting, internal controls, risk management policies and portfolio stress testing, as well as higher levels of allowances for expected losses and capital levels as a result of commercial real estate lending growth and exposures.Seacoast Bank has a commercial real estate concentration risk management program and monitors its exposure to CRE; however, there can be no assurance that the program will be effective in managing our concentration in CRE.Nonperforming assets could result in an increase in our provision for credit losses on loans, which could adversely affect our results of operations and financial condition.At December 31, 2023, our nonaccrual loans totaled $65.1 million or 0.65% of the loan portfolio and our nonperforming assets (which includes nonaccrual loans) were $72.7 million or 0.50% of total assets.",N/A
"For example, our NDA for omecamtiv mecarbil for the treatment of HFrEF resulted in a CRL notwithstanding the  fact that GALACTIC-HF met its primary efficacy endpoint.The FDA and foreign regulatory agencies also have substantial discretion  in the drug approval process, and the guidance and advice issued by such agencies is subject to change at any time.Despite the time and  efforts exerted, failure can occur at any stage, and we may encounter problems that cause us to abandon clinical trials or to repeat or  perform additional preclinical testing and clinical trials.For example, the CRL we received from FDA in connection with our NDA for  omecamtiv mecarbil stated that results from an additional clinical trial of omecamtiv mecarbil are required to establish substantial  evidence of effectiveness for the treatment of HFrEF, with benefits that outweigh the risks.The number and focus of preclinical studies  and clinical trials that will be required for approval by the FDA and foreign regulatory agencies varies depending on the drug candidate,  the disease or condition that the drug candidate is designed to address, and the regulations applicable to any particular drug candidate.",N/A
"There are also inherent security weaknesses in some crypto assets, such as when creators of certain crypto networks use procedures that could allow hackers to counterfeit tokens.Any weaknesses identified with a crypto asset could adversely affect its price, security, liquidity, and adoption.If a malicious actor or botnet (a volunteer or hacked collection of computers controlled by networked software coordinating the actions of the computers) obtains a majority of the compute or staking power on a crypto network, as has happened in the past, it may be able to manipulate transactions, which could cause financial losses to holders, damage the network's reputation and security, and adversely affect its value; • the development of new technologies for mining, such as improved application-specific integrated circuits (commonly referred to as ASICs), or changes in industry patterns, such as the consolidation of mining power in a small number of large mining farms, could reduce the security of blockchain networks, lead to increased liquid supply of crypto assets, and reduce a crypto's price and attractiveness; • if rewards and transaction fees for miners or validators on any particular crypto network are not sufficiently high to attract and retain miners, a crypto network's security and speed may be adversely affected, increasing the likelihood of a malicious attack; • many crypto assets have concentrated ownership or an “admin key”, allowing a small group of holders to have significant unilateral control and influence over key decisions related to their crypto networks, such as governance decisions and protocol changes, as well as the market price of such crypto assets; 27 • the governance of many decentralized blockchain networks is by voluntary consensus and open competition, and many developers are not directly compensated for their contributions.As a result, there may be a lack of consensus or clarity on the governance of any particular crypto network, a lack of incentives for developers to maintain or develop the network, and other unforeseen issues, any of which could result in unexpected or undesirable errors, bugs, or changes, or stymie such network's utility and ability to respond to challenges and grow; and • many crypto networks are in the early stages of developing partnerships and collaborations, all of which may not succeed and adversely affect the usability and adoption of the respective crypto assets.Various other technical issues have also been uncovered from time to time that resulted in disabled functionalities, exposure of certain users' personal information, theft of users' assets, and other negative consequences, and which required resolution with the attention and efforts of their global miner, user, and development communities.",N/A
"We operate in highly competitive industries and compete with national, regional and local providers.Product, design, price, quality, service and convenience to the customer are the competitive elements in these industries.If existing or future competitors seek to gain or retain market share by reducing prices, Cintas may be required to lower prices, which would hurt its results of operations.Cintas competitors also generally compete with Cintas for acquisition candidates, which can increase the price for acquisitions and reduce the number of available acquisition candidates.In addition, our customers and prospects may decide to perform certain services in-house instead of outsourcing these services to us.",N/A
"To achieve market acceptance for our products, we must effectively anticipate customer requirements, and we must offer products that meet changing customer demands in a timely manner.Customers may require product features and capabilities that our current products do not have.Any of the current plans we have for future developments or enhancements are strategic in nature and not commitments to Table of Contents 32 develop such capabilities for our customers.If we fail to develop products that satisfy customer requirements, our ability to create or increase demand for our products will be harmed.Without the timely introduction of new products, services and enhancements, our offerings will likely become less competitive over time, in which case our competitive position and operating results could suffer.",N/A
"• Adverse weather and geological conditions may increase costs, cause project delays and reduce consumer demand for housing.• Poor relations with the residents of our communities could negatively impact sales.We may be required to take write-downs or write-offs, restructuring and impairment or other charges.An adverse outcome in litigation to which we are or become a party could materially and adversely affect us.• New and existing laws and regulations or other governmental actions may increase our expenses, limit the number of homes that we can build or delay completion of our projects.",N/A
"We are an emerging growth company and smaller reporting company, and as such are subject to various risks unique only to emerging growth companies, including, but not limited to, risks associated with taking advantage of certain exemptions from disclosure requirements available to emerging growth companies or smaller reporting companies, which could, among other things, make our securities less attractive to investors and may make it more difficult to compare our performance with certain public companies.We may redeem unexpired warrants prior to their exercise at a time that is disadvantageous to investors, thereby making Public Warrants worthless.• Currently outstanding Public Warrants, Private Warrants, SPA Warrants and New SPA Warrants are exercisable for shares of Common Stock.Additionally, the Debentures are currently convertible.Any future exercise of such warrants or conversion of the Debentures would increase the number of shares of Common Stock eligible for future resale in the public market and result in dilution to our stockholders.",N/A
"Our ability to generate revenue from nomlabofusp or any future product candidates also depends on a number of additional factors, including our  ability to: • successfully complete development activities, including the remaining non-clinical studies and planned clinical trials for our product candidates; • complete and submit BLAs to the FDA and MAAs to the EMA and obtain regulatory approval for indications for which there is a commercial  market; • complete and submit applications to, and obtain regulatory approval from, other foreign regulatory authorities; • manufacture or have manufactured any approved products in commercial quantities and on commercially reasonable terms; • develop a commercial organization, or find suitable partners, to market, sell and distribute approved products in the markets in which we have  retained commercialization rights; • achieve acceptance among patients, clinicians and advocacy groups for any products we develop; • obtain coverage and adequate reimbursement from third parties, including government payors; and • set a commercially viable price for any products for which we may receive approval.Because of the uncertainties and risks associated with these activities, we are unable to accurately predict the timing and amount of increased  expenses, and if or when we might achieve or maintain profitability.We and any future collaborators may never succeed in these activities and, even if we  do, or any future collaborators do, we may never generate revenues that are large enough for us to achieve profitability.Even if we are able to complete the  processes described above, we anticipate incurring significant costs associated with commercializing nomlabofusp or any of our future product candidates.Even if we achieve profitability in the future, we may not be able to sustain profitability in subsequent periods.",N/A
"Our product candidates may not have favorable results in clinical trials, if any, or receive regulatory approval.• Negative public opinion of TIL therapies, the dynamically evolving competitive landscape for our target indications or increased regulatory scrutiny of cell therapy using TILs may adversely impact the development of and commercial strategy for our product candidates, our plans for investing in manufacturing readiness for regulatory filings and the success of our current and future product candidates.As an organization, we are early in the process of potentially conducting our first collaborator-led IITs and have no prior experience in a similar collaboration, in conducting IITs in China, or in completing clinical trials, and may be unable to complete clinical trials for any product candidates we may develop, including our Collaboration Product.We may not be successful in our efforts to build a pipeline of additional product candidates either internally or by identifying and licensing- in or otherwise acquiring novel product candidates on commercially attractive terms.• Biologics are complex and difficult to manufacture.",N/A
"Many of our customer contracts may be terminated by our customers without cause and without any fee or penalty, with only limited notice.We may not be able to replace a customer that elects to terminate or fails to renew its contract with us.In addition, a portion of our revenues is derived from contracts with the U.S. federal and state governments and their agencies and from contracts with foreign governments and their agencies.Government entities typically finance projects through appropriated funds.The public procurement environment is unpredictable and this could adversely affect our ability to perform work under new and existing contracts, including as a result of our business being diverted to a small or disadvantaged or minority-owned business pursuant to set-aside programs.",N/A
"Third-parties may also attempt to fraudulently induce associates  into disclosing sensitive information such as user names, passwords or other information in order to gain  access to customer or supplier data or our internal data, including intellectual property, financial, and  other confidential business information.We believe our mitigation measures reduce but cannot eliminate  the risk of a cyber incident; however, there can be no assurance that our existing and planned  precautions of backup systems, regular data backups, security protocols and other procedures will be  adequate to prevent significant damage, system failure or data loss and the same is true for our partners,  vendors and other third parties on which we rely.Because techniques used to obtain unauthorized  access or sabotage systems change frequently and generally are not identified until they are launched  against a target, we may be unable to anticipate these techniques or to implement adequate preventative  or mitigation measures.Though it is difficult to determine what harm may directly result from any specific  interruption or breach, any failure to maintain performance, reliability, security and availability of our  network infrastructure or otherwise maintain the confidentiality, security, and integrity of data that we store  or otherwise maintain on behalf of third-parties may harm our reputation and our associate, customer and  consumer relationships.If such unauthorized disclosure or access does occur, we may be required to notify our customers,  consumers, associates or those persons whose information was improperly used, disclosed or accessed.",N/A
"As a result, our results of  operations may be negatively impacted in the near term relative to a strategy focused on maximizing short-term profitability.Significant expenditures on  marketing efforts, acquisitions and international expansion may not ultimately grow our business or lead to expected long-term results.We have experienced substantial growth in our operations, and we expect to experience continued growth in our business.This growth has placed,  and will continue to place, significant demands on our management and our operational infrastructure.Any growth that we experience in the future could  require us to expand our sales and marketing personnel and general and administrative infrastructure.",N/A
"The fees we earn from providing management services to, and the reimbursable fees we receive from, the Managed Equity REITs comprise most of our revenues.Further, our Private Capital clients have comprised an increasing portion of our assets under management and revenues, and our current business plans contemplate that trend continuing.A decline in the business or assets of our Private Capital clients could reduce our revenue.Our operating results and our ability to maintain and grow our revenues depend upon the ability of our Managed Equity REITs, and increasingly, our Private Capital clients to raise or contribute capital to invest in real estate assets, to maintain and grow their investments and, as applicable, market capitalizations, and to achieve positive shareholder returns in excess of applicable REIT total shareholder return indexes.Reduced business activities, market capitalizations, shareholder returns, rents or capital projects of the Managed Equity REITs or Private Capital clients may materially reduce our revenues and our profitability.",N/A
"We  do not have any source of committed capital or external funds.To the extent that we raise additional capital through the sale of equity or  convertible debt securities, our stockholders' interests will be diluted, and the terms of these securities may include liquidation or other  preferences that adversely affect our stockholders' rights as a common stockholder.Any debt financing and preferred equity financing, if  available, may involve agreements that include covenants limiting or restricting our ability to take specific actions, such as incurring additional  debt, selling or licensing our assets, making capital expenditures, declaring dividends or encumbering our assets to secure future  indebtedness.If we raise additional funds through collaborations, strategic alliances or marketing, distribution or licensing arrangements with third parties,  we may have to relinquish valuable rights to our technologies, future revenue streams, research programs or product candidates or grant  licenses on terms that may not be favorable to us.If we are unable to raise additional funds through equity or debt financings or other  arrangements when needed or on terms acceptable to us, we would be required to delay, limit, reduce or terminate our product development  or future commercialization efforts or grant rights to develop and market product candidates that we would otherwise prefer to develop and  market ourselves.",N/A
"Subsequently we successfully completed securitizations in June and September 2020, and then on a regular quarterly schedule from January 2021 through January 2024.However, if the market conditions for asset-backed securitizations should reverse, we would expect a material adverse effect on our results of operations.Our Results of Operations Will Depend on Cash Flows from Our Residual Interests in Our Securitization Program and Our Warehouse Credit Facilities.When we finance our automobile contracts through securitizations and warehouse credit facilities, we receive cash and retain a residual interest in the assets financed.Those financed assets are owned by the special-purpose subsidiary that is formed for the related securitization.",N/A
"We depend on our key suppliers for merchandise and advertising support and the loss of key suppliers could  adversely affect our business.Our business depends upon our ability to purchase fashionable, name brand and other  merchandise at competitive prices from our suppliers.Three branded suppliers, Nike, Inc., Skechers U.S.A., Inc. and  Crocs, Inc. collectively accounted for approximately 45% of our Net Sales in Fiscal 2023.Nike, Inc. and Skechers  U.S.A., Inc. collectively accounted for approximately 27% of our Net Sales in Fiscal 2022 and 39% of our Net Sales  in Fiscal 2021.Name brand suppliers also provide us with cooperative advertising and visual merchandising  funds.",N/A
"We have initiated clinical trials, which are ongoing, and have additional product candidates in  preclinical development that may enter clinical development.Developing our product candidates is expensive, and we expect to continue to  spend substantial amounts as we fund our early stage research projects, continue preclinical and clinical development of our product  candidates and, in particular, advance our product candidates through clinical trials.Even if we are successful in developing our product  candidates, obtaining regulatory approvals and launching and commercializing any product candidate will require substantial funding.As of December 31, 2023, we had $299.2 million in cash and cash equivalents and marketable securities.Based on our current operating plan, we believe that our existing cash, cash equivalents and marketable securities will allow us to  fund our planned operations for at least one year from the date of the issuance of the financial statements included in this Annual Report on  Form 10-K.",N/A
"Our future mining and lithium manufacturing activities may change as a result of any one or more of these risks and uncertainties.We  cannot assure you that any ore body from which we extract mineralized materials will result in achieving and maintaining profitability  and developing positive cash flows.Our business is subject to cybersecurity risks.Our operations depend on effective and secure information technology systems.Threats to information technology systems, such as  cyberattacks and cyber incidents, continue to increase.",N/A
"We face numerous manufacturing and supply chain risks.In addition, our reliance upon sole or limited sources of supply for  certain materials, components, and services could cause production interruptions, delays and inefficiencies.We purchase materials, components, and equipment from third parties for use in our manufacturing operations.Our results  of operations could be adversely impacted if we are unable to adjust our purchases to reflect changes in customer demand and  market fluctuations.Suppliers may extend lead times, limit supplies, or increase prices.",N/A
"Cost factors are  usually limited to a fixed fee and expense estimate and an estimate of the cost of work.With Design/Assist, the  specialty contractor is typically contracted early in the design process to provide design and preconstruction input as  needed to assist the customer in maintaining the established budget and completing design and drawings.This delivery  option includes lump sum or guaranteed maximum price on a fixed fee basis.The Company's key business initiative for its ODR segment is to position itself as a value-added and  indispensable partner to building owners in mission-critical markets, providing full life-cycle capabilities from concept design  and engineering through system commissioning and recurring 24/7 service and maintenance.The Company remains focused on  the scalability of its organic business through partnering directly with building owners.",N/A
"Our business is highly dependent on tourism to, from, and amongst the Hawaiian Islands and our financial results have been impacted and may continue to be impacted by the current and any future downturn in tourism levels.Our principal base of operations is in Hawai‘i and our revenue is linked primarily to the number of travelers (mainly tourists) to, from and amongst the Hawaiian Islands.As a result of the COVID-19 pandemic and government mandates related to travel, we experienced a significant decline in the demand for travel to, from and amongst the Hawaiian Islands.The State of Hawai‘i stopped imposing quarantine, testing and vaccination requirements at the end of the first quarter of 2022, but certain foreign government restrictions 17 remained in effect for international travelers during 2022.We have and will continue to incur costs as we further increase our number of flights as passenger traffic to and within the Hawaiian Islands increases, which we incur before the anticipated additional revenue is earned.",N/A
"The Company's business depends on its ability to manage credit risk.As a bank, the Company's business requires it to manage credit risk; however, default risk may arise from  events or circumstances that are difficult to detect, such as fraud, or difficult to predict, such as catastrophic events  affecting certain industries.As a lender, the Company is exposed to the risk that its borrowers will be unable to repay  their loans according to their terms, and that the collateral securing repayment of their loans, if any, may not be sufficient  to ensure repayment.In addition, there are risks inherent in making any loan, including risks with respect to the period of  time over which the loan may be repaid, proper loan underwriting, changes in economic and industry conditions, and  inherent in dealing with individual borrowers, including the risk that a borrower may not provide information to the  Company about its business in a timely manner, or may present inaccurate or incomplete information to the Company, as  well as risks relating to the value of collateral.To manage credit risk, the Company must, among other actions, maintain  26  disciplined and prudent underwriting standards and ensure that the Company's bankers follow those standards.",N/A
"Should our franchisees not succeed in opening additional centers or improving existing centers, there may be adverse impacts to our growth strategy and to  our ability to generate additional profits, which in turn could materially and adversely affect our business and results of operations.A component of our business strategy includes the construction of additional centers and the renovation and build-out of existing centers by our  franchisees, and a significant portion of the growth in our franchisees' sales and profit margins will depend on growth in comparable sales for our centers.Our franchisees face competition from other operators, retail chains, companies, and developers for desirable center locations, which may adversely affect  the cost, implementation, and timing of our franchisees' expansion plans.If our franchisees experience delays in the construction or remodeling processes,  they may be unable to complete such activities at the planned cost, which could adversely affect our franchisees' business and results of operations.Additionally, our franchisees cannot guarantee that such remodeling will increase the revenues generated by these centers or that any such increases will be  sustainable.",N/A
"Even if these investments do result in the growth of our business, if we  do not effectively manage our growth, we may not be able to execute on our business plan, respond to competitive pressures, take advantage of market  opportunities, satisfy customer requirements or maintain high-quality product offerings, any of which could adversely affect our business, financial  condition and results of operations.We may not be able to maintain or increase our profitability in the future.Our ability to maintain or increase our profitability is subject to various factors, many of which are beyond our control.As we continue to expand  our operations, we anticipate that our operating expenses and capital expenditures will increase substantially in the foreseeable future as we continue to  invest to increase our household penetration, customer base, supplier network, marketing channels and product portfolio, expand and enhance our  processing, manufacturing and distribution facilities, and hire additional crew members.Our ongoing expansion efforts may prove more expensive than we  anticipate (including as a result of inflation, increases in input costs or disruptions in our supply chain relating to public health pandemics, trade wars,  geopolitical tensions, or other factors), and we may not succeed in increasing our net revenue and margins sufficiently to offset the anticipated higher  expenses.",N/A
"We announce material information to the public through a variety of means, including filings with the U.S. Securities and Exchange Commission, or SEC, press releases, public conference calls, our website (allbirds.com), the investor relations section of our website (ir.allbirds.com), our Instagram account (@allbirds), our X account (@allbirds), our LinkedIn account (linkedin.com/company/allbirds), and our Facebook page (@weareallbirds).We use these channels to communicate with investors and the public about our company, our products, and other matters.Therefore, we encourage investors, the media, and others interested in our company to review the information we make public in these locations, as such information could be deemed to be material information.Information contained on, or that can be accessed through, our website or social media channels is not incorporated by reference in this Annual Report on Form 10-K. 3 Table of Contents RISK FACTORS SUMMARYInvesting in our Class A common stock involves a high degree of risk because our business is subject to numerous risks and uncertainties, as more fully described in “Part I, Item 1A.",N/A
"In the case of licensed software, this could impact our ability to grow our sales or to  meet the support expectations of our customers and we may need to resort to legal action, which could limit our future  sales, harm our reputation, increase our costs, and harm our earnings.For example, in November 2023, a provider of  enabling technology abruptly stopped providing maintenance and support of their software product to us.As a result, we  resorted to legal action, which caused us to incur increased legal expenses beginning in the fourth quarter of 2023.The  matter is ongoing, and the long-term impact of this provider's actions on our business and our customers is unknown at  this time.In the case of vendors related to our eProbe tool, such disruptions or delays could delay or stop our ability to  complete and deliver our DFI systems as currently designed to our customers, which would negatively impact our bookings  and revenue related to such systems.",N/A
"In Fiscal 2023, purchases from Shoe Perks members were approximately 71% of our  comparable Net Sales through our Shoe Carnival bannered stores.If our Shoe Perks members do not continue to shop  with us, our sales may be adversely affected, which could have an adverse impact on our results of operations.We may not be able to successfully execute our growth strategy, which could have an adverse effect on our business,  financial condition and results of operations.Our growth strategy requires that we continue to invest in omnichannel initiatives, which requires substantial  investment in technology, to expand and improve our operating and financial systems and expand, train and manage  our employee base.In addition, as we create more opportunities to connect with our customers through our  omnichannel initiatives and as we grow the number of our physical stores, we may be unable to hire a sufficient  number of qualified personnel or successfully integrate the omnichannel initiatives or new or acquired stores into our  business.",N/A
"We license the use of our registered trademarks to franchisees and third parties through franchise and license arrangements.The franchise and license arrangements restrict franchisees' and licensees' activities with respect to the use of our trademarks and impose quality control standards in connection with goods and services offered in connection with the trademarks.Our business is subject to seasonal fluctuations.Historically, customer traffic patterns for our established U.S. restaurants are generally highest in the first quarter of the year and lowest in the third quarter of the year.International customer traffic patterns vary by market with Brazil historically experiencing minimal seasonal traffic fluctuations.",N/A
"Our success depends in large part on our ability to extend our market position, to provide customers with high-quality test reports quickly and at a lower price than our competitors, and to achieve sufficient test volume to realize economies of scale.In addition, we regularly evaluate and refine our testing process, often significantly updating our workflows, including with respect to exome sequencing and whole genome sequencing.In order to execute our business model, we intend to continue to invest heavily in order to significantly scale our infrastructure, including our testing capacity, particularly with respect to exome sequencing and whole genome sequencing to supplement our panel testing capabilities and information systems, expand our commercial operations, customer service, billing and systems processes and enhance our internal quality assurance program.We expect that much of this growth will be in advance of demand for our tests.Our current and future expense levels are to a large extent fixed and are largely based on investment plans and estimates of future revenue.",N/A
"ACIC's most significant line of business is in providing commercial multi-peril property insurance for  residential condominium associations and apartments in Florida.American Coastal Insurance Company has a leading market share of commercial residential  property insurance for condominium associations in Florida (commercial lines).All of the commercial lines business is administered through an exclusive  agreement with an outside managing general underwriter, AmRisc, LLC, a Truist Financial Corporation (NYSE: TFC) subsidiary.Given ACIC's concentration to  the Florida property and casualty market, it is subject to various risks including fluctuations in inflation impacting loss estimates, judicial decisions, legislative  changes, regulatory oversight, and changes in claims handling procedures.First Brands, Inc. First Brands, Inc. (“First Brands”) is a global automotive parts company that develops, markets and sells premium products through a portfolio of market-leading  brands, offering best-in-class technology, industry-leading engineering capabilities and superior customer service.",N/A
"In connection with the entry into the Loan and Security Agreement, the Company, Vertex Refining and each of the Guarantors, entered into a Collateral Pledge Agreement in favor of the Agent, pursuant to which they granted the Agent a security interest in all now owned or hereafter acquired promissory notes and instruments evidencing indebtedness to any Guarantor and all now owned or hereafter acquired equity interests owned by such Guarantor.The obligations of Vertex Refining and Vertex Renewables and their subsidiaries under the Supply and Offtake Agreements and related transaction documents are guaranteed by the Company.The obligations of Vertex Refining and Vertex Renewables and their subsidiaries under the Supply and Offtake Agreements and related transaction documents are also secured by Pledge and Security Agreements in favor of Macquarie.In addition, the Supply and Offtake Agreements also require that Vertex Refining and Vertex Renewables post and maintain cash collateral (in the form of an independent amount) as security for their obligations under the Supply and Offtake Agreements and the related transaction documents.The amount of cash collateral is subject to adjustments during the term.",N/A
"Included in this acquisition were certain intellectual property portfolio assets comprised of patents and/or patent  applications directed to various aspects of automated cell pretreatment instruments.The expiration dates for the issued patents in this patent portfolio  extended to March 2033.We recognized a $3.5 million impairment charge on InstruNor's developed technology intangible asset in the second quarter of  2022 related to our discontinued Flow Conductor product line.Any loss, termination, or adverse modification of our licensed intellectual property rights could have a material adverse effect on our business, operating  results, and financial condition.For additional information, please refer to “Item 1A.",N/A
"There is no assurance that the C1-cell protein production platform or any product expressed from C1, or our other technologies, will perform the same or better, save our customers money relative to existing gene expression technologies or those of our competitors, provide our customers with other benefits, obtain governmental safety and regulatory approvals, be registered or gain market acceptance.If we fail to develop similar, new and better performing technologies, products and processes at significantly lower manufacturing costs, make fermentation yield improvements on our existing production processes, generate the necessary safety and regulatory data or gain registration and market acceptance of the C1-cell and DapibusTM protein production platforms, or our other technologies, products or processes, we could fail to recoup our R&D investments and fail to capitalize on potential opportunities or gain market share from our competitors.Any failure, for technological, quality, safety, regulatory, or other reasons, to develop and launch improved technologies and new products, could negatively impact our business, financial condition and results of operation.The dynamic and conservative nature of the biopharmaceutical industry, the unpredictable nature of the product development process and the time and cost of new technology adoption in the biopharmaceutical industry may affect our ability to meet the requirements of the marketplace or achieve market and/or regulatory acceptance.The expenses or losses associated with unsuccessful technology and product development activities or lack of market acceptance of our new technologies and products could harm our business, financial condition and results of operations.",N/A
