Risky Sentences,T/F
"We regularly monitor the sell- through of our merchandise; therefore, the number and make-up of our active items is continuously changing based  on changes in selling trends.The composition of our merchandise assortment is relatively consistent across our store  base with an extended assortment online.We continually strive to increase the perceived value of Kirkland's products to our customers through our  thoughtfully curated assortments and inspirational visual presentations.Our shoppers regularly experience the  satisfaction of paying noticeably less for equally well-designed products compared to those sold by other specialty  retailers.We use temporary promotions throughout the year featuring specific categories of merchandise along with  5  select coupon discounts.",N/A
"Our labor expenses include significant costs related to our self-insured health, pharmacy and dental benefit  plans.Healthcare costs continue to rise and are especially difficult to project given that material increases in costs  associated with medical claims, or an increase in the severity or frequency of such claims, may cause healthcare costs to  vary substantially from quarter-to-quarter and year-over-year.Any significant changes to the healthcare insurance  system could also impact our healthcare costs.Material increases in healthcare costs could materially adversely affect  our financial performance.While we seek to offset labor cost increases through menu price increases, more efficient purchasing practices,  productivity improvements, greater economies of scale and by offering a variety of health plans to our staff members,  including lower cost high deductible health plans, there can be no assurance that these efforts will be successful.",N/A
"We also compete with a wide variety of small, independent manufacturers.Competition in our industry is based primarily on brand name, price and product performance.2 During calendar year 2022, retail sales of new recreational powerboats in the United States totaled $16.0 billion.Of the recreational powerboat categories defined and tracked by the NMMA, we serve three of the top four categories consisting of outboard, sterndrive and performance sport boat representing an addressable market of nearly $13.2 billion in retail sales through our Malibu, Axis, Pursuit, Maverick Boat Group brands and Cobalt brands.The following table illustrates the size of our addressable market in units and retail sales for calendar year 2022: Recreational Powerboat Category Unit Sales Retail Sales (Dollars in millions)",N/A
"These alternatives are: (i) SOFR (Secured Overnight Financing Rate), plus applicable margin or (ii) the agent bank's prime rate generally borrowed over shorter durations.The Company also pays unused line fees based on the amount of the Revolving Credit Facility that is not drawn.Unused line fees are recorded as interest expense.All borrowings under the Fourth Amended and Restated Loan Agreement remain collateralized with substantially all of the Company's assets, as well as the capital stock of its subsidiaries.The Revolving Credit Facility also contains various financial and non-financial covenants, such as a covenant that restricts the Company's ability to borrow in order to pay dividends.",N/A
"Our business depends heavily on successful clinical development, regulatory approvals and commercialization of Abecma.Any future product candidates will require substantial additional development and testing, as well as regulatory approvals, prior to commercialization.Before obtaining regulatory approvals for the commercial sale of any product candidates, we must demonstrate through lengthy, complex and expensive preclinical and clinical studies that our product candidates are both safe and effective for use in each target indication.Each product candidate must demonstrate an adequate benefit-risk profile for its intended use in its intended patient population.Failure can occur at any time during the preclinical study and clinical trial processes.",N/A
"Commercial business lending involves risks  that are different from those associated with residential and commercial real estate lending.Real estate lending is generally considered  to be collateral-based lending with loan amounts based on predetermined loan to collateral values and liquidation of the underlying real  estate collateral being viewed as the primary source of repayment in the event of borrower default.Our commercial and industrial  business loans are primarily made based on the cash flow of the borrower and secondarily on the underlying collateral provided by the  borrower.The borrowers' cash flow may be unpredictable and collateral securing these loans may fluctuate in value.This collateral may  consist of equipment, inventory, accounts receivable, or other business assets.",N/A
Risks Related to Our Intellectual Property • Failure to acquire necessary intellectual property or adequately protect our intellectual property could have a material adverse effect on our business.12 Risks Related to Our Indebtedness •Our substantial level of indebtedness could cause our business to suffer and incurring additional debt could intensify debt-related risks.Risks Related to Our Vendors •Our reliance on specialized third-party providers could have a material adverse effect on our business.,N/A
"Our exploration and development projects have no operating history upon which to base estimates of future operating costs and capital  requirements.Exploration project items, such as any future estimates of reserves, metal recoveries, or cash operating costs will, to a  large extent, be based upon the interpretation of geologic data, obtained from a limited number of drill holes and other sampling  techniques as well as future feasibility studies.Actual operating costs and economic returns of any and all exploration projects may  materially differ from the costs and returns estimated, and accordingly, our financial condition, results of operations, and cash flows  may be negatively affected.We do not control our equity method investments.We apply the equity method of accounting to investments when we have the ability to exercise significant influence over the  operational decision-making authority and financial policies of the investee but we do not exercise control.",N/A
"We are developing an offshore liquefied natural gas receiving and storage facility off the coast of Puerto Sandino, Nicaragua, as well as an onshore regasification facility (the “Puerto Sandino Facility”).The Puerto Sandino Facility is expected to supply gas to our new approximately 300MW natural gas-fired power plant in Puerto Sandino, Nicaragua (the “Nicaragua Power Plant”) that we will own and operate.We have entered into a 25-year power purchase agreement with Nicaragua's electricity distribution companies.We expect to utilize approximately 57,000 MMBtu from LNG per day to provide natural gas to the Puerto Sandino Power Plant in connection with the 25-year power purchase agreement.As part of our long-term partnership with the local utility, we are evaluating solutions to optimize power generation efficiency and allow for additional electrical capacity in a market that is underserved.",N/A
"If we are unable to satisfy certain conditions in the Loan Agreement, we will be unable to draw down the remaining tranches of the Loans.Pursuant to the Loan Agreement, we must satisfy certain conditions to be eligible to draw down the Tranche 2 of $10 million and the Discretionary Tranche of $12.5 million.Tranche 2 may be advanced upon the request of the Company between April 1, 2024 and September 30, 2024, subject to the Company having achieved Product Revenue for the three-month period prior to funding of not less than 85% of projected Product Revenue for such period.The uncommitted Discretionary Tranche may be advanced after April 1, 2024 subject to (i) the Agent and Lenders having received investment committee approval and (ii) the Company and Lenders having mutually agreed to draw and fund, respectively, such amount.If we are unable to satisfy the conditions for the draw-down of Tranche 2 or the Lenders do not agree to fund the Discretionary Tranche, we would not be able to draw down such tranches and may not be able to obtain alternative financing on commercially reasonable terms or at all.",N/A
"We may not succeed in addressing these or other risks, which could harm our business and results of operations.If we are unable to establish the authenticity of the items listed and sold through our online marketplace, our business, brand, and reputation could suffer.We have built a trusted online marketplace with a reputation for authentic luxury design products as a result of our extensive vetting process.Our success depends on our ability to accurately and cost-effectively determine whether an item offered for listing, such as a piece of jewelry or work of art, is an authentic product.Our sellers undergo a comprehensive evaluation by our vetting specialists to ensure the integrity of their business practices.",N/A
"Further, the current Russia-Ukraine and Middle East conflicts have created extreme volatility in the global financial markets and are expected to have further global economic consequences, including disruptions of the global supply chain and energy markets and heightened volatility of commodity and raw material prices.In addition, recently there has been increasing geopolitical tension between China and Taiwan that may affect future shipments from Taiwan based electronics suppliers for certain of our EV chargers.Any such volatility or disruptions may have adverse consequences for us or the third parties on whom we rely.If the equity and credit markets deteriorate, including as a result of political unrest or war, it may make any necessary debt or equity financing more difficult to obtain in a timely manner or on favorable terms, more costly or more dilutive.Our business, financial condition and results of operations may be materially and adversely affected by any negative impact on the global economy, capital markets or commodity and raw material prices resulting from the conflicts in Ukraine and the Middle East, the recent geopolitical tensions between China and Taiwan or any other geopolitical tensions.",N/A
"The following factors attributable to uncertain economic and financial market conditions could have a material adverse effect on our business,  operating results and financial condition: • Inflationary pressures may continue to cause increases in costs of core consumer products, such as gasoline, food and energy, which in turn  are likely to reduce household spending on the consumer discretionary products we offer; • Volatility in the availability and prices for commodities and raw materials that we use in our products and in our supply chain (such as  cotton); •Our interest expense could increase if prevailing interest rates increase, because our debt bears interest at variable rates; • Our International distribution channel conducts business in various currencies, which creates exposure to fluctuations in foreign currency  rates relative to the U.S. Dollar.In the current uncertain economic environment, we cannot predict whether or when such circumstances may improve or worsen, or what impact, if  any, such circumstances could have on our business, results of operations, cash flows and financial position.Our business, results of operations and information technology systems could be negatively impacted by natural disasters, extreme weather conditions,  public health emergencies, including pandemics, or political crises or other catastrophic events.Our vendors and operations are located throughout the world including locations subject to natural disasters or extreme weather conditions, public  health emergencies, including pandemics, or terrorist attacks, political or military conflicts as well as other potential catastrophic events.",N/A
"Master Services Agreement On August 19, 2021, we entered into a Master Services Agreement (the “Gryphon MSA”) with Gryphon Digital Mining, Inc. (“Gryphon”) under which Gryphon agreed to be the exclusive provider of any and all management services for all of our blockchain and cryptocurrency-related operations including but not limited to services relating to all mining equipment owned, purchased, leased, operated, or otherwise controlled by us at any location (collectively, the “Services”) unless the Gryphon MSA is terminated by us.On December 29, 2021, we entered into Amendment No. 1 to the Gryphon MSA (the “Gryphon MSA Amendment”) with Gryphon which extended the initial term of the Gryphon MSA to five years as we did not receive delivery of a specified minimum number of digital mining machines during 2022.Subject to written notice from us and an opportunity by Gryphon to cure for a period of up to 180 days, the Gryphon MSA provided us with the right to terminate the Gryphon MSA in the event of: (i) Gryphon's failure to perform the Services under the Gryphon MSA in a professional and workmanlike manner in accordance with generally recognized digital mining industry standards for similar services, or (ii) Gryphon's gross negligence, fraud or willful misconduct in connection with performing the Services.Gryphon shall be entitled to specific performance or termination for cause in the event of a breach by us, subject to written notice and an opportunity to cure for a period of up to 180 days.As consideration for the Gryphon MSA, Gryphon shall receive the equivalent of 22.5% of the net operating profit, as defined in the Gryphon MSA, of all of our blockchain and digital currency related operations as a management fee.",N/A
"A significant decline in general economic conditions, caused by  inflation, recession, pandemics, acts of terrorism, outbreaks of hostilities or other international or domestic calamities, unemployment, monetary  and fiscal policies of the federal government or other factors could impact these local economic conditions and could negatively affect the  Company's financial condition, results of operations and cash flows.The Company's business, financial condition, liquidity and results of operations may be, adversely affected by a resurgence of COVID-19 or  other pandemics.The COVID-19 pandemic negatively impacted the local, state, national, and world economies.The pandemic created economic and  financial disruptions that have adversely affected, and have the potential to continue to adversely affect, the Company's business, financial  condition, liquidity and results of operations.Although the pandemic has subsided, a resurgence of COVID-19 or other pandemics could  adversely impact our business, financial condition, liquidity and results of operations.",N/A
"Many companies, including companies with which we have long-standing relationships, put their advertising and marketing communications business up for competitive review from time to time, and we have lost client accounts in the past as a result of such reviews.Our clients may choose to terminate their contracts, or reduce their relationships with us, on a relatively short time frame and for any reason, including as a result of such competitive reviews, external factors such as economic conditions or their own financial distress, competition from other marketing services providers or clients' dissatisfaction with our services, reputation or personnel.For example, the loss of clients and reduced spending among existing clients contributed to the decline in our revenue in 2023.A relatively small number of clients contributes a significant portion of our revenue, which magnifies this risk.In the aggregate, our top ten clients based on revenue accounted for approximately 22% of our revenue for the year ended December 31, 2023, and historically, client concentration has increased during election years due to the cyclical nature of our advocacy Brands.",N/A
"• Changes or developments in the health insurance markets in the United States, including passage and implementation of a law to create a single- payer or government-run health insurance program, could adversely harm our business, and results of operations.The health benefits industry may be subject to negative publicity, which could adversely affect our business, financial condition and results of operations.If our information technology systems, or those of our provider clinics, specialty pharmacies or other vendors, lag, fail or suffer security breaches, we may incur a material disruption of our services or suffer a loss or inappropriate disclosure of confidential information, which could materially impact our business and the results of operations.Our business depends on our ability to maintain our Center of Excellence network of high-quality fertility specialists and other healthcare providers.If we are unable to do so, our future growth would be limited and our business, financial condition and results of operations would be harmed.",N/A
"In addition,  we have entered into a limited number of partner and distributor agreements.Any loss, commercial failure, or termination of rights pursuant to these agreements  could delay or hinder our commercialization efforts.In the event we are unable to successfully grow and maintain our marketing and sales force or collaborate with necessary third-party marketing and sales  organizations, we would not be able to commercialize our approved medicines and our business, results of operations, financial condition, and prospects would  be materially adversely affected.Our commercial success may be severely hindered if we are unable to obtain and/or maintain adequate coverage and reimbursement for our approved  medicines and any future product candidates, if approved.The availability of coverage and adequate reimbursement from private third-party payors such as pharmacy benefit managers and commercial insurers,  and governmental healthcare programs, such as Medicaid in the U.S. and equivalent programs in foreign countries, is critical to the commercial success of our  approved medicines in the U.S. and in international markets.",N/A
"Further, such events could have macro  implications, such as adversely impacting consumer discretionary spending, causing geopolitical uncertainty, and  resulting in a macroeconomic downturn and disruption in the financial markets.Given the seasonality inherent in our  business, the impact of such events or circumstances on our business would be particularly severe if the timing coincides  with the peak months of swimming pool use and pool installation and maintenance.Our response and the response of  other impacted persons to any such event may result in an increase in our operating costs and require significant  management resources, and we could incur impairment expense for any impacted assets.The ongoing war between Russia and Ukraine, and related sanctions and other actions that have been or may be  enacted by the United States, the European Union, or other governing entities could have a lasting impact on regional  and global economies and adversely affect our business, our business partners, our suppliers, and our customers.While  our operations are primarily within North America and we have no operations in Russia or Ukraine, and we do not have  direct exposure to customers and vendors in Russia and Ukraine, we continue to monitor any adverse impact that such  events may have on the global economy in general, on our business and operations and on the businesses and operations  of our business partners, suppliers and customers.",N/A
"If we discover software defects in our products, we may experience delayed or lost revenues during the period it takes to correct these problems.Defects, whether actual or perceived, could result in adverse publicity, loss of revenues, product returns, a delay in market acceptance of our products, loss of competitive position or claims against us by customers.Any such problems could be costly to remedy and could cause interruptions, delays, or cessation of our product sales, which could cause us to lose existing or prospective customers and could negatively affect our results of operations.Financial, Investment and Indebtedness RisksIf we are unable to meet our obligations as they become due over the next twelve months, the Company may not be able to continue as a going concern.",N/A
"Our recent growth may not be indicative of our future growth and, if we continue to grow, we may not be able to manage our growth effectivelyWe have experienced growth in operations and headcount, which has placed, and will continue to place, significant demands on our management team and our administrative, operational and financial infrastructure.We have also significantly increased the size of our customer base over the last several years.Our success will depend in part on our ability to manage this growth effectively.To manage the growth of our operations and personnel, we will need to continue to improve our operational, financial and management controls and our reporting systems and procedures.",N/A
"• Competition in the markets in which we operate may result in a decrease in our market share and/or profitability.We could suffer significant losses from credit exposure.Our ability to meet our obligations, and the cost of funds to do so, depend on our ability to access identified sources of liquidity at a reasonable cost.We may need to raise additional capital, and we cannot be sure that additional financing will be available or available on attractive terms.• Reduction in our credit ratings or an increase in our credit spreads could adversely affect our business, liquidity and cost of funding.",N/A
"Certain federal and state healthcare laws and regulations pertaining to fraud and abuse and patients' rights, among other topics, are and will be applicable to our business.Our licensees and the licensed products are subject to regulation by both the federal government and the states in which we or our partners conduct our business.The healthcare laws and regulations that may affect our licensees' ability to operate and our ability to receive licensing revenues include:● the federal Anti-Kickback Statute, which prohibits, among other things, any person or entity from knowingly and willfully offering, soliciting, receiving or providing any remuneration (including any kickback, bribe or rebate), directly or indirectly, overtly or covertly, in cash or in kind, to induce either the referral of an individual or in return for the purchase, lease, or order of, or the arranging for, any good, facility item or service, for which payment may be made, in whole or in part, under federal healthcare programs such as the Medicare and Medicaid programs;● federal civil and criminal false claims laws and civil monetary penalty laws, including, for example, the federal civil False Claims Act, which impose criminal and civil penalties, including civil whistleblower or qui tam actions, against individuals or entities for, among other things, knowingly presenting, or causing to be presented, to the federal government, including the Medicare and Medicaid programs, claims for payment that are false or fraudulent or making a false statement to avoid, decrease or conceal an obligation to pay money to the federal government;",N/A
"The production of automobiles with our products has been and may  continue to be adversely affected with production delays and our ability to provide engineering support and implement design changes for customers may  be impacted by restrictions on travel and quarantine policies put in place by businesses and governments.The full extent to which the COVID-19 pandemic  adversely affects our financial performance will depend on future developments, many of which are outside of our control, are highly uncertain and cannot  be predicted, including, but not limited to, the duration and spread of COVID-19, including variants, its severity, the effectiveness of actions to treat or  contain the virus and its impact and the extent to which normal economic and operating conditions are impacted.The COVID-19 pandemic could also  result in additional governmental restrictions and regulations, which could adversely affect our business and financial results.Even after the COVID-19  pandemic has lessened or subsided, we may continue to experience adverse impacts on our business and financial performance, our ability to access needed  capital and liquidity, and the value of our common stock as a result of its global economic impact.Our strategy to increase cloud connected services may adversely affect our near-term revenue growth and results of operations.",N/A
"We generated revenues of $5,502.8 million for the year ended December 31, 2023 as compared to revenues of $5,283.0 million for the year ended December 31, 2022.In 2023, we generated 73% of our revenues from clients in North America and 27% from clients outside North America.Our revenues are highly diversified, with our largest client in 2023 accounting for less than 5% of our revenues.Additional financial information, including geographic information, is available in our Consolidated Financial Statements and Note 13 to our Consolidated Financial Statements.We serve a number of vertical markets within the financial services and healthcare industries.",N/A
"Our touchless security screening systems have screened over one billion visitors since 2019 worldwide since our inception.We believe that we have screened more visitors through advanced AI-based detection systems in the United States than any organization, other than the United States Transportation Security Administration (“TSA”).Our customers include many iconic venues across a wide variety of industries, including major sports stadiums and arenas, notable performing arts and entertainment venues, major tourist destinations and cultural attractions, hospitals, large industrial workplaces, schools, and prominent houses of worship.We offer our products for lease or purchase and utilize a multi-year security-as-a-service subscription pricing model that delivers ongoing value to customers, generates predictable revenue, and creates expansion and upsell opportunities.We believe that most people associate security screening with airports, courthouses, and prisons.",N/A
"In addition, the continued prominence and growth of the  online retail sales channel has presented both us and our customers that sell our products online with the challenge of  balancing online and physical store retailing methods.Alternative retail channels could potentially become more prevalent  than the traditional retailers upon whom we rely for the majority of our business and operating profit.As a result of  changes in end-user preference, some sales are shifting more to these online retail sales channels, and this may present a  challenge in our markets where we have a less developed e-commerce business.Although we are engaged in e-commerce  with respect to our products, if we are not successful in expanding sales in such alternative retail channels or we experience  challenges with operating in such channels, our financial condition and results of operations may be negatively impacted.In addition, a change in the strategies of our existing customers, including shelf simplification, the discontinuation of  certain product offerings or the shift in shelf space to competitors' products could reduce our sales and potentially offset  sales volume increases achieved as a result of other sales growth initiatives.",N/A
"Transferring operations of the Company to lower cost regions may not result in the intended cost benefits.The Company is  continuing its rationalization of manufacturing capacity between all existing manufacturing facilities and the manufacturing  complexes in lower cost regions.To implement this strategy, the Company must complete the transfer of assets and intellectual  property between operations.Each of these transfers involves the risk of disruption to the Company's manufacturing capability,  supply chain, and, ultimately, to the Company's ability to service customers and generate revenues and profits and may include  significant severance amounts.Delays in introducing new products or the inability to achieve or maintain market acceptance with existing or new products  may cause the Company's revenues to decrease.",N/A
"Further, data generated during development can be interpreted in different ways, and the FDA, EMA or comparable foreign  authorities may interpret such data in different ways than us or our collaborators.Our failure to adequately demonstrate the safety and efficacy of our drug  candidates would prevent our receipt of regulatory approval, and ultimately the potential commercialization of these drug candidates.Since we do not currently possess the resources necessary to independently develop and commercialize the majority of our drug candidates, we may seek to  enter into collaborative agreements to assist in the development and potential future commercialization of some or all of these assets as a component of our  strategic plan.However, our discussions with potential collaborators may not lead to the establishment of collaborations on acceptable terms, if at all, or it  may take longer than expected to establish new collaborations, leading to development and potential commercialization delays, which would adversely  affect our business, financial condition and results of operations.We expect to continue to incur significant research and development expenses, which may make it difficult for us to attain profitability.",N/A
"During 2023, union organizing efforts occurred at two locations of a U.S. subsidiary, which resulted in fewer than 30 of our  employees being represented by a union.Additional unionization, if broad-based, could have a material adverse effect on our  costs, efficiency, and profitability.Driver or other employee dissatisfaction and regulations that govern organization procedures  could impact our ability to effectively or timely address any organization efforts.Increases in fuel prices and shortages of fuel can have a material adverse effect on the results of operations and  profitability.Increases in fuel prices and shortages of fuel can be caused by, among other things, changes in macroeconomic and geopolitical  conditions.",N/A
"These laws and regulations are complex, and we do not always have the benefit of significant regulatory or judicial interpretation of these laws and regulations.Changing interpretations or enforcement of these laws and regulations could subject our current or past practices to allegations of impropriety or illegality or could require us to change our operations, equipment, personnel, services, capital expenditure programs and operating expenses.Public and government calls for increased survey and enforcement efforts toward our industries could result in increased scrutiny and potential sanctions or costly remedies.Government authorities have increased the scope or number of inspections or surveys and the severity of consequent citations for alleged failure to comply with regulatory requirements.As discussed in Item 1., Government Regulation, from time to time in the ordinary course of business, we receive deficiency reports from state and federal regulatory bodies resulting from such inspections or surveys.",N/A
"If our Delivery Systems are not accepted and adopted by our customers, if our customers experience significant performance interruptions or if our Syndeo 3.0 devices do not meet our performance standards, or if we experience an RMA rate for Syndeo 3.0 devices significantly above historical averages, our revenue and results of operations will be materially and adversely affected.Our new product introductions may not be as successful as we anticipate.The beauty health industry is driven in part by beauty and skincare trends, which may shift quickly.Our continued success depends on our ability to anticipate, gauge and react in a timely and cost- effective manner to changes in consumer preferences for beauty health products, consumer attitudes toward our industry and brand and where and how consumers shop for and use these products.We must continually work to develop, produce and market new products, maintain and enhance the recognition of our brand, maintain a favorable mix of products and develop our approach as to how and where we market and sell our products.",N/A
"Our  ability to increase comparable restaurant sales depends in part on our ability to successfully implement our initiatives, including  increasing guest traffic.It is possible that such initiatives will not be successful, that we will not achieve our target comparable  restaurant sales growth or that the change in comparable restaurant sales could be negative, which may cause a decrease in  restaurant revenue and profitability that could materially adversely affect our business, financial condition, results of operations or  cash flows.For example, in 2023 we experienced a decline in same store sales, as well as an increased loss from operations.Changes in economic conditions, including higher inflationary pressures and continued elevated interest rates, may reduce  customer demand and increase our costs.Our business, and the restaurant industry in general, depends on consumer discretionary spending.",N/A
"We have concentrated our research and development efforts on our allogeneic gamma delta T cell therapy and our future success depends on the  successful development of this therapeutic approach.We are in the early stages of developing our platform and product candidates and there can be no  assurance that any development problems we have experienced or may experience in the future will not cause significant delays or result in unforeseen  issues or unanticipated costs, or that any such development problems or issues can be overcome.We may also experience delays in developing a  sustainable, reproducible and scalable manufacturing process or transferring that process to commercial partners, which may prevent us from completing  our future clinical studies or commercializing our products on a timely or profitable basis, if at all.In addition, our expectations with regard to the  advantages of an allogeneic gamma delta T cell therapy platform relative to other therapies may not materialize or materialize to the  39Further, our scalability and costs of manufacturing may vary significantly as we develop our product candidates and understand these  critical factors.",N/A
"While we anticipate that adjustable-rate loans will better offset the adverse effects of an increase in interest rates as compared to fixed-rate loans, an increased monthly payment required of adjustable-rate loan borrowers in a rising interest rate environment could cause an increase in delinquencies and defaults.The marketability of the underlying property also may be adversely affected in a high interest rate environment.In addition, although adjustable-rate loans make our asset base more responsive to changes in interest rates, the extent of this interest sensitivity is somewhat limited by the annual and lifetime interest rate adjustment limits on adjustable-rate loans.To help minimize the risks associated with rising interest rates and the subsequent risk of default, we often perform a stress analysis during underwriting.MultiFamily and Non-Residential Real Estate Loans.",N/A
"27 Table of Contents Risks Related to the Development and Commercialization of Our Tests and Test Candidates • Our tests in development may not be clinically effective or may never achieve significant commercial market acceptance and our test offerings that we have recently launched or acquired may not be commercially successful.If we do not compete effectively with scientific and commercial competitors, we may not be able to successfully commercialize our tests, increase our revenue or achieve and sustain profitability.If our current research collaborators or scientific advisors terminate their relationships with us or develop relationships with a competitor, our ability to discover genes, proteins, and biomarkers, and to validate and commercialize tests could be adversely affected.Risks Related to Our Intellectual Property •If we fail to protect our proprietary technology, others could compete against us more directly, which would harm our business.",N/A
"See Item 7, “Management's Discussion and Analysis of Financial Condition and Results of Operations—Material Cash Requirements” for disclosure of the approximate aggregate amount of principal indebtedness scheduled to mature.The terms of the Company's debt instruments contain various maintenance or other restrictive covenants customary for arrangements of these types.The restrictive covenants restrict our ability to, among other things incur additional debt and issue preferred stock; pay dividends and make other distributions; make investments and other restricted payments; make acquisitions; merge, consolidate or transfer all or substantially all of our assets; enter into sale and leaseback transactions; create liens; sell assets or stock of our subsidiaries; and enter into transactions with affiliates.Nexstar's senior secured credit facility requires us to maintain or meet certain financial ratios, including a maximum consolidated first lien net leverage ratio of 4.25 to 1.00.Future financing agreements may contain similar, or even more restrictive, provisions and covenants.",N/A
"With some exceptions, we and our subsidiaries are prohibited from tying the provision of various products or services, such as extensions of credit, to other products or services offered by us, or our affiliates.The stock of the Company is registered with the SEC under the Exchange Act.As such, the Company is subject to the information, proxy solicitation, insider trading restrictions and other requirements of the SEC under the Exchange Act.Heritage Bank The Bank is a Washington state-chartered commercial bank, the deposits of which are insured by the FDIC, and is subject to regulation by the FDIC and the DFI.Applicable Federal and State statutes and regulations which govern a bank's operations relate to minimum capital requirements, required reserves against deposits, investments, loans, legal lending limits, mergers and consolidation, borrowings, issuance of securities, payment of dividends, establishment of branches, privacy, anti-money laundering and other aspects of its operations, among other things.",N/A
"Our failure to adequately demonstrate the safety and efficacy of our product candidates would prevent our receipt of regulatory approval, and ultimately the potential commercialization of these product candidates.Table of Contents 26 Since we do not currently possess the resources necessary to independently develop and commercialize our product candidates or any other product candidates that we may develop, we may seek to enter into collaborative agreements to assist in the development and potential future commercialization of some or all of these assets as a component of our strategic plan.However, our discussions with potential collaborators may not lead to the establishment of collaborations on acceptable terms, if at all, or it may take longer than expected to establish new collaborations, leading to development and potential commercialization delays, which would adversely affect our business, financial condition and results of operations.We may expend our limited resources to pursue a particular product candidate or indication and fail to capitalize on product candidates or indications that may be more profitable or for which there is a greater likelihood of success.Because we have limited financial and managerial resources, we focus on research programs and product candidates that we identify for specific indications among many potential options.",N/A
"We may be unable to adequately control the substantial costs associated with our operations.We will require significant capital to develop and grow our business.We have incurred and expect to continue to incur significant expenses, including leases, sales and distribution expenses as we build our brand and market our vehicles; expenses relating to developing and manufacturing our vehicles, constructing, tooling and expanding our manufacturing facilities; research and development expenses (including expenses related to the development of the Lucid Air, the Lucid Gravity and other future products); raw material procurement costs; and general and administrative expenses as we scale our operations and incur the costs of being a public company.Increased competition and adverse economic conditions have in the past and may continue in the future to require us to spend additional resources to attract customers, which in turn may result in higher marketing and incentive expenses.Furthermore, lower production and sales volumes may result in an inability to fully utilize our purchase commitments with suppliers which could result in increased costs and excess inventory as well as potential inventory write-offs.",N/A
"Failure at any stage of clinical testing is not uncommon and we may encounter problems that would require additional, unplanned trials or  cause us to abandon a clinical development program.In addition, a clinical trial may be suspended or terminated by us, an IRB, a data safety monitoring board, the FDA, or other regulatory  authorities due to a number of factors, including: • lack of adequate funding to continue the trial; • failure to conduct the trial in accordance with regulatory requirements or the trial's protocol; • inspection of clinical trial operations or sites by the FDA or other regulatory authorities resulting in the imposition of a clinical  hold; • unforeseen safety issues, including adverse side effects; or • changes in governmental regulations or administrative actions.Changes in governmental regulations and guidance relating to clinical trials may occur and we may need to amend clinical trial protocols to  reflect these changes, or we may amend trial protocols for other reasons.Amendments may require us to resubmit protocols to IRBs for re- examination and approval or renegotiate terms with CROs, clinical trial sites, and investigators, all of which may adversely impact the costs  or timing of or our ability to successfully complete a trial.Even if our clinical trials are completed, the results may not be sufficient to obtain regulatory approval for our product candidate.",N/A
"We may also  have to forego future revenue streams of research programs at an earlier stage of development or on less favorable terms than we would otherwise choose or have to  grant licenses on terms that may not be favorable to us.Our ability to raise additional funds will depend on financial, economic and other factors, many of which are  beyond our control.Our financial condition could be adversely affected by general conditions in the global economy and in the global financial markets.For example,  global financial crises have caused extreme volatility and disruptions in the capital and credit markets.Additionally, although we had no direct exposure to the March  2023 failure of Silicon Valley Bank, its potential near- and long-term effects on the biotechnology industry and its participants such as our vendors, suppliers,  collaborators and investors, may also adversely affect our financial condition, operations and stock price.",N/A
"As a result of our expected operating losses and cash burn for the foreseeable future and recurring losses from operations, if we are unable to raise sufficient capital through additional debt or equity arrangements, there will be uncertainty regarding our ability to maintain liquidity sufficient to operate our business effectively, which raises substantial doubt as to our ability to continue as a going concern.If we cannot continue as a viable entity, our stockholders would likely lose most or all of their investment in us.If we are unable to generate sustainable operating profit and sufficient cash flows, then our future success will depend on our ability to raise capital.We cannot be certain that raising additional capital, whether through selling additional debt or equity securities or obtaining a line of credit or other loan, will be available to us or, if available, will be on terms acceptable to us.If we issue additional securities to raise funds, these securities may have rights, preferences, or privileges senior to those of our common stock, and our current stockholders may experience dilution.",N/A
"Residential revenue accounted for 75% of total revenue for the year ended December 31, 2023.This level of revenue  concentration suggests that even modest decreases in individual spending across the real estate partner population, caused by  actual or perceived decreases to return on investment, preference for a competitive product or service, or other factors, could  have a significant negative impact on our ability to use proceeds generated from our Residential products and services to invest  in our other products and services, which we view as a key competitive advantage.Any such decreases in spending could also  adversely affect our results of operations.We do not have long-term contracts with many of our real estate partners.Our real  estate partners could choose to modify or discontinue their relationships with us with little or no advance notice.",N/A
"If our customers do not renew their contracts, our revenue may grow more slowly than expected, may not grow at all, or may decline.Additionally, increasing incremental sales to our current customer base may require increasingly sophisticated and costly sales efforts that are targeted at senior management.We plan to continue expanding our sales efforts but we may be unable to hire qualified sales personnel, may be unable to successfully train those sales personnel that we are able to hire and sales personnel may not become fully productive on the timelines that we have projected, or at all.Additionally, although we dedicate significant resources to sales and marketing programs, these sales and marketing programs may not have the desired effect and may not expand sales.We cannot provide assurance that our efforts will increase sales to existing customers or generate additional revenue.",N/A
"In addition, our effort f s and investments to implement systems and processes to scale operations may not be sufficient or may not be appropriately executed.As a result, we may incur significant losses in the future for a number of reasons, including the other risks described herein, and unforeseen expenses, difficulties, complications or delays, and other unknown events.If we are unable to achieve and sustain profit f ability, the value of our business and Class A common stock may significantly decrease.We have a limited operating i hist i or t y, r which makes it diffi i cult to forecast our future results of operations.As a result of our limited operating history, our ability to accurately forecast our future results of operations is limited and subj u ect to a number of uncertainties, including our ability to plan for and model future growth.",N/A
"We have granted exclusive licenses to third parties for the commercialization of sparsentan in certain territories outside of the United States, including Europe, Australia, New Zealand, Japan, South Korea, Taiwan and the ASEAN member states.Consequently, the commercial success of sparsentan in these territories will depend in significant part on the efforts of such third parties, over which we will have limited control.In August 2022, Vifor Pharma Group was acquired by CSL Limited, parent company to CSL Behring and is now operating under the brand CSL Vifor.We do not currently know what effect, if any, this acquisition will ultimately have on our relationship with CSL Vifor.While our agreement with CSL Vifor remains in place following the acquisition, there is no guarantee that our collaboration with CSL Vifor will not be affected, adversely or otherwise, by the change in ownership.",N/A
"We may  never become profitable or, if achieved, be able to sustain profitability.We will require substantial additional financing, and a failure to obtain this necessary capital when needed on acceptable terms, or at all,  could force us to delay, limit, reduce, or terminate our product development, other operations or commercialization efforts.We rely on third parties to conduct our clinical trials.If any third party does not meet our deadlines or otherwise conduct the trials as required  and in accordance with regulations, our clinical development programs could be delayed or unsuccessful and we may not be able to obtain  regulatory approval for or successfully commercialize our product candidates when expected, or at all.• Public health emergencies, epidemics or pandemics may impact our business.",N/A
"In 2023, we received FDA approval of a Premarket Approval Supplement, or PMA-S, which updated the qualification criteria for centers and clinicians that may prescribe and implant the RNS System.This PMA-S approval allows us to expand our commercial efforts to target and be able to qualify the approximately 1,800 additional epileptologists outside of Level 4 CECs and the entire population of functional neurosurgeons, empowering them to provide the RNS System as a much-needed treatment option for their patients and expanding our current annual core market opportunity to all 575,000 adults in the United States with drug- resistant focal epilepsy, representing approximately $27 billion for initial RNS System implants.Our RNS System has an estimated average battery life of nearly eleven years, an increase from the previous model of the device.The sale of replacement neuromodulation devices provides a recurring revenue stream that is additive to the annual market opportunity for initial implants.Resective or ablative surgery that removes or destroys the brain tissue at the source of the seizure onset has historically been considered the best treatment option for drug-resistant focal epilepsy.",N/A
"We depend on growth and economic stability in the end markets that use our products.Any slowdown in the growth and economic stability of these end markets could harm our business.Our continued success will depend in large part on general economic growth and stability, and growth and stability within our target markets in the automotive market, enterprise computing market, communications market, consumer electronics market, and industrial market.Factors affecting these markets could seriously harm our customers and/or end customers and, as a result, harm us, examples of which include: ■ Reduced sales of our customers' and/or end customers' products.The effects of catastrophic and other disruptive events at our customers' and/or end customers' offices or facilities including, but not limited to, natural disasters, telecommunications failures, cyber-attacks, terrorist attacks, regional conflicts, pandemics, epidemics or other outbreaks of infectious disease, including the recent COVID-19 pandemic, breaches of security or loss of critical data.",N/A
"This product line includes age-defying and hydrating cleansers, creams, lotions, serums and toners to moisturize, protect and improve the appearance of skin.Facial skin care and hand and body careSkindulgence™ 30 Minute Firming System, BioCell SC Mask, Skindulgence™ Essence Gel, Valesce™ Eye Cream, Floraeda Toner and Primer, Botanical Hand Protector™, Airelle® Age-Defying Facial Serum, Airelle® Intense Hydrating Repair Complex, Airelle® Age-Defying Eye & Lip Treatment, Color Awakening Lipstick™, Adamas™ Brightening Series, Micellion Cleansing Water, Skindulgence™ Probiotic Ampoule, Skindulgence™ Daily Gentle Facial CleanserProducts uniquely formulated to improve overall quality of life and to support active, physical and healthy lifestyles including weight management, and energy enhancing supplements.Supplements and topical gels for improved vitality",N/A
"Our estimates of market opportunity and forecasts of market growth may prove to be inaccurate, and even  if the market in which we compete achieves the forecasted growth, our business could fail to grow at  similar rates, if at all.We rely on the accuracy of third-party data, and inaccuracies in such data could adversely impact our  approval process.The success and growth of our business depends upon our ability to continuously innovate and develop new  products and technologies.To the extent that we seek to grow through future acquisitions, or other strategic investments or alliances,  we may not be able to do so effectively.Risks Related to Our Indebtedness •",N/A
"During the year  ended December 31, 2023, we sold 639,825 ordinary shares under the Sales Agreement at an average price of $1.68 per share for net proceeds of $1.0 million.As of December  31, 2023, net proceeds of $16.2 million have been received from the exercise of certain warrants issued as part of the June 30, 2020 Offering, October 2020 Offering and  February 2021 Underwritten Offering.We have devoted substantially all of our financial resources and efforts to research and development, including preclinical and clinical  development, for our sulopenem program.Following receipt of the CRL, in order to reduce operating expenses and conserve cash resources, we halted any remaining pre-commercial activities for oral sulopenem  and plan to limit spending to essential costs required in connection with the potential resubmission of the NDA.We expect to continue to incur significant expenses and increasing operating losses as we conduct clinical trials of oral sulopenem and sulopenem, seek marketing  approval for oral sulopenem if clinical trials are successful, engage in pre-commercialization activities and pursue the development of our sulopenem program in additional  indications, including through preclinical and clinical development.",N/A
"Our commitment to our core values is matched by our passion for innovative design and exceptional craftsmanship.Our award-winning in-house design studio keeps thoughtful design at the heart of everything we do and allows us to quickly adapt to consumer insights and marketplace trends.We utilize our customer dataset, strong relationships with our customers, and highly engaged social media following to continuously uncover consumer insights and trends.We track over 50 attributes associated with our products to inform our development and merchandising decisions.We create unique, exclusive styles that are expertly crafted to be beautiful from every angle and have been featured in leading publications, including Vogue, Forbes, and Women's Wear Daily.",N/A
"For as long as media and commerce have existed, brands have largely been in control of their message.Brands determined how and when to communicate with their audience, giving them significant control over their reputation.With the rise of social media, the balance of power has shifted to the consumer.Nearly half of the world's population is sharing opinions across social media daily, shaping public perception and influencing purchasing decisions at enormous scale.• Social media is driving trends and purchasing decisions.",N/A
"Failure to achieve or sustain profitability could have a material adverse effect on our business.Our growth strategy has resulted in operating losses and negative cash flows from operations that raised substantial doubt about our ability to continue as a going concern.Our independent registered public accounting firm included an explanatory paragraph in its report on our financial statements as of and for the year-ended December 31, 2023, that raised substantial doubt about our ability to continue as a going concern.If we are unable to continue as a going concern or maintain our financial covenants with our lenders, we may have to make significant changes to our operating plan, such as delay expenditures, reduce investments in new products, delay the development of our software, reduce our sale and distribution infrastructure, or significantly reduce our business.Further, if we are unable to continue as a going concern, we may be forced to liquidate our assets and the values we receive for our assets in liquidation or dissolution could be significantly lower than the values reflected in our financial statements.",N/A
"• We do not expect that our insurance policies will cover all of our business exposures thus leaving us exposed to significant uninsured liabilities.• We may incur penalties if we fail to comply with healthcare regulations.• We may not be able to recover from any catastrophic event affecting our suppliers.• Our business and operations would suffer in the event of third-party computer system failures, cyber-attacks on third-party systems or deficiency in our cyber security.• The COVID-19 outbreak delayed recruitment in our clinical trials in the past and may return, may affect the business of the FDA, EMA or other health authorities, which could result in delays in meetings related to our planned clinical trials and ultimately of reviews and approvals of our product candidates.",N/A
"We offer forums and formal training programs for our employees to enable them to continue their education and share best practices and experiences, which creates an ongoing evolution and community with respect to diversity and inclusion and belonging in the workplace.Training and Development We develop our personnel by offering in-house learning and development resources.These include online and in-person training programs on a variety of topics in order to foster career growth both long term and short term.For example, we offer leadership training to help ensure our future business leaders have the necessary skill sets to manage and lead our organization.Wellness, Health and Safety",N/A
"It is particularly difficult to predict whether or when we will receive large-scale projects as these contracts are affected by several factors including lengthy and complex bidding and selection process, among others.Other factors include market conditions, financing arrangements, and required governmental approvals.While we do not have any contract with the requirement to provide a bond or letter of credit to protect the customer from our failure to perform under the terms of the contract, we may be required to do so at some time in the future.We generate revenues from such project awards; as such, our results of operations and cash flows can fluctuate significantly from quarter to quarter depending on the timing of our contract awards and the commencement or progress of work under awarded contracts.Furthermore, many of these contracts are subject to financing contingencies and, as a result, we are subject to the risk that the customer will not be able to secure the necessary financing for the project.",N/A
"We will continue to require  substantial additional capital to continue our clinical development activities and expand our regulatory, manufacturing and commercialization activities.Accordingly, we will  need to raise substantial additional capital to continue to fund our operations from the sale of our securities, debt, partnering arrangements, non-dilutive fundraising or other  financing transactions in order to finance the remaining development and commercialization of our product candidate.The current financing environment in the United States,  particularly for biotechnology companies like us, is challenging and we can provide no assurances as to when this will improve.Our business may be impacted by  macroeconomic conditions, including inflation, interest rates and market conditions as well as political events, war, terrorism, business interruptions and other geopolitical  events and uncertainties beyond our control.These factors may make it challenging to raise additional capital on favorable terms, if at all.",N/A
"• Global economic uncertainty and financial market volatility caused by political instability, changes in international trade relationships and  conflicts could make it more difficult for us to access financing and could adversely affect our business and operations.• Recent volatility in capital markets and lower market prices for many securities may affect our ability to access new capital through sales of  shares of our common stock or issuance of indebtedness, which may impact our liquidity, limit our ability to grow our business, pursue  acquisitions or improve our operating infrastructure and restrict our ability to compete in our markets.• Adverse developments affecting the financial services industry, such as actual events or concerns involving liquidity, defaults or non- performance by financial institutions or transactional counterparties, could adversely affect our current and projected business operations and  its financial condition and results of operations.The terms of our loan agreement place restrictions on our operating and financial flexibility.If we raise additional capital through debt  financing, the terms of any new debt could further restrict our operating and financial flexibility.",N/A
"Our antibody binding domain generally consist of a target-specific heavy chain paired with a common light chain.Multiple binding  domains can be combined to produce novel multispecific antibodies that bind to a wide range of targets and display novel and innovative biology.These  platforms, referred to as Biclonics® and Triclonics®, allow us to generate large numbers of diverse panels of bispecific and trispecific antibodies,  respectively, which can then be functionally screened in large-scale cell-based assays to identify those unique molecules that possess novel biology, which  we believe are best suited for a given therapeutic application.Further, by binding to multiple targets, Biclonics® and Triclonics® may be designed to  provide a variety of mechanisms of action, including simultaneously blocking receptors that drive tumor cell growth and survival and mobilizing the  patient's immune response by engaging T cells, and/or activating various killer cells to eradicate tumors.Our technology platforms employ an assortment of patented technologies and techniques to generate human antibodies.",N/A
"We are a biopharmaceutical company committed to bringing novel products to patients for the treatment of serious rare and ultrarare genetic  diseases.We have built a diverse portfolio of approved therapies and product candidates aimed at addressing diseases with high unmet medical need and  clear biology for treatment, for which there are typically no approved therapies treating the underlying disease.We were founded in April 2010 by our President and Chief Executive Officer, Emil Kakkis, M.D., Ph.D., and are led by a management team experienced  in the development and commercialization of rare disease therapeutics.Our strategy is predicated upon time- and cost-efficient drug development, with the  goal of delivering safe and effective therapies to patients with the utmost urgency.The critical components of our business strategy include the following:  • Focus on rare and ultrarare genetic diseases with significant unmet medical need and clear biology.",N/A
"Some  food-borne illness incidents could be caused by third-party food suppliers or delivery services or during guest takeout or catered events.The risk  may affect multiple restaurant locations.New illnesses resistant to our current precautions may develop in the future, or diseases with long  incubation periods could arise, any of which could give rise to retroactive claims or allegations.One or more food safety instances in one of our  restaurants could negatively affect sales at nearby or even all our restaurants, especially if highly publicized.Other restaurant chains have experienced incidents related to food-borne illness incidents that have had material adverse impacts on their  operations, and it's possible we could suffer a similar impact if a similar incident occurred at one of our restaurants.",N/A
"Conditions in the financial markets could affect our ability to obtain financing on reasonable terms and have other adverse effects on our operations.The financial markets could tighten with respect to secured real estate financing.Lenders with whom we typically deal may increase their credit spreads resulting in an increase in borrowing costs.Higher costs of mortgage financing may result in lower yields from our real estate investments, which may reduce our cash flow available for distribution to our stockholders.Reduced cash flow could also diminish our ability to purchase additional properties and thus decrease our diversification of real estate ownership.",N/A
"3According to PetKeen, there are approximately 8.9 million household dogs and cats in the Australia.The estimated penetration rate for medical insurance for  cats and dogs is approximately nine percent.Our total enrolled pets grew from 31,207 pets on January 1, 2010 to 1,714,473 pets on December 31, 2023, which represents a  compound annual growth rate of 33%.As a result, our revenue has grown from $19.1 million in 2010 to $1,108.6 million in  2023 which represents a compound annual growth rate of 34%.We are focused on attracting and retaining members by providing a best-in-class value and member experience.",N/A
"We expect to continue to incur substantial operating and capital expenditures to  advance our current product candidates through clinical development, continue research and discovery efforts to identify potential additional product  candidates and seek regulatory approvals for our current and future product candidates.All operations and capital expenditures will be funded from cash on  hand, securities offerings, debt financings and payments we may receive from out-licenses, collaborations or other strategic arrangements.Elevated  worldwide inflation rates that began in mid-2021 and continue to persist may also exacerbate the substantial operating and capital expenditures that we face  to advance our current and future product candidates.There is no assurance that we will be successful in raising any necessary additional capital on terms that are acceptable to us, or at all, particularly due to  the well-documented, ongoing sector-wide weakness in the biotech markets that began in early 2021.If we are unable to develop and commercialize any  product candidates and generate sufficient revenue or raise capital, we could be forced to reduce staff, delay, scale back or discontinue product development  and clinical studies, sacrifice attractive business opportunities, cease operations entirely and sell, or otherwise transfer, all or substantially all of our  remaining assets, which would likely have a material adverse impact on our business, results of operations, financial condition and share price.",N/A
"We will likely need additional certified laboratory scientists and other scientific and  technical personnel for the Personalized Product to identify and target therapeutically relevant, patient-specific neoantigens.We will likely also need to  acquire additional laboratory space and equipment, which can take several months or more to procure, set up and validate.These process enhancements and  increases in scale, expansion of personnel, laboratory space and equipment may not be successfully implemented, and we may not have adequate laboratory  facilities or resources to accommodate all the requirements that we currently anticipate needing to be successful.If we cannot satisfy our obligations,  Genentech is entitled to trigger a technology transfer of our TCR screening process (specific to the Personalized Product) or terminate the Genentech  Agreement.In addition, due to our significant obligations under the Genentech Agreement, we may face challenges in meeting the needs of existing  customers, collaborators and suppliers and securing new customers, including any biopharmaceutical customers that are actual or potential competitors  with Genentech.",N/A
"Similarly, weaker  economic conditions caused by recessions, unemployment, inflation, a decline in real estate values or other factors  beyond our control may adversely affect the ability of our borrowers to service their debt obligations and could result in  higher loan and lease losses and lower net income for us.Although there is not a single employer or industry in our market area on which a significant number of our  customers are dependent, a substantial portion of our loan portfolio is composed of loans secured by property located in  the Greater Boston metropolitan area.This makes us vulnerable to a downturn in the local economy and real estate  markets.Decreases in local real estate values caused by economic conditions or other events could adversely affect the  value of the property used as collateral for our loans, which could cause us to realize a loss in the event of a foreclosure.A worsening of business and economic conditions generally or specifically in the principal markets in which we  conduct business could have adverse effects on our business, including the following:  •  a decrease in the demand for, or the availability of, loans and other products and services offered by us;  •  a decrease in the value of our loans or other assets secured by residential or commercial real estate;  •  a decrease in interest income from variable rate loans due to declines in interest rates; and  •  an increase in the number of customers and counterparties who become delinquent, file for protection  under bankruptcy laws or default on their loans or other obligations to us, which could result in a higher  level of nonperforming assets, net charge-offs, provisions for credit losses, and valuation adjustments on  loans held for sale.",N/A
"Our contract manufacturers purchase significant amounts of metals, plastics and other materials to manufacture our products.In addition, they also purchase significant amounts of electricity to supply the energy required in their production processes.Global political instabilities may result in higher metal, plastic, electric, transportation and product costs, or could impair our ability to obtain products at marketable rates or at all.We are heavily dependent on inbound sea, rail and truck freight.Disruptions in the global supply chain and freight networks, has, and may continue to limit inbound and outbound shipment capacity and increase our cost of goods sold and certain operating expenses.",N/A
"Alternatively, we could be required to seek collaborators for our product candidates at an earlier stage than would otherwise be desirable or on terms 54 Table of Contents that are less favorable than might otherwise be available.We might need to relinquish or license on unfavorable terms our rights to our product candidates in markets where we otherwise would seek to pursue development and commercialization ourselves, or to license our intellectual property to others who could develop products that will compete with our products.Any of these actions could have a material adverse effect on our business, financial condition, results of operations, and prospects.We have a limited operating history, which may make it difficult to evaluate our technologies and product candidate development capabilities or to predict our future performance.We are a clinical-stage biotechnology company formed in 2011, with no products approved for commercial sale, and we have not generated any revenues from product sales.",N/A
"We have not yet demonstrated an ability to  successfully overcome such risks and difficulties, or to make such a transition.If we do not adequately address these risks and difficulties or successfully  make such a transition, our business will suffer.We have incurred significant net losses since inception and we expect to continue to incur significant net losses for the foreseeable future.We have incurred net losses in each reporting period since our inception, have not generated any revenue to date and have financed our operations  principally through the sale and issuance of common stock and preferred stock.net losses were $185.7 million and $320.0 million for the years ended December 31, 2023 and 2022, respectively.",N/A
"The long-term success of our business is partially dependent on a royalty-based business model, which is inherently risky.• A portion of our revenue and cash flow is dependent upon our customers' sales and other factors that are beyond our control or are difficult  to forecast.Risks Related to Financial Matters •We have significant indebtedness which could adversely affect our financial position.Our variable rate indebtedness may expose us to interest rate risk, which could cause our debt costs to increase significantly.",N/A
"Failure to achieve any of these endpoints or to show adequate benefit-risk profile in any of our programs, including our complement program (inclusive of BCX10013) and our other rare disease product candidates (including the additional therapies in our pipeline described in “Management's Discussion and Analysis of Financial Condition and Results of Operations—Overview—Recent Developments” in Part II, Item 7 of this report), could result in delays in or modifications to our trials or require the performance of additional unplanned trials.For example, dose-related observations in an ongoing BCX10013 nonclinical study reported in 2023 delayed the clinical program.If any of our product candidates is associated with adverse events or undesirable side effects or has properties that are unexpected, we may need to abandon development or limit development of that product candidate to certain uses or subpopulations in which the undesirable side effects or other characteristics are less prevalent, less severe or more acceptable from a benefit-risk perspective.Product candidates that initially show promise in clinical or preclinical testing could later be found to be associated with or to cause undesirable or unexpected side effects that could result in substantial modifications or delays in the development plans for our product candidates, significant unexpected costs, or the termination of programs, such as we experienced with BCX9930 in 2022 prior to discontinuing its development later that year.In addition, the development plans for our product candidates, including our clinical trials (inclusive of BCX10013), may not be adequately designed or executed, which could negatively affect the outcome and analysis of study results.",N/A
"Even if we are able to successfully achieve the above, we do not know what the reimbursement status of nomlabofusp  or any other future product candidates will be or when any of these products will generate revenue for us, if at all.We have not generated, and do not  expect to generate, any product revenue for the foreseeable future, and expect to continue to incur significant operating losses for the foreseeable future due  to the cost of research and development, non-clinical studies and clinical trials and the regulatory approval process for nomlabofusp and any future product  candidates.Our ability to generate revenue from nomlabofusp or any future product candidates also depends on a number of additional factors, including our  ability to: • successfully complete development activities, including the remaining non-clinical studies and planned clinical trials for our product candidates; • complete and submit BLAs to the FDA and MAAs to the EMA and obtain regulatory approval for indications for which there is a commercial  market; • complete and submit applications to, and obtain regulatory approval from, other foreign regulatory authorities; • manufacture or have manufactured any approved products in commercial quantities and on commercially reasonable terms; • develop a commercial organization, or find suitable partners, to market, sell and distribute approved products in the markets in which we have  retained commercialization rights; • achieve acceptance among patients, clinicians and advocacy groups for any products we develop; • obtain coverage and adequate reimbursement from third parties, including government payors; and • set a commercially viable price for any products for which we may receive approval.Because of the uncertainties and risks associated with these activities, we are unable to accurately predict the timing and amount of increased  expenses, and if or when we might achieve or maintain profitability.We and any future collaborators may never succeed in these activities and, even if we  do, or any future collaborators do, we may never generate revenues that are large enough for us to achieve profitability.",N/A
"Our Strategy  At Karyopharm we are passionate about our mission to positively impact patient lives and defeat cancer.With our first-in-class  SINE technology, our foundation is in our science.Our vision is to be a leading innovator that develops and commercializes  transformative medicines for patients and society.There are four key pillars that we believe will drive our underlying value and  provide significant market opportunities for us.• Maximize the Commercial Value of XPOVIO in Multiple Myeloma.",N/A
"Efforts to impose reduced reimbursement rates, greater discounts  and more stringent cost controls by government and other payors are expected to continue for the foreseeable future and  could adversely affect our business, financial condition and results of operations.Additionally, any delay or default by the  federal or state governments in making Medicare and/or Medicaid reimbursement payments could materially and adversely  affect our business, financial condition and results of operations.Reimbursement for Rehabilitation Therapy Services — Rehabilitation therapy revenue is primarily received from private  pay, managed care and Medicare for services provided at skilled nursing operations and senior living operations.The payments  are based on negotiated patient per diem rates or a negotiated fee schedule based on the type of service rendered.Reimbursement for Senior Living — Senior living facility revenue is primarily derived from private pay patients at rates  we established, with only a small portion of such revenue derived from state-specific programs such as Medicaid.",N/A
"We also provide trust and wealth management services, including serving as executor and trustee under wills and deeds and as guardian and custodian of employee benefits, and manage private investment accounts for individuals and institutions.Total wealth management assets under management and administration were $170.4 million at December 31, 2023.Our results of operations are primarily dependent on net interest income.Net interest income is the difference between interest income, which is the income that is earned on loans and investments, and interest expense, which is the interest that is paid on deposits and borrowings.Other significant sources of pre-tax income are service charges (mostly from service charges on deposit accounts and loan servicing fees), and fees from sale of residential mortgage loans originated for sale in the secondary market.",N/A
"Significant judgment, assumptions and estimates used in preparing our consolidated financial statements include, with respect to revenue, determining the allocation of the transaction price and measurement of progress, including (1) the constraint on variable consideration, (2) the allocation of the transaction price to the performance obligations using their standalone selling price 67 Table of Contents basis, and (3) the appropriate input or output based method to recognize collaboration revenue and the extent of progress to date.Our results of operations may be adversely affected if our assumptions change or if actual circumstances differ from those in our assumptions, which could cause our results of operations to fall below the expectations of securities analysts and investors, resulting in a decline in the trading price of our common stock.Additionally, we regularly monitor our compliance with applicable financial reporting standards and review new pronouncements and drafts thereof that are relevant to us.As a result of new standards, changes to existing standards and changes in their interpretation, we might be required to change our accounting policies, alter our operational policies, and implement new or enhance existing systems so that they reflect new or amended financial reporting standards, or we may be required to restate our published financial statements.Such changes to existing standards or changes in their interpretation may have an adverse effect on our reputation, business, financial position, and profit.",N/A
"U.S. and China disputes over trade, Taiwanese independence and China's expanding military presence may  result in additional tariffs, sanctions and trade restrictions.As a result of Russia's invasion of Ukraine, the U.S. has imposed, and  is likely to impose material additional, financial and economic sanctions and export controls against certain Russian organizations  and/or individuals, with similar actions either implemented or planned by the European Union (“EU”) and the U.K. and other  jurisdictions.Additionally, an armed conflict involving Hamas and Israel, as well as further escalation of tensions between Israel  and various countries in the Middle East and North Africa, may cause additional detrimental effects on the global economy,  including capital markets.To the extent changes in the global political environment have a negative impact on us or on the  markets in which we operate, our business, results of operations and financial condition could be materially and adversely  impacted.Our operations and clients are concentrated in large metropolitan areas.",N/A
"Many of the above-listed risk factors are beyond our control.Accordingly, we cannot assure you that we will ever be able to generate revenue through the sale of our product candidates.Any one of these factors or other factors discussed in this Annual Report could affect our ability to commercialize product candidates, which could impact our ability to earn sufficient revenues to transition from a developmental stage company and continue our business.If we do not obtain marketing approval of and commercialization of our product candidates, or are significantly delayed in doing so, our business will be materially harmed.We have a limited operating history and have incurred significant losses since our inception, and we anticipate that we will continue to incur losses for the foreseeable future and may never achieve or maintain profitability.",N/A
"We integrate the power of data across multiple channels to offer a singular brand voice that speaks to Millennial and Gen Z women.We seek to meet the Lulus customer wherever she is, enabling her discovery of the brand and providing her opportunities to interact with others in the Lulus community.Through this engagement with our customers, we strive to build personal connections that are authentic and durable.We attract and engage customers through a combination of owned, earned and paid media.Upon attracting a new or existing customer to our website or mobile experience, as well as in store, we seek to maximize conversion through a variety of strategies: Ɣ Brand Strength and Exclusivity:   Rooted in our primarily digital-first approach, our brand's strength thrives on a profound understanding of the Lulus customer.",N/A
"Our business could be negatively impacted by corporate citizenship and environmental, social, and governance (""ESG"")  matters and/or our reporting of such matters.27 Risks Related to our Merger with SeaSpineThe combined company may be unable to successfully integrate the Orthofix and SeaSpine businesses and realize the anticipated  benefits of the merger.The success of the merger will depend, in part, on our ability to successfully combine and integrate the Orthofix and SeaSpine  businesses, and realize the anticipated benefits, including synergies, cost savings, innovation and technological opportunities, and  operational efficiencies from the merger in a manner that does not materially disrupt existing customer, supplier, and employee  relations and does not result in decreased revenues due to losses of, or decreases in orders by, customers.If we are unable to  achieve these objectives within the anticipated time frame, or at all, the anticipated benefits may not be realized fully or at all, or  may take longer to realize than expected, and the value of our common stock may decline.",N/A
"If we are unable to raise additional funds through equity or debt financings when needed, we may be required to delay, limit, reduce or terminate our product development or future commercialization efforts or grant rights to develop and market drug candidates that we would otherwise prefer to develop and market ourselves.We have a limited operating history, and we expect a number of factors to cause our operating results to fluctuate on a quarterly and annual basis, which may make it difficult to predict our future performance.We are a clinical stage pharmaceutical company with a limited operating history.Our operations to date have been primarily limited to developing our technology and undertaking preclinical studies and clinical trials of cadisegliatin and our other drug candidates.We have not yet obtained regulatory approvals for any of our drug candidates.",N/A
"We expect to finance our cash needs through a combination of public or private equity offerings, debt financings, collaborations, strategic alliances,  licensing arrangements and other marketing or distribution arrangements.In addition, we may seek additional capital to take advantage of favorable market  conditions or strategic opportunities even if we believe we have sufficient funds for our current or future operating plans.Based on our research and  development plans, we expect that our existing cash, cash equivalents and investments will enable us to fund our operations for at least 12 months  following the date of this report.However, our operating plan may change as a result of many factors currently unknown to us, and we may need to seek  additional funds sooner than planned.Moreover, it is particularly difficult to estimate with certainty our future expenses given the dynamic nature of our  business, and the macro-economic environment generally.",N/A
"Interest rates increased significantly in 2022 and through the first half of 2023 as the FRB attempted to slow economic growth and counteract rising inflation.Further changes in interest rates and monetary policy reportedly are dependent upon the FRB's assessment of economic data as it becomes available.The FRB may maintain higher interest rates to counteract persistent inflationary price pressures, which could push down asset prices and weaken economic activity.A deterioration in economic conditions in the United States and our markets could result in an increase in loan delinquencies and non-performing assets, decreases in loan collateral values and a decrease in demand for our products and services, all of which, in turn, would adversely affect our business, financial condition and results of operations.Conversely, lower interest rates may reduce our realized yield on variable rate loans and investment securities and on new loans and securities, which would reduce our interest income and cause downward pressure on net interest income and net interest margin.",N/A
"In addition, our rapid growth may make it difficult to evaluate our future prospects.Our ability to forecast our future results of operations is subject to a  number of uncertainties, including our ability to effectively plan for and model future growth.We have encountered in the past, and may encounter in the future,  risks and uncertainties frequently experienced by growing companies in rapidly changing industries.If we fail to achieve the necessary level of efficiency in our  organization as it grows, or if we are not able to accurately forecast future growth, our business would be harmed.Moreover, if the assumptions that we use to  plan our business are incorrect or change in reaction to changes in our market, or we are unable to maintain consistent revenue or revenue growth, our share  price could be volatile, and it may be difficult to achieve and maintain profitability.",N/A
"Our board of directors, as well as our management team, provide direction and oversight with respect to the evolving priorities of our Company's ESG initiatives, organized into three pillars, which, in turn, contain focus areas for our attention and action: • Environmental.The Environmental pillar is focused on assessing and monitoring our environmental footprint, and proactively raising our firm-wide awareness of environmental risk and opportunity by committing to sustainable practices to oversee environmental aspects in our business activities.The Social pillar is focused on promoting diversity and inclusion, reinforcing our commitment to engage, develop and motivate our employees, and maintaining a rigorous cybersecurity program to protect our valuable data.The Governance pillar is focused on upholding our commitment to ethical business conduct, professional integrity and corporate responsibility by integrating strong governance and enterprise risk management oversight across all aspects of our business.Our People and Inclusive Culture",N/A
"Junior Liens and Consumer Loans.Consumer loans may entail greater risk than residential mortgage loans, as they can be unsecured, subordinately secured or secured by assets that depreciate rapidly.Repossessed collateral for a defaulted consumer loan may not provide an adequate source of repayment for the outstanding loan and a resulting deficiency often does not warrant further substantial collection efforts against the borrower.Consumer loan collections depend on the borrower's continuing financial stability, and therefore are likely to be adversely affected by various factors, including job loss, divorce, illness or personal bankruptcy.Furthermore, the application of various federal and state laws, including federal and state bankruptcy and insolvency laws, may limit the amount that can be recovered on such loans.",N/A
"Our recent increase in and planned increase in commercial real estate and commercial lending could expose us to increased lending  risks and related loan losses.At June 30, 2023, we had $203.9 million in commercial real estate and business loans (which include non-residential real estate loans,  multi-family loans, land loans and commercial loans), which represented 42.4% of our total loan portfolio at that date.Of this amount,  $157.6 million, or 32.8% of our total loan portfolio, was comprised of non-residential real estate loans made to small and medium-sized  business located in our market area.Our current business strategy is to continue to increase our originations of commercial real estate  loans in accordance with our conservative underwriting guidelines.Commercial real estate loans generally expose a lender to greater  risk of non-payment and loss than one- to four-family residential mortgage loans because repayment of the loans often depends on the  successful operation of the properties and the income stream of the borrowers.",N/A
"Our acquisition strategy targets companies with products that complement ours and that we believe  will appeal to our existing customer base, allowing us to pursue cross-selling opportunities.The addition of  ServiceMax in 2023 for the SLM part of our PLM portfolio further extends what was already a unique  portfolio of interconnected digital thread capabilities across the full product life cycle.The addition of  Codebeamer in 2022 for the ALM part of our PLM portfolio strengthened our offerings in the ALM space as  software becomes integral to more and more products, especially in regulated industries where  traceability is safety-critical.PLM is at the heart of digital transformation and has become essential technology at industrial  companies.No longer confined to the Engineering department, PLM data is driving decision-making  across organizations, enabling them to improve how products are designed, manufactured, and  serviced.",N/A
"If we cannot develop products or services in a timely manner in response to industry changes, or if our products or services do not  perform well, our business and financial condition may be adversely affected.Also, our new products or services may contain  defects or errors that give rise to product liability claims against us or cause our products to fail to gain market acceptance.Our  future success depends on our ability to successfully compete with other technology firms in attracting and retaining key technical  personnel.Failure to adapt to increasing automotive electronics customer requirements and a rapidly changing global automotive  electronics ecosystem may impact our competitiveness and result in a decline in sales or increased costs.Concentration in automotive electronics and our orders related to automotive electronics customers has been dominant in recent  years at 63% in 2023, 61% in 2022 and 58% in 2021.",N/A
"Future growth and profitability  depend upon expansion within the markets in which we currently operate and the development of new markets for our money transfer  services.Our expansion into new markets is dependent upon our ability to successfully apply our existing technology or to develop  new applications to satisfy market demand.We may not have adequate financial and technological resources to expand our  distribution channels and product applications to satisfy these demands, which may have an adverse impact on our ability to achieve  the expected growth in revenues and earnings.Expectations relating to environmental, social and governance considerations and related reporting obligations expose us to  potential liabilities, increased costs, reputational harm, and other adverse effects on our business.Many governments, regulators, investors, employees, customers, and other stakeholders are increasingly focused on environmental,  social and governance considerations relating to businesses, including climate change and greenhouse gas emissions, human and civil  rights, and diversity, equity and inclusion.",N/A
"Competition in the banking and financial services industry is intense.In our market area, we compete with commercial banks, savings institutions, mortgage brokerage firms, credit unions, finance companies, mutual funds, insurance companies, and brokerage and investment banking firms operating locally and elsewhere.Some of our competitors have substantially greater resources and lending limits than we, have greater name recognition and market presence that benefit them in attracting business, and offer certain services that we do not or cannot provide.In addition, larger competitors may be able to price loans and deposits more aggressively than we do.Our profitability depends upon our continued ability to 26",N/A
"As of December 31, 2023, our registered trademark portfolio contained  approximately 35 registered/allowed trademarks and pending trademark applications in the United States and in certain overseas jurisdictions.Intellectual property licensesWe are a party to a number of license agreements under which we license patents, patent applications, and other intellectual property from third parties.The  licensed intellectual property covers, in part, CRISPR-related compositions of matter and their use for base editing.These licenses impose various diligence  and financial payment obligations on us.",N/A
"Move  Move is a leading provider of digital real estate services in the U.S. Move primarily operates Realtor.com®, a premier real estate  information, advertising and services platform, under a perpetual agreement and trademark license with the National Association  of Realtors® (“NAR”).Through Realtor.com®, consumers have access to approximately 145 million properties across the U.S.,  including an extensive collection of homes, properties and apartments listed and displayed for sale or for rent and a large database  of “off-market” properties.Realtor.com® and its related mobile apps display nearly 100% of all Multiple Listing Services  (“MLS”)-listed, for-sale and rental properties in the U.S., which are primarily sourced directly from relationships with MLSs  across the country.Realtor.com® also sources new construction and rental listing content from a variety of sources, including  directly from homebuilders and landlords, as well as from listing aggregators.Approximately 95% of its for-sale listings are  updated at least every 10 minutes, on average, with the remaining listings updated daily.",N/A
"In addition, increased competition and transitioning from perpetual license  sales to subscription-based business model could put significant pricing pressures on our products, which could negatively  impact our margins and profitability.If our software products and services are not accepted by our customers or by other  businesses in the marketplace, our business, operating results and financial condition will be materially adversely affected.Failure to protect our intellectual property could harm our ability to compete effectivelyWe are highly dependent on our ability to protect our proprietary technology.We rely on a combination of copyright,  patent, trademark and trade secret laws, as well as non-disclosure agreements and other contractual provisions, to establish and  maintain our proprietary rights.",N/A
"It is therefore difficult to predict our future financial performance and growth, and such forecasts are inherently limited and subject to a number of uncertainties.If our assumptions regarding the market  opportunity for TCAR or the risks and uncertainties we face, which we use to plan our business, are incorrect or change due to circumstances in our business or our markets, or if we do not address these risks  successfully, our operating and financial results could differ materially from our expectations and our business could suffer.In addition, because we devote substantially all of our resources to our products that enable TCAR and rely on our products and the adoption of TCAR as our sole source of revenue, any factors that negatively  impact our products or TCAR, or result in a decrease in sales of products, could have a material adverse effect on our business, financial condition and results of operations.Our business is dependent upon the total market opportunity for TCAR and our ability to penetrate it through continued adoption of TCAR by hospitals and physicians.Our future growth and profitability largely depend on the total market opportunity for TCAR, the determination of which is inherently imprecise, and our ability to penetrate it, which is largely dependent upon our  ability to increase physician awareness and adoption of TCAR and on the willingness of physicians to recommend the procedure to more of their patients.",N/A
"Because a defect or failure in a product could give rise to failures in the  equipment that incorporates them, we may face claims for damages that are disproportionate to the revenues and  profits we receive from the components involved in the claims.While we typically have provisions in our agreements  with our suppliers that hold the supplier accountable for defective products, and we and our suppliers generally exclude  consequential damages in our standard terms and conditions, our ability to avoid such liabilities may be limited as a  result of various factors, including the inability to exclude such damages due to the laws of some of the countries  where we do business.Our business could be adversely affected as a result of a significant quality or performance  issues in the components sold by us if we are required to pay for the damages.Although we have product liability  insurance, such insurance is limited in coverage and amount.Substantial defaults by our customers on our accounts receivable or the loss of significant customers could have a  significant negative impact on our business.",N/A
"The reversal of the historically low interest rate environment may adversely affect our net interest income and profitability.The Federal Reserve Board increased benchmark interest rates significantly in response to control the inflation.In recent periods, market interest rates have risen in response to the Federal Reserve Board's recent rate increases.As discussed below, the increase in market interest rates could have an adverse effect on our net interest income and profitability.Changes in Interest Rates May Hurt Our Profits and Asset Values.",N/A
