Risky Sentences,T/F
"DLCs offer gamers a familiar game play in a new virtual world with a different  fantasy twist from dinosaurs to Sci-Fi.Endless Possibility: Our games provide hours of entertainment with features that permit dynamic environmental  changes of the virtual world, user-directed conquests, and cooperative or competitive gameplay with other users.Our  sandbox games provide players with freedom, without the rules found in other genres such as racing games.Value proposition for developers:Our business model is dependent on partnerships with developers, and we offer  key value propositions of collaborative partnership, culture of innovation and technology to our developers.",N/A
"There are approximately 8,000 to 14,000 patients in the developed world with LC-FAOD.Please see “—License and Collaboration Agreements—Approved Products—Baylor Research Institute” for a description of our license agreement with  Baylor Research Institute.Evkeeza for the treatment of HoFH  Evkeeza is a fully human monoclonal antibody administered by IV, that binds to and blocks the function of angiopoietin-like 3, or ANGPTL3, a protein  that plays a key role in lipid metabolism, developed for the treatment of homozygous familial hypercholesterolemia, or HoFH, a rare inherited condition.HoFH occurs when two copies of the familial hypercholesterolemia, or FH-causing genes are inherited, one from each parent, resulting in dangerously high  levels (>400 mg/dL) of LDL-C, or bad cholesterol.Patients with HoFH are at risk for premature atherosclerotic disease and cardiac events as early as their  teenage years.",N/A
"For example, due to the rapid changes and volatility in our market, many well-capitalized companies, including some of our partners that have focused on sectors of the software and services industry that are not competitive with our business may refocus their activities and deploy their resources to be competitive with us.Our future financial performance is largely dependent upon our ability to compete successfully in the markets we currently serve.If we are unable to compete successfully, we could lose market share and clients to competitors, which could materially adversely affect our results of operations.In addition, we may face greater competition due to consolidation of companies in the technology sector, through strategic mergers or acquisition.Consolidation activity may result in new competitors with greater scale, a broader footprint, or offerings that are more attractive than ours.",N/A
"If a sole source supplier was to go out of business, we may be unable to find a replacement for such source in a timely manner or at all.If a sole source supplier were to be acquired by a competitor, that competitor may elect not to sell to us in the future.Any inability to secure required products or to do so on appropriate terms could have a materially adverse impact on the business, financial condition, results of operations or prospects of urban-gro.We have historically depended on a small number of clients for a substantial portion of our revenue.If we fail to retain or expand our client relationships, or if a significant client were to terminate its relationship with us or reduce its purchases, our revenue could decline significantly.",N/A
"The extent to which these macroeconomic pressures  may impact our business, results of operations, costs and financial condition will depend on future developments, which  continue to be highly uncertain and difficult to predict.While we have planned for and anticipate a mild U.S. recession  continuing into 2024, any one or more of the above macroeconomic factors could result in a more severe and longer  recessionary cycle, which would have an adverse and potentially material impact on our business and financial  performance.We may be impacted by a significant change in the value of the U.S. dollar and our results of operations may be harmed  by currency fluctuations and inflation.We purchase a variety of raw materials and finished goods from sources around  the world and export certain products.The impact of a change in U.S. dollar exchange rates, and inflation, would impact  our import purchases and export sales, which totaled $391.2 million and $246.3 million, respectively, in 2023.",N/A
"We do not have any committed external source of funds or other support for our development efforts and we cannot be certain that  additional funding will be available on acceptable terms, or at all.Until we can generate sufficient product or royalty revenue to finance our  cash requirements, which we may never do, we expect to finance our future cash needs through a combination of public or private equity  offerings, debt financings, collaborations, strategic alliances, licensing arrangements and other marketing or distribution arrangements.If we  raise additional funds through public or private equity offerings, the terms of these securities may include liquidation or other preferences that  adversely affect our stockholders' rights.Further, to the extent that we raise additional capital through the sale of common stock or securities  convertible or exchangeable into common stock, existing stockholder ownership interest will be diluted.In addition, any debt financing may  subject us to fixed payment obligations and covenants limiting or restricting our ability to take specific actions, such as incurring additional  debt, making capital expenditures or declaring dividends.",N/A
"We believe the commercial lunar economy is poised for growth given a number of key factors, including reduced barriers to entry in space, rising geopolitical tensions, and growing demand and program funding from the U.S. government.Reduced Barriers to Entry:The barriers to entry of the lunar economy have diminished significantly over the past decade.In particular, the costs of launch and lunar exploration have decreased meaningfully since the Apollo missions of the 1960s and early 1970s.Further, public-private partnerships, such as NASA's commercial lunar payload contract program, are helping private companies pursue innovation and make lunar exploration more affordable than in past decades.",N/A
"Municipalities and other governmental subdivisions have historically been involved in the provision of water and wastewater  services, and efforts may arise from time to time to convert some or all of our assets to public ownership and operation.Arizona  law provides for the acquisition of public utility property by governmental agencies through their power of eminent domain,  also known as condemnation.For example, the assets of our former utility subsidiaries, Cave Creek Water Co. and Valencia  Water Company, Inc., were acquired from us by municipalities pursuant to condemnation proceedings, and our other utility  subsidiaries could be subjects of such proceedings in the future.Should a municipality or other governmental subdivision seek  to acquire some or all of our assets through eminent domain, we would likely resist the acquisition.Contesting an exercise of condemnation through eminent domain may result in costly legal proceedings and may divert the  attention of our management from the operation of our business.",N/A
"Prior to 2023, our net income was $0.9 million, $1.1 million and $3.7 million for the years ended December 31, 2019, 2017 and  2016.Our operating results may also fluctuate due to a variety of other factors, many of which are outside of our control, including any change or volatility in U.S.,  European, Asian and global economic environments, and any of which may cause our stock price to fluctuate.Besides the other risks in this “Risk Factors”  section, factors that may affect our operating results include:  • fluctuations in demand for our products and services; • the inherent complexity, length and associated unpredictability of product development windows and product lifecycles;  • the timing and extent of investment in our targeted growth markets and the timing and amount of sales in such markets; • our ability to develop, introduce and ship in a timely manner new products and product enhancements and anticipate future market demands  that meet our customers' requirements, and provide adequate customer support for those products; • changes in customers' budgets for technology purchases and delays in their purchasing cycles; 14• global supply shortage including, but not limited to chips and modules, supply constraints relating to other materials and potential increasing  shipping costs and related limitations on our ability to acquire mission critical components and our CM's abilities to obtain sufficient human  resources to meet our global demand; • inflation and other increases in the cost of components, consumables, labor and other manufacturing costs; • changing market and economic conditions and, financial institution instability.• any significant changes in the competitive dynamics of our markets, including new entrants, or further consolidation; the timing of product  releases or upgrades by us or by our competitors; • uncertainty surrounding the outcome of political elections in the U.S. and its effects on international relations, sanctions and tariffs; • terrorism, political instability or war, and the imposition of sanctions or countermeasures by the U.S. and other countries in relation to such  conflicts; • public health crises regionally and globally, including pandemics and epidemics; and • facility shutdowns related to local holidays in China and southeast Asia, affecting how customers make purchasing decisions.",N/A
"Market interest rates change over time due to many factors that are  beyond our control, including but not limited to: general economic conditions and government policy decisions, especially  policies of the Federal Reserve Bank.Accordingly, our results of operations, like those of other financial institutions, are  impacted by changes in interest rates and the interest rate sensitivity of our assets and liabilities.The risk associated with  changes in interest rates and our ability to adapt to these changes is known as interest rate risk.In particular, reduced interest  rates negatively impact our results of operations.We are subject to lending risk.",N/A
"co.nz, Finda.co.nz and Tourism.net.nz internationally.◦ During the year ended December 31, 2023, traffic to the U.S. sites averaged over 19 million visits per month across the three properties.We generate IYP revenue by charging SMBs for advertisements and priority placement.3 ◦ During the year ended December 31, 2023, traffic to these international sites averaged over 5 million visits per month across the eight properties.We generate IYP revenue by charging SMBs for advertisements and priority placement.",N/A
"Financing and Capital Solutions Advisory:We have built, and are continuing to invest in, a leading franchise advising clients on capital markets matters, both in transaction-related and ordinary course financing execution.We provide comprehensive capital structure advice and help our clients develop financing solutions tailored to their specific needs.We believe our independence and objectivity, coupled with our deep experience in complex financial matters, inform our market views and enhance the likelihood of a successful transaction, and in turn have helped us develop trusted and long-lasting relationships with our clients.Moreover, we believe the dramatic shift towards private credit is a once-in-a-generation move.",N/A
"We have concluded that these factors raise substantial doubt about our ability to continue as a going concern for one year from the issuance of the financial statements.We will continue to seek to raise additional working capital through public equity, private equity or debt financings.If we fail to raise additional working capital, or do so on commercially unfavorable terms, it would materially and adversely affect our business, prospects, financial condition and results of operations, and we may be unable to continue as a going concern.If we seek additional financing to fund our business activities in the future and there remains substantial doubt about our ability to continue as a going concern, investors or other financing sources may be unwilling to provide additional funding to us on commercially reasonable terms, if at all.Table of Contents 20 Our opportunities to work with customers to develop drug and biologics will require substantial additional funding.",N/A
"A number of participants in the advertising technology ecosystem have taken or are expected to take action to eliminate or restrict the use of third- party cookies and other primary identifiers that have historically been used to deliver targeted advertisements.For instance, Google has announced plans to fully deprecate third-party cookies by the end of 2024.While we generally support third-party cookie deprecation in favor of more transparent identity solutions, these efforts could lead to significant uncertainty and instability in the short term as the industry adjusts to a new targeting paradigm, as well as a decrease in CPMs and a shift of advertising spend to large walled gardens that have access to large amounts of first party data.Moreover, alternative solutions proposed by Google, such as Privacy Sandbox, are unreleased and unproven, will require substantial development and commercial changes for us to support and may ultimately be self preferential.Despite these potential near-term challenges, in the longer term we believe that the elimination of third-party cookies has the potential to shift the programmatic ecosystem from an identity model powered by buyers that are able to aggregate and target audiences through cookies to one enabled by sellers that have direct relationships with consumers and are therefore better positioned to obtain user data and consent for implementing first party identifiers.",N/A
"As a  result, a shift in in the Company's AUM from higher to lower fee generating clients and strategies could result in a decrease  in profitability even if its AUM increases or remains unchanged.Similarly, in recent years, there has been a trend in clients  shifting their assets from higher fee mutual funds and separately managed accounts to lower fee model portfolio  arrangements.As a result, a shift in the Company's client assets from AUM to AUA could result in a decrease in Company  revenues.The loss of access to, or increased fees required by, third-party distribution sources to market the Company's portfolios and  access its client base could adversely affect the Company's results of operations.The Company's ability to attract additional AUM is dependent on its relationship with third-party financial intermediaries.",N/A
"We purchase primary, rolling ingot and scrap, or recycled, aluminum, our predominant raw material, and alloys at prices that fluctuate on a monthly  basis, and our pricing policies generally allow us to pass the underlying index cost (see “Raw Materials” section below) of aluminum and certain alloys through  to our customers so that we remain neutral to metal pricing.However, for some of our higher margin products sold on a spot basis, competitive dynamics may  limit the amount and/or delay the timing of selling price increases to recover our increased aluminum and alloy costs, resulting in a lag up to several months  during which we may be exposed to metal price risk.As a result, we can experience an adverse impact when aluminum and alloy prices increase and a  favorable impact to us when aluminum and alloy prices decline, as we and our competitors tend to defer adjusting pricing unless market dynamics require such  in a declining metal cost environment.We may also enter into firm-price customer sales agreements that specify a firm underlying metal price plus a conversion  price.Spot sales with lagged aluminum and alloy price pass through and firm-price sales agreements create price exposure for us, which we mitigate through  hedging and related programs with an objective to remain metal price neutral.",N/A
"Any sustained period of increased payment  delinquencies, foreclosures or losses caused by adverse market or economic conditions in our market area could adversely  affect the value of our assets, revenues, results of operations and financial condition.Moreover, we cannot give any assurance  that we will benefit from any market growth or favorable economic conditions in our primary market area.Our loan portfolio has a significant concentration of commercial loans that have a higher risk of loss.The majority of our loans are to commercial borrowers including commercial and industrial, or C&I, CRE, and  construction loans.The commercial loan portfolio typically involves a higher degree of credit risk than other types of loans.",N/A
"Once a clinical trial has begun, it may be delayed, suspended or terminated by us or the FDA or other comparable foreign regulatory authorities due to a number of factors, including: ● ongoing discussions with the FDA or other comparable foreign regulatory authorities regarding the scope or design of our clinical trials; ● failure to conduct clinical trials in accordance with regulatory requirements; ● lower than anticipated recruitment or retention rate of patients in clinical trials; ● inspection of the clinical trial operations or study sites by the FDA or other comparable foreign regulatory authorities resulting in the imposition of a clinical hold; ● lack of adequate funding to continue clinical trials; ● negative results of clinical trials; ● investigational drug product out-of-specification; or ● nonclinical or clinical safety observations, including adverse events and SAEs.If clinical trials are unsuccessful, and we are not able to obtain regulatory approvals for our product candidates under development, we will not be able to commercialize these products, and therefore may not be able to generate sufficient revenues to support our business.The disorders we seek to treat have low prevalence and it may be diﬃcult to identify patients with these disorders, which may lead to delays in enrollment for our trials or slower commercial revenue if approved, and we may also face enrollment challenges as a result of other factors.Genetically deﬁned disorders generally, and especially those for which our current product candidates are targeted, have low incidence and prevalence.We expect to rely in part on relationships with clinical centers of Table of Contents 38 excellence, key opinion leaders and patient advocacy groups to assist in identifying eligible patients, and any deterioration of those relationships could impede our ability to successfully enroll patients.",N/A
"Our new communication vehicles foster two-way dialogue and offer continuous touchpoints for  associates to hear about our strategy, values and ways of working, learn from senior leaders about our business progress and connect  with one another.Additionally, our people programs, as well as our meaningful focus on diversity, equity, inclusion and belonging,  reinforce our shared values and behaviors.For more information, see the “Our People” section below.Dollar Tree The Dollar Tree segment includes 8,415 stores operating under the Dollar Tree and Dollar Tree Canada brands, 15 distribution  centers in the United States and two in Canada as of February 3, 2024.Our stores predominantly range from 8,000 - 10,000 selling  square feet.",N/A
"Equity issuances would have a dilutive effect on our stockholders.We may be unable to raise sufficient additional financing on terms that are acceptable to us, if at all.Our failure to raise additional capital and in sufficient amounts may significantly impact our ability to expand our business.For further discussion of our liquidity requirements as they relate to our long-term plans, see the section entitled ""Management's Discussion and Analysis of Financial Condition and Results of Operations—Liquidity and Capital Resources.”We have identified material weaknesses in our internal controls, and we cannot provide assurances that these weaknesses will be effectively remediated or that additional material weaknesses will not occur in the future.",N/A
"Our business is highly dependent on the successful commercialization of OGSIVEO and development of our current product candidates, including mirdametinib.If we are unable to successfully commercialize OGSIVEO or successfully complete clinical development of, obtain regulatory approval for, or commercialize, our product candidates, or if we experience delays in doing so, our business will be materially harmed.We were not involved in the early development of our lead product candidates or in the development of third-party agents being developed in combination with our product candidates; therefore, we are dependent on third parties having accurately generated, collected, interpreted and reported data from certain preclinical and clinical trials for our product candidates.If our clinical trials fail to replicate positive results from earlier preclinical studies or clinical trials conducted by us or third parties, we may be unable to successfully develop, obtain regulatory approval for or commercialize our product candidates.• Interim “topline” and preliminary data from our clinical trials that we announce or publish from time to time may change as more data become available, are not necessarily predictive of the final results of the completed study or the results of other ongoing or future studies and are subject to audit and verification procedures that could result in material changes.",N/A
"We expect to continue to incur significant losses for the foreseeable future.Our operating expenses and net  losses may fluctuate significantly from quarter to quarter and year to year.We anticipate that our expenses will increase substantially if and as we:  • advance our existing and future programs through preclinical and clinical development, including expansion into additional indications;  • seek to identify additional programs and additional product candidates;  • maintain, expand, enforce, defend and protect our intellectual property portfolio;  • seek regulatory and marketing approvals for product candidates;  • seek to identify, establish and maintain additional collaborations and license agreements;  • ultimately establish a sales, marketing and distribution infrastructure to commercialize any drug products for which we may obtain marketing  approval, either by ourselves or in collaboration with others;  • generate revenue from commercial sales of products for which we receive marketing approval;  • hire additional personnel including research and development, clinical and commercial personnel;  • add operational, financial and management information systems and personnel, including personnel to support product development;  • acquire or in-license products, intellectual property and technologies; and  35 Table of Contents• establish commercial-scale cGMP capabilities through third-parties or our own manufacturing facility.In addition, our expenses will increase if, among other things, we are required by the FDA or other regulatory authorities to perform trials or studies  in addition to, or different than, those that we currently anticipate, there are any delays in completing our clinical trials or the development of any product  candidates, or there are any third-party challenges to our intellectual property or we need to defend against any intellectual property-related claim.",N/A
"If we are required by regulatory authorities to perform clinical trials or  preclinical studies in addition to those currently expected, or if there are any delays in the initiation and completion of our clinical trials or the development  of any of our product candidates, our expenses could increase.Even if we achieve profitability, we may not be able to sustain or increase profitability on a quarterly or annual basis.Our failure to become and  remain profitable would depress the value of our company and could impair our ability to raise capital, expand our business, maintain our development  efforts, obtain product authorizations or approvals, diversify our offerings or continue our operations.A decline in the value of our company could also cause you to lose all or part of your investment.We have a limited operating history and no history of commercializing products, which may make it difficult for an investor to evaluate the  success of our business to date and to assess our future viability.",N/A
"We commenced operations  in 2019, have no products approved for commercial sale and have not generated any revenue.Drug development is a highly uncertain undertaking and involves a substantial  degree of risk.Our most advanced development candidate is MM120.In December 2023 we announced statistically significant and clinically meaningful Phase 2b data for  MM120 in GAD and in January 2024 we announced that our Phase 2a trial in ADHD did not meet its primary endpoint.We anticipate initiation of our Phase 3 clinical program  in GAD in the second half of 2024.",N/A
"1  PART I  ITEM 1. Business  Overview  Nutanix, Inc. (""we,"" ""us,"" ""our"" or ""Nutanix"") provides a leading enterprise cloud platform, which we call the  Nutanix Cloud Platform, that consists of software solutions and cloud services that power our customers' enterprise  infrastructure.Our solutions deliver a consistent cloud operating model across edge, private-, hybrid- and multicloud  environments for all applications and their data.Our solutions allow organizations to simply run and move their  workloads, including enterprise applications, high-performance databases, end-user computing and virtual desktop  infrastructure (""VDI"") services, container-based modern applications, and analytics applications, between on- premises and public clouds.Our goal is to provide a single, simple, open software platform for all hybrid and  multicloud applications and their data.Founded in 2009, we pioneered the hyperconverged infrastructure (""HCI"") category, initially combining the  disparate IT silos of compute, storage and networking into a single on-premises product which offered simplicity,  lower total cost of ownership, scalability and customer choice.",N/A
"Despite the need for additional capital, we may not be able to timely secure additional debt or equity financing on favorable terms, or at all, especially given current market conditions where raising additional capital has proven particularly challenging.If we raise additional capital through the issuance of equity or convertible debt or other equity-linked securities or if we issue equity or equity-linked securities to current or potential customers to further our business relationships, our existing stockholders would likely experience dilution, which may be significant.Any debt financing obtained by us in the future could involve restrictive covenants relating to our capital raising activities and other financial and operational matters, which may make it more difficult for us to obtain additional capital or to pursue business opportunities, including potential acquisitions.If we are unable to obtain adequate financing or financing on terms satisfactory to us, when we require it, our ability to continue to support our business and to respond to business challenges could be significantly limited.Additionally, under current SEC regulations, if at the time we file this Annual Report on Form 10-K our public float is less than $75 million, and for so long as our public float remains less than $75 million, the amount we can raise through primary public offerings of securities in any twelve-month period using shelf registration statements is limited to an aggregate of one-third of our public float, which is referred to as the “baby shelf” rules.",N/A
"Patent Number  Country/Region* Patent Type Expiration Date** Owner/Licensor  (if not Sarepta) U.S. RE47,691 United States Composition of Matter  June 28, 2025 UWA U.S. 9,024,007 United States Composition of Matter June 28, 2025 UWA U.S. 9,994,851 United States Composition of Matter June 28, 2025 UWA U.S. 10,266,827 United States Methods of Use June 28, 2025 UWA U.S. 10,227,590 United States Composition of Matter June 28, 2025 UWA U.S. 10,421,966 United States Composition of Matter June 28, 2025 UWA U.S. 10,968,450 United States Composition of Matter June 28, 2025 UWA U.S. 10,995,337 United States Composition of Matter &  Methods of Use June 28, 2025 UWAReissue of U.S. 8,455,636, which previously was involved in U.S. Patent Interference No. 106,007.(Judgment dated April 29, 2016 ordered  cancellation of (i) all claims, except claim 77, of U.S. Application No. 11/233,495 to BioMarin (AZL); and (ii) U.S. 8,455,636 to us (UWA).Appeal  by BioMarin (AZL) to the Court of Appeals for the Federal Circuit (Case No. 2016-2262) voluntarily dismissed July 27, 2017.)Involved in Nippon Shinyaku Co., Ltd. v. Sarepta Therapeutics, Inc., C.A. No. 21-1015 (LPS) (D. Del. 2021) filed on July 13, 2021 in which Nippon  Shinyaku is seeking a determination of invalidity and Sarepta is seeking counterclaims of infringement.",N/A
"However, we expect to need to raise substantial additional capital to continue the  clinical development of ETUARY for future indications, F573, F528, and F230 in the PRC, and F351 in the PRC and potentially additional markets beyond  the PRC, and depending on the availability of capital, may need to delay or cease development of some or all of our product candidates.Even if we raise  additional capital, we may elect to focus our efforts on one or more development programs and delay or cease other development programs.While we expect that the implementation of our strategies and business plans will require us to rely in part on external financing sources, our ability to  obtain additional capital on commercially reasonable terms is subject to a variety of factors, many of which are outside of our control, including our future  financial condition, results of operations and cash flows, the global economic conditions, industry and competitive conditions, interest rates, prevailing  conditions in the credit markets and government policies on lending.Additional funds may not be available when we need them on terms that are  acceptable, or at all.If adequate funds are not available, we may be required to delay, reduce the scope of or eliminate some or all of our research or  development programs, and we may not be able to execute our strategies and business plans as currently contemplated, which could have a material adverse  effect on our business, financial condition and results of operations.",N/A
"● the impact of energy consumption, supply, and conservation policies and activities by governmental authorities, international agreements, and non-governmental organizations to limit, restrict, suspend or prohibit the performance or financing of oil, natural gas and NGLs exploration, production, development or marketing activities;● U.S. and non-U.S. governmental regulations, including environmental initiatives and taxation;● overall domestic and global economic conditions;● the impact on worldwide economic activity of an epidemic, outbreak or other public health events;● the price and availability of alternative fuels;",N/A
"The anti-tumor effects observed with pamrevlumab in preclinical models  indicate that it has the potential to inhibit tumor expansion through effects on tumor cell proliferation and apoptosis as well as reduce metastasis.Phase 3 Clinical Trial in Locally Advanced Unresectable Pancreatic Cancer LAPIS is our double-blind placebo-controlled Phase 3 clinical trial of pamrevlumab as a therapy for LAPC.We completed enrollment of 284 patients, who  were randomized at a 1:1 ratio to receive either pamrevlumab or placebo, in each case in combination with chemotherapy (either FOLFIRINOX or  gemcitabine plus nab-paclitaxel).We currently expect topline data for the primary endpoint of overall survival in mid-year 2024.Phase 2/3 Clinical Trial in Metastatic Pancreatic Cancer",N/A
"If third-party payors do not adequately reimburse for our products under development, they might not be purchased or used, which may  adversely affect our revenue and profitability.If we or our commercial partners act in a manner that violates healthcare laws or otherwise engage in misconduct, we could face substantial  penalties and damage to our reputation, and our business operations and financial condition could be adversely affected.New third-party claims of intellectual property infringement could result in litigation or other proceedings, which would be costly and time- consuming, and could limit our ability to commercialize our products.We may fail to qualify for continued listing on Nasdaq , which could make it more difficult for our stockholders to sell their shares.Risks Related to Our Business and Industry",N/A
"This registration process can take anywhere from 18 months to 3 years but may be substantially longer.We currently market both “health foods” and “general foods” in China.There is risk associated with the common practice in China of marketing a product as a “general food” while seeking “health food” classification.If government officials feel the categorization of products is inconsistent with product claims, ingredients or function, this could end or limit our ability to market such products in China and have a material adverse effect on our results of operations and financial condition.If our independent consultants fail to comply with advertising laws, it could adversely affect our results of operations and financial condition.",N/A
"We cannot assure you that we would be able to obtain such additional financing on terms acceptable to us, if at all.Moreover, inability to pursue the Section 505(b)(2) regulatory pathway would likely result in new competitive products reaching the market more quickly than our product candidates, which would likely materially adversely impact our competitive position and prospects.Even if we are allowed to pursue the Section 505(b)(2) regulatory pathway, we cannot assure you that our product candidates will receive the requisite approvals for commercialization.In addition, notwithstanding the approval of a number of products by the FDA under Section 505(b)(2) over the last few years, certain brand-name pharmaceutical companies and others have objected to the FDA's interpretation of Section 505(b)(2).If the FDA's interpretation of Section 505(b)(2) is successfully challenged, the FDA may change its Section 505(b)(2) policies and practices, which could delay or even prevent the FDA from approving any NDA that we submit under Section 505(b)(2).",N/A
"Due to the foregoing factors, our revenue and operating results are and will remain difficult to  forecast.We have identified a material weakness in our internal control over financial reporting, and our management has concluded that our disclosure  controls and procedures are not effective.A ""material weakness"" is a deficiency, or a combination of deficiencies, in internal control over financial reporting such that there is a reasonable  possibility that a material misstatement of our financial statements will not be prevented or detected on a timely basis.We did not design and maintain  effective controls over information technology general controls and proper segregation of duties to support the proper initiation and recording of  transactions and the resulting impact on business process controls and applications that rely on such data.While we have remediated one of the previously reported material weaknesses, we are continuing to work on remediating the remaining internal  control deficiencies that collectively aggregate to form the remaining material weakness in our internal controls over financial reporting that exists as of  December 31, 2023.",N/A
"Products or technologies developed by competitors may render our products or technologies obsolete or noncompetitive.We  also may be unable to market and sell our products if they are not competitive on the basis of price, quality, technical  performance, features, system compatibility, customized design, innovation, availability, delivery timing and reliability.If we  fail to compete effectively on developing strategic relationships with customers and customer sales and technical support, our  sales and revenue may be materially adversely affected.Competitive pressures may limit our ability to raise prices, and any  inability to maintain revenue or raise prices to offset increases in costs could have a significant adverse effect on our gross  margin.Our gross margins vary due to a variety of factors.",N/A
"Failure to complete the post-approval trial may jeopardize our ability to market resmetirom.Further, the long-term safety consequences of a liver-directed thyroid hormone receptor beta agonist are not known.Regulatory approval of new product candidates such as resmetirom can be more expensive and take longer than approval for candidates for the treatment of more well-understood diseases with previously approved products.If clinical trials or regulatory approval processes for our product candidates are prolonged, delayed or suspended, we may be unable to commercialize our product candidates on a timely basis, which would require us to incur additional costs and delay our receipt of any revenue from potential product sales.We cannot predict whether we will encounter problems with any of our completed, ongoing or planned clinical trials that will cause us or any regulatory authority to delay, suspend, or terminate those clinical trials or delay the analysis of data derived from them.",N/A
"This may affect our  ability to timely provide products to our customers, resulting in lost sales or a potential loss of customer loyalty, among other things.Some of our merchandise is imported from other countries and these goods could become difficult or impossible to bring into the United  States, and we may not be able to obtain such merchandise from other sources at similar prices.Such a disruption in revenue could  potentially have a negative impact on our results of operations, financial condition, and cash flows.In addition, we rely extensively on various systems, some of which are provided by third-party service providers, to manage inventory,  process transactions, and timely provide products to our stores and customers.These systems are subject to failure, damage, or  interruption, including power outages, telecommunications failures, computer viruses, cyber-attacks, security breaches, or other  catastrophic events.",N/A
"• The trading price of the shares of our common stock could be highly volatile, and purchasers of our common stock could incur  substantial losses.Risks Related to Our Limited Operating History, Financial Position and Capital RequirementsWe have a limited operating history and have no products approved for commercial sale, which may make it difficult for you to  evaluate our current business and predict our future success and viability.Biopharmaceutical product development is a highly speculative undertaking and involves a substantial degree of risk.We are a clinical-stage  biopharmaceutical company with a limited operating history upon which you can evaluate our business and prospects.",N/A
"Where we are not able to  increase our prices, increases in our raw material costs will adversely affect our profitability.Events outside our control may affect our operating results.We have little control over the timing of shipping customer orders, as customers' required delivery dates are subject to  change by the customer.Construction delays and customer changes to product designs are among the factors that may delay the  start of manufacturing.Weather conditions, such as unseasonably warm, cold, or wet weather, can also affect and sometimes  delay projects.",N/A
"● Our ability to comply with present and future laws and regulations of China;● The ability of the solar user to sell excess power to local utility companies on reasonable terms;● The effect of the recent changes in California's net metering laws on the market for residential solar systems in California;● Assumptions regarding the size of the available market, benefits of our products, product pricing, timing of product installations;● Our ability to engage and retain qualified executive and management personnel in both the United States and China;",N/A
"However, there can be no assurance that these actions, as well as further actions we may take, will allow us to prevent any material weakness in the future and provide a solid foundation to meet our reporting obligations under the Exchange Act.If we fail to implement and maintain effective internal control over financial reporting, or if additional material weaknesses or any significant deficiencies in our internal control over financial reporting are discovered or occur in the future, our consolidated financial statements may contain material misstatements, and we could be required to restate our financial results.In addition, if we are unable to successfully remediate future material weakness and if we are unable to produce accurate and timely financial statements, our stock price may be materially adversely affected and we may be unable to maintain compliance with applicable stock exchange listing requirements.19 Table of Contents ITEM 1A - RISK FACTORSWe have identified two significant deficiencies in internal control over financial reporting, and if we fail to maintain effective internal controls over financial reporting, the price of our common stock may be adversely affected.",N/A
"Our subscribers have no obligation to renew their subscriptions for products after the expiration of the subscription period, which is typically one year, and in the normal course of business some subscribers have elected not to renew their subscriptions.In addition, our subscribers may renew for lower subscription amounts or for shorter contract lengths.We may not accurately predict renewal rates for our subscribers, and our renewal rates may decline or fluctuate as a result of a number of factors, including subscriber engagement and product utilization levels, quality of our content, price changes, expiration of temporary product promotions, number of products or services used by our subscribers, customer satisfaction or dissatisfaction with our products or services, pricing or capabilities of the products and services offered by our competitors, increased competition, reduction in customer spending levels, changes in our renewal policies or practices for subscribers, and deteriorating general economic conditions.We must continually add more new subscribers than the number of subscribers who do not renew their subscriptions to grow our business beyond our current subscriber base, which may involve significantly higher marketing expenses.If our subscribers do not renew their subscriptions, buy additional content, or maintain or increase the amount they spend with us, our revenue will decline and our business will suffer.",N/A
"The FDA requires  each manufacturer to make this determination, but the FDA can review any such decision.If the FDA disagrees with a  manufacturer's decision not to seek a new 510(k) clearance, the agency may require a new 510(k) clearance.The FDA also  can require the manufacturer to cease marketing and/or recall the modified device until 510(k) clearance is obtained.The PMA approval pathway requires proof of the safety and effectiveness of the proposed device to  the FDA's satisfaction, making this pathway more costly, lengthy, and uncertain.A PMA application must provide  preclinical and clinical trial data, as well as information about the device and its components regarding device design,  manufacturing, and labeling.",N/A
"Our business is subject to numerous risks and uncertainties, including those described in Part I, Item 1A.“Risk  Factors” in this Annual Report.You should carefully consider these risks and uncertainties when investing in our common  stock.The principal risks and uncertainties affecting our business include the following:  •  We are a commercial-stage biopharmaceutical company with a limited operating history.To date, we have  generated approximately $97.0 million from product sales.",N/A
"In addition, higher costs for travel may adversely impact our business, financial condition, operating results and cash flows.This has made it necessary for the Company to order certain components prior to receiving a contract to ensure we have key components available when necessary to satisfy future contract obligations.Our products and services may fail to keep pace with rapidly changing technology and evolving industry standards.The market in which we operate is characterized by rapid, and sometimes disruptive, technological developments, evolving industry standards, frequent new product introductions and enhancements and changes in customer requirements.In addition, both traditional and new competitors are investing heavily in our market areas and competing for customers.",N/A
"We currently store our gamma-delta T cells and biologic correlative and research specimens from clinical trials and development programs  and clinical lentivectors at our research and development facilities and at the facilities of our clinical and/or manufacturing partners, and any  damage or loss to our storage freezers and/or facilities from natural disasters or otherwise would cause delays in replacement, and our  business could suffer.We are currently dependent on a single third-party supplier for manufacture of our automated manufacturing device and our lentiviral  vectors.These are critical products required for the manufacturing of our product candidates, including INB-100, INB-200 and INB-400.Any damage or loss to the ability of our suppliers to deliver supplies in a timely manner could cause delays in manufacturing or our clinical  trials and our business could suffer.We rely on third-party healthcare professionals to administer gamma-delta T cells to patients, and our business could be harmed if these third  parties administer these cells incorrectly.",N/A
"We may expend our limited resources to pursue a particular product candidate or indication and fail to capitalize on product candidates or indications that may be more profitable or for which there is a greater likelihood of success.Because we have limited financial and managerial resources, we focus on research programs and product candidates that we identify for specific indications among many potential options.As a result, we may forego or delay pursuit of opportunities with other product candidates or for other indications that later prove to have greater commercial potential.For example, on March 29, 2023, we announced that we plan to focus the majority of our resources on the Phase II study of SLS-002 for the potential treatment of acute suicidal ideation and behavior (""ASIB”) in patients with major depressive disorder (""MDD”) and the fully enrolled Phase II/III study of SLS-005 in Amyotrophic Lateral Sclerosis (""ALS”).We further announced that we have temporarily paused additional enrollment of patients in the SLS-005-302 study in Spinocerebellar Ataxia (""SCA”).",N/A
"For example, our Hayfin Loan Agreement is secured by substantially all of our property and assets, including our intellectual property assets, subject to certain exceptions.If we raise additional funds through collaborations or marketing, distribution or licensing, or royalty-based financing arrangements with third parties, we may have to relinquish valuable rights to our technologies, future revenue streams or product candidates or grant licenses on terms that may not be favorable to us.Securing financing could require a substantial amount of time and attention from our management and may divert a disproportionate amount of their attention away from day-to-day activities, which may adversely affect our management's ability to oversee the commercialization of our products and development and commercialization, if approved, of our product candidates.It is also possible that we may allocate significant amounts of capital toward solutions or technologies for which market demand is lower than anticipated and, as a result, abandon such efforts.Any of these negative developments could have a material adverse effect on our business, operating results, financial condition and common stock price.",N/A
"Parties have also filed, and may in the future file, antitrust claims, unfair competition claims or regulatory complaints on that or other bases, and may seek damages and other relief based on such claims.Litigation adversaries have also filed against us, and other third parties may in the future file, validity challenges such as inter partes proceedings in the USPTO or the China National Intellectual Property Administration, which can lead to delays of our patent infringement actions as well as potential findings of invalidity.Such parties may also seek to obtain a determination that our patents are not infringed, are not essential or are unenforceable.Litigation may be also required to protect our trade secrets, enforce patent license and confidentiality agreements or determine the validity, enforceability and scope of proprietary rights of others.The cost of enforcing and defending our intellectual property and of defending our licensing practices has been and may continue to be significant, in particular with rising fees from outside counsel.",N/A
"If we raise additional funds through the issuance of preferred stock, convertible debt securities or other debt financing, these securities or other debt could contain covenants that would restrict our operations.Any other third-party funding arrangement could require us to relinquish valuable rights.The source, timing and availability of any future financing will depend principally upon market conditions, and, more specifically, on the progress of our clinical development programs.Funding may not be available when needed, at all, or on terms acceptable to us.Lack of necessary funds may require us, among other things, to delay, scale back or eliminate some or all of our planned clinical trials.",N/A
"""Management's Discussion and Analysis of Financial Condition and Results of Operations - Overview"" of this Annual Report on Form 10–K.Strategic Developments in 2023Our non-GAAP book value, which we believe represents our true economic value, declined by 1.8% during 2023 to $3.19 per common share at December 31, 2023 as strong investment gains were offset by continuing adverse loss development.While our GAAP book value decreased by 11.4% to $2.48 per common share at December 31, 2023 primarily due to adverse prior year reserve development in our AmTrust Reinsurance segment, approximately 75.6% of the AmTrust adverse development was related to claims expected to be covered by the LPT/ADC Agreement with Cavello and which we expect will be recognized as future GAAP income when recovered from Cavello pursuant to both the LPT/ADC Agreement and GAAP accounting requirements.Our investment activities produced significantly higher returns of $53.1 million during 2023 compared to $24.7 million in 2022, a 114.6% increase, through a combination of higher yields on certain fixed income assets along with strengthening returns on our alternative investment portfolio, which increased by 13.4% during 2023 and produced a positive net return of 8.0% during 2023 compared to 2.0% in 2022.",N/A
"However,  some drugs are only available through sole distribution sources and/or limited distribution models from the manufacturer that  may be subject to limits on distribution.In such cases, it is important that the Company establishes and maintains good working  relationships with the manufacturer to secure a sufficient supply to meet its patients' needs.Additionally, certain drugs may  become subject to supply shortages.Such shortages can result in cost increases or hamper the Company's ability to obtain  sufficient quantities to meet the needs of its patients.The Company actively manages its relationships with direct manufacturers  and distributors to provide differentiated access and service to ensure consistent supply and cost-effective procurement.",N/A
"Our long-term success depends on our ability to compete effectively against existing and potential competitors that seek to provide banking and financial  technology products and services.If we fail to compete effectively against these competitors, our revenues, results of operations, prospects for future  growth and overall business will be materially and adversely affected.If we are unable to keep pace with the rapid technological developments in our industry and the larger financial services industry necessary to continue  providing our Members with new and innovative products and services, the use of our platform and other products and services could decline.The financial services industry is subject to rapid and significant technological changes.We cannot predict the effect of technological changes on our  business.",N/A
"Our systems and security measures have been, and may in the future be, compromised or subject to data  breaches, cyberattacks, or other malicious activity, which could result in customers reducing or stopping their  use of our products, our reputation being harmed, and significant liabilities and adverse effects on our  operating results and financial condition.Our operations involve the storage and transmission of customer data, personal data and other sensitive information,  and our corporate environment contains important company data and/or business records, employee data and data  from partner, vendor or other relationships, as well as a wide variety of our own internal company, partner and employee  information.Our employees, service providers and third parties work more frequently on a remote or hybrid  arrangement basis, which may involve relying on less secure systems and may increase the risk of cybersecurity  related incidents.We cannot guarantee these private work environments and electronic connections to our work  environment have the same robust security measures deployed in our physical offices.We also rely on third-party and  public-cloud infrastructure, and we depend in part on third-party security measures to protect against unauthorized  access, cyberattacks and the mishandling of customer data.",N/A
"We launched our first core commercial product, the Cytek Aurora system, in June  2017.Our limited commercial and operating history makes it difficult to evaluate our current business and predict our  future performance.Although we have experienced significant revenue growth in prior periods, any assessment of our  future revenue, profitability or prediction about our future success or viability is subject to significant uncertainty.We have  encountered in the past, and will encounter in the future, risks and uncertainties frequently experienced by growing  companies with limited operating histories in emerging and rapidly changing industries, including scaling up our  infrastructure and headcount.If our assumptions regarding these risks and uncertainties, which we use to plan and operate  our business, are incorrect or change, or if we do not address these risks successfully, our results of operations could differ  materially from our expectations, and our business, financial condition and results of operations could be materially and  adversely affected.",N/A
"If we fail to manage our game economies properly, players may be less likely to spend money in the games, which could have a material adverse effect on our business, financial condition and results of operations.Unrelated third parties have developed, and may continue to develop, “cheats” or guides that enable players to advance in our games or result in other types of malfunction, which could reduce the demand for in-game virtual items.In particular, for our games where players play against each other, such as our World Series of Poker game, there is a higher risk that these “cheats” will enable players to obtain unfair advantages over those players who play fairly, and harm the experience of those players.Additionally, these unrelated third parties may attempt to scam our players with fake offers for virtual items or other game benefits.These scams may harm the experience of our players, disrupt the economies of our games and reduce the demand for our virtual items, which may result in increased costs to combat such programs and scams, a loss of revenues from the sale of virtual items and a loss of players.",N/A
"Mattel's products are marketed worldwide through a diverse spectrum of advertising, marketing, and promotional  programs, including the use of digital and social media to reach consumers.Mattel's ability to sell products is dependent in part  upon the success of these programs.As such, Mattel's business, financial condition, and results of operations could be adversely  affected by its failure to successfully market its products or by an increase in its advertising, marketing, or promotional costs.Mattel's business is highly seasonal and otherwise subject to fluctuations in demand, and its operating results depend, in  large part, on sales during the relatively brief traditional holiday season.Events that disrupt Mattel's business during its  peak demand times can adversely and disproportionately affect Mattel's business, financial condition, and results of  operations.",N/A
"In February  2022, we entered into an integration license agreement with a semiconductor foundry.In April 2022 we entered into a JDA with a  major semiconductor foundry.Our integration licensees have paid us licensing fees for the right to build products that integrate MST  technology onto their semiconductor wafers, but the agreements do not grant the licensees the right to sell products incorporating  MST.Such rights require our integration licensees to enter into additional license agreements that, if executed, would allow each  licensee or their foundry to manufacture MST-enabled products and to sell them to their customers.Manufacturing and distribution  agreements such as our license agreement with ST provide for substantially larger upfront license fee payments than integration  license fees and such agreements require licensees to make royalty payments to us based the number and sales price of MST-enabled  products they sell to their customers.",N/A
"As a result, our ability to reduce our losses and reach profitability is unproven, and we may never achieve or sustain profitability.We have never been profitable and do not expect to be profitable in the foreseeable future.We have not yet submitted any drug candidates for approval by regulatory authorities in the United States or elsewhere.From our inception on April 1, 2009, to December 31, 2023, we incurred an accumulated deficit of approximately $133.9 million.We incurred net losses of approximately $31.0 million and approximately $23.7 million for the years ended December 31, 2023 and 2022, respectively.",N/A
"In addition, governmental agencies may impose new requirements regarding registration, labeling or prohibited materials that may require us to modify or re-register products already on the market or otherwise impact our ability to market our products in those countries.Once clearance or approval has been obtained for a product, there is an obligation to ensure that all applicable FDA, and other regulatory requirements continue to be met.Additionally, injuries caused by the malfunction or misuse of cardiac devices, even where such malfunction or misuse occurs with respect to one of our competitor's products, could cause regulatory agencies to implement more conservative regulations on the medical cardiac monitoring industry, which could significantly increase our operating costs.If we are not able to both obtain and maintain adequate levels of third-party reimbursement for our products, it would have a material adverse effect on our business.Healthcare providers and related facilities are generally reimbursed for their services through payment systems managed by various governmental agencies worldwide, private insurance companies, and managed care organizations.",N/A
"We have significant operations globally, which exposes us to the risks inherent in conducting our business internationally.◦ Charges to earnings resulting from acquisitions could have a material adverse effect on our business, financial condition, results of operations, cash flows, ability to pay dividends and/or stock price.• Operational Risks ◦ Current and changing economic conditions, including inflation, may adversely affect our industry, business, partners and suppliers.The pharmaceutical industry is heavily regulated, and we face significant costs and uncertainties associated with our efforts to comply with applicable laws and regulations.The use of legal, regulatory, and legislative strategies by both brand and generic competitors, including but not limited to “authorized generics” and regulatory petitions, may increase costs associated with the introduction or marketing of our generic products, could delay or prevent such introduction, and could significantly reduce our revenue and profit.",N/A
"Our stores vary in size from approximately 7,500 to 75,000 gross square  feet.We have had success with leasing existing sites, constructing new build-to-suit sites and purchasing existing stores and converting them to the Sportsman's  Warehouse brand.Our flexible store model permits us to serve both large metropolitan areas, like Phoenix, Arizona, and smaller MSAs, like Soldotna, Alaska,  while generating consistent four-wall Adjusted EBITDA margins and returns on invested capital across a range of store sales volumes.In small- to medium- sized markets, we are often able to establish ourselves as a standalone destination for our customers; in larger markets, we have successfully leveraged existing  infrastructure to open stores in shopping plazas near complementary retailers, drawing upon existing foot traffic.We believe our low-cost, flexible model allows  us to access both large and small markets more economically than many of our peers.",N/A
"We will continue to incur increased costs as a result of operating as a public company, and our management will be required to devote substantial time  to new compliance initiatives.As a public company, we will continue to incur significant legal, accounting and other expenses that we did not incur as a private company.We are subject to the reporting requirements of the Securities Exchange Act of 1934, as amended, or the Exchange Act, which require, among other things, that we  file with the Securities and Exchange Commission, or the SEC, annual, quarterly and current reports with respect to our business and financial condition.In  addition, the Sarbanes-Oxley Act of 2002, as amended, or Sarbanes-Oxley Act, as well as rules subsequently adopted by the SEC and The Nasdaq Global  Market to implement provisions of the Sarbanes-Oxley Act, impose significant requirements on public companies, including requiring establishment and  maintenance of effective disclosure and financial controls and changes in corporate governance practices.Further, in July 2010, the Dodd-Frank Wall Street  Reform and Consumer Protection Act, or the Dodd-Frank Act, was enacted.",N/A
"Consequently, any predictions  about our future success or viability, or any evaluation of our business and prospects, is difficult and may not be accurate.In 2023 we recognized a  significant portion of our revenue from non-recurring milestone payments and license revenue under our collaboration agreement with CSL Seqirus.Our  future payments from CSL Seqirus are dependent on our ability to execute by meeting key product development and other milestones within the contract.We have not recognized any revenue from product sales since our inception.As of December 31, 2023, we had an accumulated deficit of $367.9 million.",N/A
"Competition in the Voice AI market could adversely affect SoundHound's operating results by reducing the volume of the products and technologies SoundHound licenses or sells, the prices SoundHound can charge or the obligations of SoundHound to incur expenses or capital costs associated with the development, acquisition or promotion of new products or technologies.Some of SoundHound's current or potential competitors are large technology companies that have significantly greater financial, technical and marketing resources than SoundHound does, and others are smaller specialized companies that possess specialized expertise or regional focus and may have greater price flexibility than SoundHound does in connection with their business models.These competitors may be able to respond more rapidly than SoundHound can to new or emerging technologies or changes in customer requirements, or may decide to offer products at low or unsustainable cost to win new business or to retain their existing clients.They may also devote greater resources to the development, promotion and sale of their products than SoundHound does, and in certain cases may be able to include or combine their competitive products or technologies with other of their products or technologies in a manner whereby the competitive functionality is available at lower cost or free of charge within the larger offering.To the extent they do so, the penetration of SoundHound's products, and therefore its revenue, may be adversely affected.",N/A
"Those uncertainties include, but are not limited to, litigation costs and attorneys' fees, unpredictable judicial or jury decisions and the differing laws and judicial proclivities regarding damage awards among the states in which we operate.Unexpected outcomes in such legal proceedings, or changes in management's evaluation or predictions of the likely outcomes of such proceedings (possibly resulting in changes in established reserves), could have a material adverse effect on our business, financial condition, results of operations and cash flows.Due to recurring losses and net capital deficiency, our current financial status may increase our default and litigation risks and may make us more financially vulnerable in the face of threatened litigation.Any future acquisitions that we may make could disrupt our business, cause dilution to our stockholders and harm our business, financial condition or operating results.If we are successful in consummating acquisitions, those acquisitions could subject us to a number of risks, including, but not limited to:",N/A
"We currently serve our customers from data center hosting facilities.Any damage to, or failure of, such facilities generally could result in interruptions in our service.Interruptions in our service may reduce our revenue, cause us to issue credits or pay penalties, cause customers to terminate their on-demand services, and adversely affect our renewal rates and our ability to attract new customers.The success of our products depends upon effective operation with operating systems, devices, networks, and standards that we do not control and on our continued relationships with mobile operating system providers and device manufacturers.Changes in our products or to those operating systems, devices, networks, or standards, or interference with those relationships may seriously harm our customers' ability to retain or attract new users and may harm our revenue and growth.",N/A
"Mortgage Banking is a  significant operating segment of the Company.With the elevated level of inflation during 2023, the FOMC continued its more  aggressive and hawkish approach to its monetary policies.Included in its actions since early 2022 have been raising the FFTR  multiple times, ending its quantitative easing program of buying certain types of bonds in the open market, and implementing a  quantitative tightening program by reducing the size of its balance sheet and selling certain types of bonds in the market.The FOMC's continuance of these actions caused market interest rates for treasury bonds and mortgages to remain elevated during  2023.With the higher mortgage rates, mortgage refinance activity remained low during 2023, and as a result, mortgage origination  volume remained low.",N/A
"We are making a significant investment by expanding our CDMO service offering into the development and manufacture of viral vectors which will subject us to a number of risks and uncertainties that could adversely affect our operations and financial results.Our expansion of our CDMO service offering into viral vector development and manufacturing services for the cell and gene therapy market involves a number of risks that could adversely affect our operations and financial results, including the following risks:· we may experience delays in the construction of the manufacturing facility, including delays in the receipt, installation and/or validation of necessary equipment; · we may experience significant cost overruns associated with the construction of the facility; · our entry into a new service offering may distract our executive teams' focus on our core mammalian cell culture operations; · we may be unable to timely hire qualified individuals to manage and our viral vector operations; and · we may experience delays and other challenges engaging viral vector customers due to our lack of operating experience in the viral vector market.In addition to the foregoing, we have commenced a service offering that is currently dominated by a small number of larger organizations with established viral vector operations and significantly greater financial resources with whom we may experience difficulties in competing for talent and customers.If we are unable to manage these risks, our business and operating results could be materially harmed.",N/A
"Our business could be harmed in the event of difficulties with our unionized workforce, including the effects of a prolonged work stoppage.Our insurance coverage, customer indemnifications or other liability protections may be unavailable or inadequate to cover all of our significant risks or our insurers may deny coverage of or be unable to pay for material losses we incur, which could adversely affect our business, financial condition and results of operations.We have unfunded obligations under our pension plans, and we use estimates in accounting for our pension plans and changes in our estimates could adversely affect our financial condition and results of operations.• Changes to financial accounting standards may affect our results of operations and cause us to change our business practices.• Acquisitions could result in operating difficulties, dilution and other harmful consequences.",N/A
"We expect our expenses to increase in connection with our ongoing activities, particularly as we progress and complete our  two Phase 2 clinical trials of KER-050, one in patients with MDS and one in patients with myelofibrosis, our Phase 2 clinical  46 trial of KER-012 in patients with PAH, our open-label Phase 2 biomarker clinical trial of KER-012 and our Phase 1 clinical trial  of KER-065 in healthy volunteers, and continue to research, develop and initiate clinical trials of any other future product  candidates.In addition, if we obtain regulatory approval for any of our product candidates, we expect to incur significant  commercialization expenses related to product manufacturing, marketing, sales and distribution.Furthermore, we expect to  incur additional costs associated with operating as a public company.Accordingly, we will need to obtain substantial  additional funding in connection with our continuing operations.If we are unable to raise capital when needed or on attractive  terms, we could be forced to delay, reduce or eliminate our product development programs or any future commercialization  efforts.",N/A
"The Company faces significant competition both in attracting deposits and in the origination of loans.Mortgage brokers, commercial banks, credit unions and other savings institutions, which have offices in  the Bank's market area have historically provided most of the Company's competition for deposits and  loans; however, the Company also competes with financial institutions, mutual funds, and securities firms   that operate through Internet banking operations throughout the United States.Many competitors have  substantially greater financial and other resources than the Company.Finally, credit unions do not pay  federal or state income taxes and are subject to fewer regulatory constraints than savings banks and as a  result, they may enjoy a competitive advantage over the Company.The Bank competes for loans  principally on the basis of the interest rates and loan fees it charges, the types of loans it originates and the  quality of services it provides to borrowers.",N/A
"We face intense competition across all markets for our services, which may lead to lower revenue or operating margins.Our targeted customer base is diverse, and we face a challenge in meeting each group's needs. Providing specialized Gig Economy oriented staffing management products and services is an emerging yet competitive business, and many of our competitors have greater resources that may enable them to compete more effectively.We have claims and lawsuits against us that may result in adverse outcomes.We have identified material weaknesses in our internal control over financial reporting.",N/A
"Following are our principal online transactional channels:We believe that we will continue to enhance our primary transactional website to  optimize the platform for the online mobile consumer – whether shopping on a computer at home or a  mobile device – and to improve our customers' experiences.Programs such as free shipping, a 30-day  returns policy, and an enhanced and personalized shopping experience have been and will continue to be  improved and rolled out over time.With data collected through web analytics and through user surveys  that reveal how consumers use the site, we are in a continual state of optimizing the buying experience,  thereby making it easier for shoppers to browse, sort, and compare.Where possible, we utilize these data  to inform the selection of new, innovative technologies to further enhance our users' experience,  including technologies provided by such partners as Amazon Pay, Affirm, Inc., and PayPal Holdings,  Inc., or PayPal, for financing purchases, Braintree, a service of PayPal, for ease of transfer, and Flow  Commerce, Inc., or Flow, which is a company that specializes in facilitating cross-border global trade and  e-commerce services.",N/A
"Our premiums under MA plans are based on bids submitted to CMS in June the year before the contract year.Although we base our MA plan bids on our estimates of future medical costs over the fixed contract period, many factors may cause actual costs to exceed the costs estimated and reflected in premiums or bids.These factors may include medical cost inflation; increased use of services; increased cost of individual services; large-scale medical emergencies; the introduction of new or costly drugs, treatments and technology; new treatment guidelines; new mandated benefits (such as the expansion of essential benefits coverage) or other regulatory changes; and insured population characteristics.While we believe Clover Assistant may enable us to make better predictions regarding future medical costs, there can be no assurance that better predictions will be made or that we would be able to realize the benefits of those predictions.Our MA and Medicare Part D plans are also subject to risks associated with increased medical or pharmaceutical costs.",N/A
"The Centers for Disease Control and Prevention (“CDC”) estimates that the annual impact of antibiotic-resistant infections on the United States economy is $20–$35 billion in direct health care costs.The challenges posed by bacteria resistant to antibiotics include Gram-positive and Gram-negative pathogens.New antibiotics are needed for infections caused by Gram-positive and atypical bacteria.For example, NTM pulmonary infection that occurs through inhalation of mycobacteria from environmental sources, especially in water and soil, may cause a chronic and progressive pulmonary disease.The estimated total NTM pulmonary disease prevalence in the United States, Europe and Japan is approximately 245,000 diagnosed patients, with approximately 95,000 of these diagnosed patients in the United States.",N/A
"We are subject to a number of risks and challenges that relate to our global operations, decentralization,  and complexity including, among others:  • difficulty managing operations in, and communications among, multiple businesses, locations, and time  zones  • challenges of ensuring speed, nimbleness, and entrepreneurialism in a large and complex organization • difficulty complying with multiple tax laws, treaties, and regulations and limiting our exposure to onerous or  unanticipated taxes, duties, tariffs, and other costs  • our failure to maintain sufficient financial and operational controls and systems to manage our decentralized  businesses and comply with our obligations as a public company  • the challenge of complying with disparate laws in multiple countries, such as local regulations that may  impair our ability to conduct our business as planned, protectionist laws that favor local businesses, and  restrictions imposed by local labor laws 14 • the challenge of maintaining management's focus on our strategic and operational priorities and minimizing  lower priority distractions • disruptions caused by political and social instability and war that may occur in some countries  • exposure to corrupt business practices that may be common in some countries or in some sales channels  and markets, such as bribery or the willful infringement of intellectual property rights  • difficulty repatriating cash from some countries  • difficulty importing and exporting our products across country borders and difficulty complying with customs  regulations in the many countries where we sell products  • disruptions or cessation of important components of our international supply chain • failure of local laws to provide a sufficient degree of protection against infringement of our intellectual  propertyIn addition, we are exposed to fluctuations in currency exchange rates that may impact items such as the  translation of our revenue and expenses, remeasurement of our intercompany balances, and the value of our cash  and cash equivalents and other assets and liabilities denominated in currencies other than the U.S. dollar, our  reporting currency.The hedging activities we engage in may not mitigate the net impact of currency exchange rate  fluctuations, and our financial results may differ materially from expectations as a result of such fluctuations.Failure to protect our information systems and the confidential information of our customers, employees,  and business partners against security breaches or thefts could damage our reputation and brands, subject  us to litigation and enforcement actions, and substantially harm our business and results of operations.Our business involves the receipt, storage, and transmission of customers' personal and payment  information, as well as confidential information about our business, employees, suppliers, and business partners,  some of which is entrusted to third-party service providers, partners, and vendors.",N/A
"Our software business, which we have operated for over 30 years, is our predominant  operational focus, providing cash flows and enabling us to pursue our bitcoin strategy.We believe that the combination of our operating  structure, bitcoin strategy and focus on technology innovation differentiates us in the digital assets industry.Our bitcoin strategy includes (i) acquiring bitcoin using cash flows from operations and proceeds from equity and debt financings, (ii)  developing product innovations that leverage Bitcoin blockchain technology, and (iii) periodically engaging in advocacy and educational  activities regarding the continued acceptance and value of bitcoin as an open, secure protocol for an internet-native digital asset and the  Lightning Network.Bitcoin Acquisition StrategyWe believe that bitcoin is an attractive asset because it can serve as a store of value, supported by a robust and public open-source  architecture, that is untethered to sovereign monetary policy.",N/A
"Our revenues will also be substantially impacted by the prevailing prices for boric  acid and its derivatives, lithium carbonate, HCl, SOP and gypsum, to the extent that these products can be  successfully extracted.At the present time, a recovery process for lithium has not been field tested and will likely  not be addressed until recovery of boric acid is operational.Furthermore, preliminary work regarding the  recovery of SOP has been completed, but a determination has not been made as to whether or when SOP  production will be included in the planned operations at the Project.For the products that we aim to successfully  produce in the future, market prices are dictated by supply and demand, and we cannot predict or control the  price we will receive for boric acid and its derivatives, lithium carbonate, HCl, SOP and gypsum.Although  management has identified currently favorable market conditions concerning the supply and demand of boric  acid, boron advanced materials and lithium carbonate, future market conditions may be significantly less  favorable as a result of numerous factors, including many that are beyond the scope of our control.",N/A
"In addition, our use of sushi robots, vinegar mixing machines, and automatic rice washers in our kitchens  eliminates the need for highly trained and expensive sushi chefs.The proprietary technology deployed in our kitchens allows us to collect  real-time data on food consumption and guest preferences which we analyze to further optimize our restaurants and enhance the dining  experience; and • Flexible Real Estate:We have a flexible restaurant model which has allowed us to open restaurants as small as 1,600 square feet and as large  as 7,920 square feet.We believe this allows us to maximize our sales per square foot.Our Growth Strategies Pursue New Restaurant Development.",N/A
"Our products are complex and could have unknown defects or errors, which may increase our costs, harm our  reputation with customers, give rise to costly litigation, or divert our resources from other purposes.Due to the volatile and flammable nature of certain components of our products and equipment, fires or explosions  may disrupt our business or cause significant injuries, which could adversely affect our financial results.Our margins and operating results may suffer if we experience unfavorable changes in the proportion of cost-plus-fee  or fixed-price contracts in our total contract mix.We have incurred and may continue to incur goodwill impairment charges in our reporting entities, which could harm  our profitability.Our ability to utilize our net operating loss carryforwards and certain other tax attributes may be limited.",N/A
"We believe that our collaborative platform is unique and necessary, especially given the early nature of the Immersive technology industry.By offering technologies and solutions in various industry segments, we aim to reduce dependency on any one single subsidiary company, technology or industry segment.We believe that three core tenets enhance our probability of success: (1) our ecosystem of Immersive technology companies, (2) diversification and (3) profitable growth.(1) Our ecosystem of Immersive technology software and service companies provides significant benefits to each subsidiary company and our group as a whole.We believe that the most notable benefits are: (a) economies of scale, cost efficiencies and reduced redundancies; (b) cross company collaboration, deep domain expertise, IP and knowledge transfer; (c) superior product offerings; (d) faster time to market; (e) enhanced business development and sales synergies; and (f) multiple monetization paths.",N/A
"Our customers come first, and it is our job to go above-and-beyond.●Make it Fun. Make it Fresh.We encourage a healthy, energetic atmosphere for our customers, friends and family.We believe these core values represent the emotional connection that our customers and associates have with Citi Trends and are integral to the successful achievement of our long-term growth plans.We believe that a diverse and inclusive team is critical to our success.",N/A
"6 PART I Item 1. Business Our Company FTAI Infrastructure Inc. (“we”, “us”, “our”, or the “Company”) is in the business of acquiring, developing and operating assets and businesses that represent critical infrastructure for customers in the transportation, energy and industrial products industries.We were formed on December 13, 2021 as FTAI Infrastructure LLC, a Delaware limited liability company and subsidiary of FTAI Aviation Ltd. (previously Fortress Transportation and Infrastructure Investors LLC; “FTAI” or “Former Parent”).In connection with the spin-off, FTAI Infrastructure LLC converted into FTAI Infrastructure Inc., a Delaware corporation, and acquired all of the material assets and investments that comprised FTAI's infrastructure business (“FTAI Infrastructure”).On August 1, 2022 (the “Spin-off Date”), FTAI distributed to the holders of FTAI common shares, one share of FTAI Infrastructure Inc. common stock for each FTAI common share held by such shareholder at the close of business on July 21, 2022 and we became an independent, publicly-traded company trading on The Nasdaq Global Select Market under the symbol “FIP.”Our operations consist of four primary business lines: (i) Railroad, (ii) Ports and Terminals, (iii) Power and Gas and (iv) Sustainability and Energy Transition.",N/A
"We may struggle to identify target markets, we may not be able to open our planned  new restaurants within budget or on a timely basis, and our new restaurants may not perform as well as anticipated.New restaurant success is  affected by several factors, many of which are beyond our control, including our ability to secure enough appropriate and attractive sites, and  complete construction in a timely and cost-efficient manner.We may open restaurants in geographic markets where we have little or no prior operating experience.Moreover, consumer recognition of our brand  has been important to the success of our existing restaurants, and our concept may have limited appeal in new markets.Restaurants in new markets  may take longer to reach expected sales and profit and may have higher construction, occupancy and operating costs than existing restaurants.",N/A
"Based on our current operating plans and  excluding any contribution from revenues or external financing, however, we believe that our existing cash and cash equivalents will not be sufficient to  fund our operating expenses and capital expenditure requirements for more than one year from the issuance of the consolidated financial statements for the  year ended December 31, 2023.Specifically, based on our current operating plans and excluding any contribution from revenues or external financing, we  believe these funds will be sufficient to fund our operating expenses and capital expenditure requirements into the fourth quarter of 2024.As a result, we  have determined that there is substantial doubt regarding our ability to continue as a going concern, and our independent registered public accounting firm  has included in its audit opinion for the year ended December 31, 2023, an explanatory paragraph about such substantial doubt regarding our ability to  continue as a going concern.The substantial doubt regarding our ability to continue as a going concern may adversely affect our stock price and our ability to raise capital  necessary to execute our current operating plans.If we are unable to obtain additional capital, we may not be able to continue our operations on the scope  or scale as currently conducted, and that could have a material adverse effect on our business, results of operations, financial condition, and ability to  operate as a going concern.",N/A
"In addition, terminations of relationships with other significant contractual counterparties, including licensors, could  adversely affect our portfolio, product sales, financial condition, and operating results.In addition, the financial condition of such customers, suppliers, and other significant contractual counterparties are affected in  large part by conditions and events that are beyond our control.Significant deterioration in the financial conditions of  significant customers or suppliers, or in other business relationships, could materially and adversely affect our product sales,  financial condition, and operating results.9 Maintaining, extending, and expanding our reputation and brand image are essential to our business success.We have many iconic brands with long-standing consumer recognition across the globe.",N/A
"While there are still periods of increased COVID-19 prevalence, the public health emergency declarations related to COVID-19 ended on May 11, 2023.The Company has seen a reduction in the prevalence of COVID-19 since the height of the pandemic, and the Company's revenues relating to the Company's COVID-19 testing products have declined, and it expects they will continue to decline in the future if the prevalence of COVID-19 remains low.Further, if the COVID-19 pandemic becomes a seasonal virus or experiences fluctuations in prevalence, the Company could experience fluctuations in its revenues associated with its InteliSwab® COVID-19 Rapid Tests.While there is still demand for COVID-19 testing products, there is no guarantee that current or anticipated demand will continue, or if demand does continue, that the ® ® ® ® ® ® ® 24 Table of Contents Company will be able to produce its InteliSwab® COVID-19 Rapid Test in quantities to meet the demand.A significant decline in demand for the InteliSwab  COVID-19 Rapid Test without a corresponding increase in the Company's other businesses could have a material, adverse effect on the Company's results of operations, cash flow and financial position.",N/A
"These definite-lived assets are tested for impairment whenever events or circumstances indicate that the carrying amount of  the asset may not be recoverable.The outcome of impairment testing could result in the write-down of all or a portion of the value of  these assets.A write-down of our assets would, in turn, reduce our earnings and net worth.In particular, if capacity requirements do not  necessitate the utilization of our leased Mexicali, Mexico facility and we are unsuccessful at subleasing the facility in the future the  carrying amount of the right of use asset associated with that lease may not be recoverable.A write-down of all or a portion of the value  of the Mexicali right of use asset could have a material impact on our earnings in the period of impairment.",N/A
"We will need to continue our efforts to raise additional funding, which may not be available on acceptable terms, or at all.Failure to obtain capital when needed may negatively impact our ability to continue as a going concern.Developing ddRNAi products is expensive, and we expect our research and development expenses to increase substantially in connection with our ongoing activities, particularly as we advance our product candidates in preclinical studies and clinical trials and as we undertake preclinical studies of new product candidates.On August 11, 2023 we closed an underwritten public offering in which we sold 875,949 shares of common stock, 15,126,226 pre-funded warrants to purchase 15,126,226 shares of common stock, and 16,002,175 common warrants to purchase up to 16,002,175 shares of common stock.The combined purchase price for each share of common stock and accompanying common warrant was $1.93, which was allocated as $1.9299 per share of common stock and $0.0001 per common warrant.",N/A
"Our operating strategy is to provide customers with the  financial sophistication and range of products of a regional bank, while successfully retaining the commercial appeal and level of  service of a community bank.Our priority is to continue to grow revenue in our existing markets with controlled expenses while providing five-star service through  enhanced technology and processes that make banking simpler for our clients.We have and will continue to invest in promoting new  and enhanced products that contribute to the goals of continuing to diversify our sources of revenue from both new and existing  clients.We also continue to evaluate future acquisition opportunities that have the potential to increase shareholder value, provided  overall economic conditions and our capital levels would support such a transaction.Additional information regarding the Company and the Bank is available at investors.hancockwhitney.com.",N/A
"We also depend on continued relationships with key partners that assist in obtaining and maintaining our  relationships with merchants.There is a risk that e-commerce platforms with which we partner (such as Shopify,  BigCommerce, WooCommerce, and Magneto) may limit or prevent Katapult from being offered as a payment  option at checkout.We also face the risk that our key partners could become competitors of our business.If our relationship with Wayfair or another key merchant deteriorates, they choose to no longer partner with us, or  choose to partner with a competitor, or their business is negatively impacted by one or more factors, our business,  results of operations, financial condition and prospects will be materially and adversely affected.If we are unable to attract additional merchant partners and retain and grow our relationships with our existing  merchant partners, our results of operations, financial condition, and prospects would be materially and  adversely affected.",N/A
"We may need to raise additional capital to fund commercialization plans for our products, including manufacturing, sales and  marketing activities, expand our investments in research and development, develop clinical evidence, and commercialize new  products and applications.Our operations have consumed substantial amounts of cash since inception.We expect to use our cash resources to develop and  further commercialize our products, develop new products, and for working capital and general corporate purposes.We may require  additional capital to further develop and commercialize our products and to develop new products.In addition, our operating plans  may change as a result of many factors that may currently be unknown to us, and we may need to seek additional funds sooner than  planned.",N/A
"These factors may also be exacerbated if, consistent with our growth strategy, our customer base continues  15 to grow to encompass larger enterprises, which may also require more sophisticated and costly sales efforts.If our customers do  not purchase additional subscriptions and products from us or our customers fail to renew their subscriptions, our revenue may  decline and our business, financial condition and results of operations may be harmed.If we are unable to attract new customers, our business, financial condition and results of operations will be adversely  affected.To increase our revenue, we must continue to attract new customers.Our success will depend to a substantial  extent on the widespread adoption of our platform and products as an alternative to existing solutions.",N/A
"Information contained on or accessible through our websites is neither a part of this Annual Report nor incorporated by reference herein, and any references to our website and the inclusion of our website address in this Annual Report are intended to be inactive textual references only.Available Information Under the Exchange Act, the Company is required to file annual, quarterly and current reports, proxy and information statements and other information with the Securities and Exchange Commission (“SEC”).The SEC maintains a web site at http://www.sec.gov that contains reports, proxy and information statements, and other information regarding issuers that file electronically with the SEC, including us.The Company also makes available, free of charge, through its internet web site at http://www.climbglobalsolutions.com, its reports on Forms 10-K, 10-Q and 8-K, and amendments to those reports, as soon as reasonably practicable after they are filed with the SEC.The information contained on, or otherwise accessible through, our website is not part of, or incorporated by reference into, this Annual Report.",N/A
"The proposed Merger may not be completed within the expected timeframe, or at all, as a result of various factors and conditions, some of which may be beyond our control.If the Merger is not completed for any reason, our stockholders will not receive any payment for their shares of our common stock in connection with the Merger.Instead, we will remain a public company, our common stock will continue to be listed and traded on Nasdaq and registered under the Exchange Act of 1934, as amended, and we will be required to continue to file periodic reports with the SEC.Moreover, our ongoing business may be materially adversely affected, and we would be subject to a number of risks, including the following: ● we may experience negative reactions from the financial markets, including negative impacts on our stock price, and it is uncertain when, if ever, the price of the shares would return to the prices at which the shares currently trade; ● we may experience negative publicity, which could have an adverse effect on our ongoing operations including, but not limited to, retaining and attracting employees, customers, partners, suppliers and others with whom we do business; ● we will still be required to pay certain significant costs relating to the Merger, such as legal, accounting, financial advisory, printing and other professional services fees, which may relate to activities that we would not have undertaken other than in connection with the Merger; ● we may be required to pay a cash termination fee to Parent, as required under the Merger Agreement under certain circumstances; ● while the Merger Agreement is in effect, we are subject to restrictions on our business activities, including, among other things, restrictions on our ability to engage in certain kinds of material transactions, which could prevent us from pursuing strategic business opportunities, taking actions with respect to our business that we may consider advantageous and responding effectively and/or timely to competitive pressures and industry developments, and may as a result materially adversely affect our business, results of operations and financial condition; ● our Credit Agreement, with respect to the revolving credit facility only, requires us to comply with specified financial ratios, including a financial covenant based on a maximum Consolidated First Lien Leverage Ratio.If the proposed Merger is not completed by August 1, 2025, the increase in the maximum Consolidated First Lien Leverage Ratio as permitted in the Fifth Amendment to the Credit Agreement to provide interim financial covenant relief will end and the maximum Consolidated First Lien Leverage Ratio will revert to the levels set forth in the Credit Agreement.",N/A
"We may also experience delays in developing a  sustainable, reproducible and scalable manufacturing process or transferring that process to commercial partners, which may prevent us from completing  our future clinical studies or commercializing our products on a timely or profitable basis, if at all.In addition, our expectations with regard to the  advantages of an allogeneic gamma delta T cell therapy platform relative to other therapies may not materialize or materialize to the  39Further, our scalability and costs of manufacturing may vary significantly as we develop our product candidates and understand these  critical factors.In addition, the clinical study requirements of the FDA, the European Medicines Agency (EMA) and other regulatory agencies and the criteria these  regulators use to determine the safety and efficacy of a product candidate are determined according to the type, complexity, novelty and intended use and  market of the potential products.The regulatory approval process for novel product candidates such as ours can be more complex and consequently more  expensive and take longer than for other, better known or extensively studied pharmaceutical or other product candidates.",N/A
"Any deterioration in our reputation could have a material adverse effect on our business, results of operations and  cash flows.Our reputation could be negatively impacted by our failure to deliver the superior design and customer service for  which we are known or by events that are beyond our control.Our reputation may also suffer as a result of negative publicity  regarding the Company or our resorts, including as a result of social media reports, regardless of the accuracy of such  publicity.The continued expansion of media and social media formats has compounded the potential scope of negative  publicity and has made it more difficult to control and effectively manage negative publicity.We are entirely dependent on a limited number of resorts for all of our cash flow, which subjects us to greater risks than  a gaming company with more operating properties.",N/A
"• we may fail or be delayed in reaching agreement on acceptable terms with prospective contract research organizations (“CROs""), and clinical  trial sites, the terms of which can be subject to extensive negotiation and may vary significantly among different CROs and clinical trial sites;  • we may be unable to add or be delayed in adding a sufficient number of clinical trial sites and obtaining institutional review board (“IRB""), or  REC approval at each clinical trial site;  • preclinical studies or clinical trials of our product candidates may fail to show safety or efficacy or otherwise produce negative or  inconclusive results, and we may decide, or regulators may require us, to conduct additional preclinical studies or clinical trials or abandon  our research efforts for our other product candidates;  • preclinical studies or clinical trials of our product candidates may not produce differentiated or clinically significant results across tumor  types or indications;  • the number of patients required for clinical trials of our product candidates may be larger than we anticipate, enrollment in these clinical trials  may be slower than we anticipate or participants may drop out of our clinical trials or fail to return for post-treatment follow-up at a higher  rate than we anticipate;  • our third-party contractors may fail to comply with regulatory requirements, fail to maintain adequate quality controls or be unable to provide  us with sufficient product supply to conduct and complete preclinical studies or clinical trials of our product candidates in a timely manner, or  at all;  • we or our investigators might have to suspend or terminate clinical trials of our product candidates for various reasons, including non- compliance with regulatory requirements, a finding that our product candidates have undesirable side effects or other unexpected  characteristics or a finding that the participants are being exposed to unacceptable health risks;  • the cost of clinical trials of our product candidates may be greater than we anticipate, for example, if we experience delays or challenges in  identifying patients with the mutations required for our clinical trials, we may have to reimburse sites for genetic sequencing costs in order to  encourage sequencing of additional patients;  • clinical trial sites may deviate from the clinical trial protocol or drop out of a clinical trial;  • we may be unable to obtain or be delayed in obtaining sufficient product supply of a product candidate for use in preclinical studies or  clinical trials from third-party suppliers;  • the quality of our product candidates or other materials necessary to conduct preclinical studies or clinical trials of our product candidates  may be insufficient or inadequate, and any transfer of manufacturing activities may require unforeseen manufacturing or formulation  changes;  • reports from clinical testing of other therapies may raise safety or efficacy concerns about our product candidates;  • regulators may revise the requirements for approving our product candidates, or such requirements may not be as we anticipate; and  • collaborators may conduct clinical trials in ways they view as advantageous to them but that are suboptimal for us.If we are required to conduct additional preclinical studies or clinical trials or other testing of our product candidates beyond those that we currently  contemplate, if we are unable to successfully complete clinical trials of our product candidates or other testing, if the results of these studies, trials or tests  are not positive or are only moderately positive or if there are safety concerns, our business and results of operations may be adversely affected and we may  incur significant additional costs.We could also encounter delays if a clinical trial is suspended or terminated by us, by the IRBs, or RECs of the institutions in which such clinical  trials are being conducted, by the data safety monitoring board, if any, for such clinical trial or by the FDA or other regulatory authorities.Such authorities  may suspend, place on clinical hold, or terminate a clinical trial due to a number of factors, including failure to conduct the clinical trial in accordance with  regulatory requirements or our clinical trial protocols, inspection of the clinical trial operations or trial site by the FDA or other regulatory authorities,  unforeseen safety issues or adverse side effects, failure to demonstrate a benefit from the product candidates, changes in governmental regulations or  administrative actions or lack of adequate funding to continue the clinical trial.We are early in our development efforts and are substantially dependent on our lead product candidates.",N/A
"The statutes governing our money transmitter licenses subject us to routine examinations from the regulatory agencies overseeing these licenses.If these examinations reveal violations of the money transmitter license and those violations cannot be remediated, we may be subject to civil and criminal fines and penalties and we could lose our license to provide our services in those jurisdictions, all of which could have a material adverse effect on our business.Further, should states or jurisdictions where we are not licensed or pursuing licenses determine that that we are a money service business or money transmitter, we could be subject to civil and criminal fines, penalties, registration fees, cost of surety bonds or other security, reputational damage and other negative consequences that may have an adverse effect on our financial condition.We have acquired and plan to continue to acquire from time to time our Reseller Partners' businesses that have licensed our proprietary software either through stock acquisition or through an asset purchase of their client service agreements and related assets.These acquisitions could prove difficult to integrate, result in unknown or unforeseen liabilities, disrupt our business, dilute stockholder value and ownership and adversely affect our operating results and financial condition.",N/A
